-22,44,4,86,14,-2,26,25,36
-21,45,4,82,25,0,25,23,37
-20,46,5,78,26,0,25,20,37
-18,46,5,64,24,2,25,17,35
-17,46,5,55,19,0,27,15,33
-15,47,5,49,15,-5,28,16,31
-15,47,5,38,9,-13,30,19,31
-14,47,5,31,9,-17,30,18,32
-14,47,5,26,10,-21,30,18,32
-14,48,5,24,12,-23,31,18,32
-13,48,5,26,14,-24,31,16,32
-14,48,5,31,16,-25,31,17,31
-16,47,5,36,15,-27,31,17,31
-16,47,5,46,16,-29,32,18,32
-16,46,5,55,15,-34,34,19,31
-16,47,5,62,17,-37,32,22,32
-16,46,5,63,15,-35,33,20,33
-17,46,5,70,5,-32,31,15,35
-17,46,5,89,-20,-8,24,16,36
-18,46,5,92,-25,-8,20,18,38
-18,46,4,82,-26,-14,22,18,37
-18,46,4,71,-31,-17,26,17,36
-18,46,4,58,-27,-21,29,15,35
-18,46,4,54,-26,-23,30,16,35
-17,46,4,46,-21,-28,30,16,34
-16,47,5,41,-16,-29,31,14,32
-15,47,5,36,-13,-31,31,14,32
-15,47,5,29,-11,-31,31,15,32
-15,46,5,26,-10,-31,31,17,32
-15,47,5,30,-2,-36,32,17,30
-16,46,5,30,-5,-34,34,17,31
-17,46,5,42,0,-22,34,19,32
-18,45,4,57,9,-18,37,20,29
-20,44,4,78,19,-11,34,19,33
-21,46,5,76,21,0,30,22,34
-22,46,5,76,18,0,27,23,36
-21,45,5,77,20,6,24,21,37
-20,46,5,67,19,6,24,18,35
-20,45,5,52,13,1,25,17,34
-19,45,4,44,10,-2,29,18,32
-17,46,4,37,7,-7,31,18,32
-17,46,4,30,4,-12,30,18,32
-16,46,5,29,3,-14,29,17,33
-14,48,5,27,6,-19,28,17,35
-13,48,6,30,5,-22,27,17,33
-14,47,6,34,1,-22,28,19,33
-14,47,6,39,-3,-22,30,21,33
-15,47,6,48,-15,-16,31,19,31
-16,46,6,63,-39,-4,30,19,30
-16,47,5,66,-55,-7,29,17,35
-16,47,4,74,-64,-6,28,14,37
-17,48,4,71,-61,-9,27,14,37
-19,46,3,62,-53,-14,27,16,37
-17,46,3,56,-41,-16,27,17,37
-17,47,3,51,-32,-16,29,17,35
-16,46,4,45,-22,-18,29,17,35
-15,47,5,37,-17,-20,28,19,35
-14,47,5,29,-16,-17,27,17,34
-14,47,5,23,-16,-18,26,17,34
-15,47,6,11,-19,-21,28,17,34
-15,46,6,9,-20,-23,29,17,34
-16,46,5,9,-17,-25,28,15,33
-17,46,5,16,-22,-26,27,16,32
-17,46,5,21,-25,-25,30,16,31
-17,46,5,37,-24,-3,32,12,29
-18,45,5,55,-20,-1,34,12,30
-19,45,4,87,-17,0,37,18,32
-19,45,4,91,-12,6,32,20,36
-20,46,4,87,-6,10,30,21,37
-19,46,5,85,4,9,25,25,39
-16,47,5,82,8,12,25,25,37
-16,46,5,68,19,10,24,21,36
-19,46,5,55,21,8,26,20,33
-21,45,4,41,16,1,26,19,32
-22,44,3,33,15,-1,26,17,30
-22,44,3,29,14,-5,27,16,31
-22,44,3,25,12,-12,29,16,34
-23,44,2,25,11,-15,30,18,33
-23,44,2,30,5,-24,31,19,33
-24,44,2,37,-3,-27,31,20,33
-24,44,3,53,-17,-19,30,20,32
-22,44,5,63,-26,-19,31,20,34
-21,44,4,64,-43,-13,30,18,34
-19,46,5,81,-59,-7,28,19,33
-19,46,5,75,-62,-10,28,19,35
-18,46,4,62,-63,-18,28,17,36
-13,48,5,53,-54,-21,30,17,35
-11,48,6,48,-42,-23,31,18,35
-10,49,7,44,-35,-25,30,17,35
-8,50,7,35,-28,-26,27,17,34
-9,49,7,29,-18,-25,26,17,33
-12,49,6,23,-16,-24,25,17,33
-13,48,5,15,-11,-26,26,17,33
-15,47,5,14,-5,-25,28,18,33
-15,47,5,12,0,-27,29,17,32
-16,46,5,16,-3,-30,31,17,32
-16,46,5,22,-7,-32,30,16,33
-17,47,5,39,-16,-12,32,15,29
-17,46,5,59,-20,-6,34,16,32
-18,46,5,78,-25,11,29,19,37
-17,47,4,83,-21,23,27,19,35
-18,46,4,96,-3,18,25,21,38
-19,46,4,92,9,13,24,26,37
-18,46,5,77,12,10,25,25,35
-18,46,6,58,17,7,28,21,35
-17,46,6,53,11,5,26,18,35
-16,46,6,45,4,-5,25,17,34
-15,46,6,39,5,-10,24,16,33
-14,47,7,37,-2,-15,25,16,34
-13,47,7,35,-1,-19,28,17,34
-13,47,7,25,7,-23,30,20,34
-15,47,6,37,-3,-25,30,21,34
-15,47,6,39,-8,-21,29,20,33
-16,46,6,44,-10,-19,29,19,31
-17,46,5,50,-25,-12,29,20,32
-17,46,5,57,-46,-8,26,18,35
-17,46,5,66,-60,0,23,16,37
-17,47,5,67,-67,0,24,15,36
-17,47,5,55,-62,-14,23,16,39
-16,46,5,48,-56,-20,24,17,38
-17,47,5,43,-42,-22,29,17,35
-16,47,5,37,-34,-23,30,17,35
-14,48,6,30,-23,-25,28,16,34
-14,47,5,26,-21,-24,28,16,34
-16,47,5,23,-17,-22,28,17,33
-16,46,5,17,-14,-21,29,16,33
-16,47,5,15,-12,-22,30,15,32
-17,46,5,17,-13,-22,30,17,32
-17,46,5,18,-17,-25,30,16,31
-17,46,6,31,-21,-20,30,15,33
-17,45,5,42,-18,-14,32,16,32
-19,46,5,57,-28,-4,31,16,33
-20,46,5,73,-28,8,28,18,33
-20,44,4,84,-13,12,30,23,34
-21,46,4,92,2,8,30,24,35
-22,45,4,85,7,5,27,26,37
-21,45,4,73,17,4,28,25,37
-20,46,4,65,17,3,28,22,35
-18,46,4,50,9,1,27,21,32
-17,46,5,42,7,-3,28,19,31
-15,46,6,36,7,-7,30,16,30
-15,47,6,29,9,-11,31,16,30
-14,47,6,28,9,-14,33,17,30
-14,47,6,32,4,-20,34,18,29
-16,47,6,35,-1,-21,35,19,30
-16,47,5,39,-3,-21,33,18,30
-16,46,5,55,-6,-16,33,19,29
-17,46,4,62,-25,-8,32,17,31
-17,47,4,75,-49,-6,27,16,33
-17,46,4,71,-50,-14,24,19,39
-17,47,3,57,-59,-20,25,21,39
-17,47,3,49,-57,-23,26,19,37
-16,46,4,38,-50,-23,26,19,35
-15,48,5,34,-41,-25,29,19,32
-14,47,6,30,-37,-26,30,16,32
-15,47,5,26,-31,-25,28,14,31
-15,48,5,26,-26,-25,29,15,32
-15,47,5,23,-28,-28,31,16,32
-15,46,4,19,-26,-27,30,17,32
-17,46,4,21,-18,-25,30,18,32
-17,46,4,25,-19,-23,31,18,31
-17,46,5,25,-20,-20,31,17,32
-18,46,4,36,-12,-15,35,19,30
-18,46,5,44,-5,-5,37,17,28
-17,46,5,62,2,1,33,17,31
-18,46,5,74,7,3,33,21,32
-17,46,5,75,11,4,31,22,34
-19,46,5,71,17,6,30,23,34
-18,46,4,67,24,9,29,22,34
-18,46,4,64,14,9,28,21,34
-17,46,4,60,7,7,28,20,33
-16,46,4,49,7,1,28,18,32
-16,47,5,42,7,-1,29,18,31
-15,47,5,34,7,-6,32,16,30
-14,47,5,29,6,-9,33,16,31
-14,47,5,26,8,-10,34,17,29
-15,48,5,30,10,-16,36,17,30
-15,47,4,36,9,-18,36,17,31
-16,46,4,47,1,-22,36,19,31
-16,46,4,54,-2,-21,36,20,30
-16,47,5,66,-5,-23,38,17,27
-16,47,4,76,-20,-24,36,16,34
-17,48,3,84,-49,-20,26,16,37
-16,46,4,80,-72,-17,22,17,36
-16,47,4,66,-62,-18,24,18,37
-17,46,4,60,-57,-17,25,19,36
-18,46,4,51,-45,-16,28,16,34
-18,46,4,48,-36,-18,30,14,34
-17,47,4,43,-29,-19,31,13,34
-16,46,4,38,-28,-20,30,12,34
-15,47,5,27,-21,-21,30,12,32
-15,47,5,21,-11,-23,31,12,32
-13,47,5,18,-3,-25,32,13,31
-14,47,5,17,2,-24,32,13,30
-15,46,5,18,-1,-27,32,14,31
-15,47,5,23,-2,-27,35,14,31
-15,46,5,35,1,-18,34,14,32
-16,46,5,55,0,-6,34,15,30
-18,46,5,64,5,0,35,16,31
-19,46,5,75,14,7,31,17,33
-20,45,4,80,17,7,30,20,33
-21,46,4,87,25,10,28,23,36
-21,46,4,83,25,9,25,23,38
-19,46,4,74,23,11,26,20,37
-19,46,4,62,20,7,27,17,34
-19,46,3,51,16,1,28,17,32
-17,46,4,38,11,-9,30,16,31
-17,46,4,34,11,-14,32,16,30
-16,46,5,31,8,-21,33,17,31
-17,46,5,30,6,-25,32,17,31
-16,46,5,33,5,-28,31,17,32
-16,47,5,36,0,-36,33,18,34
-17,46,4,41,-8,-37,33,20,33
-18,47,5,51,-17,-28,30,17,32
-18,45,4,59,-30,-25,31,16,33
-17,46,5,72,-50,-17,27,15,35
-18,46,4,76,-51,-13,25,14,36
-19,46,4,71,-50,-14,27,17,37
-19,46,4,64,-48,-17,28,18,36
-19,46,4,62,-41,-18,28,16,35
-18,46,4,50,-32,-24,29,17,34
-17,46,4,43,-25,-28,31,17,33
-17,46,4,34,-17,-27,31,16,33
-16,46,5,28,-14,-25,31,16,32
-17,46,5,25,-11,-24,32,15,31
-17,46,5,21,-8,-26,32,15,31
-17,46,5,21,-5,-28,32,15,31
-17,46,5,23,-7,-30,33,15,30
-18,46,5,28,-7,-28,32,15,33
-19,46,4,43,-7,-17,32,15,33
-20,44,3,56,-4,-11,32,16,30
-21,44,4,70,-4,-8,31,17,34
-21,46,4,80,2,-1,29,20,35
-21,45,4,79,9,0,28,22,35
-21,45,3,78,17,2,27,22,36
-20,46,3,73,17,1,26,20,36
-20,46,4,60,14,0,28,19,35
-19,45,4,52,13,-3,29,18,32
-17,46,3,46,8,-6,29,17,32
-16,46,5,36,3,-12,30,16,32
-14,47,5,32,7,-16,30,17,32
-14,47,5,30,13,-20,31,18,32
-14,47,5,30,11,-21,32,18,32
-14,48,5,34,9,-25,31,19,33
-14,47,5,39,5,-25,31,18,31
-16,47,5,46,-3,-25,32,17,31
-17,47,5,56,-14,-27,30,18,33
-16,46,4,66,-23,-24,29,19,35
-16,48,5,72,-39,-22,28,19,37
-15,47,5,75,-46,-20,25,20,37
-15,47,4,67,-47,-19,25,17,36
-16,46,4,60,-50,-20,25,17,35
-16,47,4,49,-42,-23,28,18,34
-17,46,4,44,-31,-23,30,17,33
-16,47,4,39,-32,-22,30,15,33
-14,47,5,39,-25,-23,29,15,33
-13,48,5,35,-22,-23,28,16,34
-13,47,5,25,-14,-25,28,17,34
-14,47,5,18,-12,-24,28,18,33
-15,47,5,18,-4,-24,28,20,33
-15,47,4,19,0,-28,30,19,32
-16,47,4,28,-3,-23,33,17,30
-16,46,5,47,-2,-24,34,17,29
-17,46,5,58,1,-26,34,18,31
-19,46,4,76,23,-10,33,18,33
-20,46,4,74,20,0,29,21,35
-21,45,4,74,14,2,25,22,37
-20,46,4,78,16,1,22,20,37
-19,46,4,74,17,3,24,20,37
-18,46,3,60,13,0,26,19,35
-16,46,4,47,7,-3,29,17,33
-15,47,5,37,5,-8,30,16,32
-15,47,5,35,5,-12,30,17,32
-16,47,5,33,7,-15,30,17,32
-16,47,5,30,6,-21,32,17,32
-16,47,4,30,3,-24,31,16,33
-16,46,5,34,1,-26,31,16,33
-17,46,4,37,-1,-27,31,16,31
-18,46,4,44,-7,-30,30,17,32
-18,46,4,51,-9,-30,32,19,33
-18,46,4,58,-16,-37,30,17,36
-17,46,5,65,-43,-33,26,18,37
-17,46,4,66,-44,-24,25,17,36
-17,46,3,63,-41,-17,25,16,36
-18,46,4,61,-36,-19,27,16,35
-18,46,4,53,-30,-22,29,17,35
-19,46,3,51,-23,-21,29,17,34
-19,46,3,46,-21,-19,28,18,34
-19,46,3,41,-21,-18,28,18,33
-16,46,5,37,-17,-20,27,17,34
-15,47,5,31,-10,-20,27,18,35
-14,47,5,28,-8,-19,27,18,34
-14,47,5,29,-2,-25,28,19,33
-15,47,5,30,0,-27,29,18,32
-16,46,4,31,-4,-30,30,19,33
-16,46,4,33,-9,-27,29,20,33
-17,46,4,42,-10,-26,28,20,33
-17,46,4,60,-17,-16,30,20,35
-17,46,5,70,-10,-12,30,21,33
-17,46,5,82,5,-7,30,19,33
-22,45,4,86,10,-3,27,18,35
-22,45,3,75,11,-1,24,21,37
-21,45,3,73,17,-2,24,19,36
-21,46,3,67,21,-3,25,19,35
-19,46,3,57,21,-5,28,19,34
-17,46,4,47,17,-8,29,20,33
-16,46,4,36,13,-11,30,20,32
-15,47,5,33,10,-13,30,19,32
-14,47,5,32,11,-15,30,18,32
-14,47,5,27,9,-19,30,18,31
-16,47,5,27,7,-21,32,19,31
-16,47,5,30,3,-26,33,18,31
-17,46,4,35,1,-30,31,17,33
-19,46,3,40,-7,-32,32,17,32
-19,45,3,45,-11,-31,31,18,33
-19,46,3,50,-12,-29,31,18,32
-17,46,4,64,-27,-29,30,16,36
-17,46,4,72,-47,-23,27,17,36
-17,47,4,82,-53,-14,24,18,37
-18,46,3,72,-51,-19,24,17,37
-18,46,3,61,-39,-24,25,17,37
-18,46,3,57,-36,-27,28,17,35
-19,46,3,47,-31,-31,29,16,34
-17,46,3,37,-22,-33,30,15,33
-16,47,4,31,-16,-32,28,15,33
-15,46,5,25,-11,-32,29,15,32
-15,46,4,23,-8,-30,30,16,32
-17,46,4,19,-5,-29,31,19,33
-17,46,5,20,-3,-32,30,20,32
-16,46,4,27,-5,-29,30,19,33
-16,46,4,36,-7,-20,30,18,33
-18,46,4,49,-7,-11,29,16,32
-19,45,4,74,0,-3,29,17,33
-20,45,4,81,8,1,30,18,33
-21,45,4,77,14,0,28,19,35
-21,45,3,78,16,3,25,22,37
-20,46,3,68,14,4,25,21,37
-19,46,3,60,13,2,26,19,36
-19,46,3,54,11,0,27,18,34
-18,46,3,41,9,-7,28,18,33
-17,46,4,36,7,-9,29,18,31
-16,46,5,29,5,-14,30,17,32
-15,47,5,28,6,-16,30,18,32
-15,47,5,28,9,-19,32,19,31
-16,46,5,31,7,-23,33,19,31
-17,46,4,34,3,-27,32,19,32
-17,46,4,46,-1,-29,32,19,32
-17,46,4,44,-5,-35,32,19,33
-18,46,4,53,-13,-37,31,17,35
-18,46,4,63,-21,-32,27,16,35
-17,47,4,68,-33,-23,26,16,36
-17,46,4,77,-42,-10,23,19,36
-17,46,4,76,-40,-8,23,19,35
-17,46,4,63,-36,-17,25,19,35
-18,46,3,59,-26,-18,30,16,33
-18,46,4,55,-23,-21,30,15,34
-17,46,4,53,-22,-21,28,16,35
-17,47,3,45,-22,-21,27,15,35
-16,47,4,42,-18,-24,26,16,35
-16,47,4,35,-14,-25,27,17,34
-15,48,4,27,-9,-27,29,18,34
-17,46,4,27,-5,-25,30,19,33
-16,47,4,30,-3,-28,33,17,30
-16,46,4,31,-10,-30,33,17,32
-17,46,4,39,-7,-24,32,17,33
-18,46,4,48,-3,-19,32,16,32
-19,45,4,58,0,-14,32,17,32
-19,46,4,62,5,-8,30,20,32
-20,46,4,64,6,-11,27,20,35
-20,45,4,67,14,-12,26,20,36
-19,45,4,66,16,-10,25,18,37
-18,46,5,60,12,-5,25,18,37
-17,46,5,55,8,-3,26,19,34
-17,46,4,50,8,-5,28,17,33
-17,46,4,44,10,-10,29,17,32
-17,46,4,39,9,-13,30,17,32
-16,46,4,33,7,-20,31,17,32
-16,46,4,32,7,-23,32,18,32
-16,47,4,32,6,-26,33,17,31
-16,46,3,35,-3,-33,33,16,32
-17,46,3,41,-8,-35,32,17,34
-18,46,3,54,-21,-28,30,17,34
-18,46,4,66,-30,-22,28,15,36
-17,46,5,73,-37,-17,25,16,37
-15,47,5,68,-36,-17,25,17,37
-15,47,4,62,-33,-20,26,18,36
-16,47,4,54,-28,-24,28,18,35
-17,47,4,46,-26,-28,29,17,33
-17,46,5,42,-16,-28,30,16,33
-16,46,5,35,-16,-25,30,16,33
-16,47,5,29,-14,-24,29,17,34
-16,47,5,29,-12,-23,28,17,34
-16,47,4,29,-7,-22,28,17,33
-16,47,4,30,-8,-23,29,18,33
-16,47,5,31,-8,-24,29,17,32
-15,47,5,35,-8,-22,30,18,33
-16,47,5,41,-8,-21,31,17,31
-17,46,5,56,-4,-12,32,16,31
-18,46,4,67,0,-9,33,17,32
-20,46,3,73,4,-10,33,19,33
-21,45,3,71,7,-8,30,21,35
-22,45,3,67,11,-5,28,22,37
-22,45,3,61,16,-3,26,19,35
-20,45,3,56,17,-2,26,17,34
-19,46,4,50,16,-2,28,17,33
-17,46,4,45,13,-4,29,17,32
-16,47,5,37,10,-10,30,15,33
-16,46,5,35,8,-12,30,14,33
-15,47,5,37,8,-15,30,15,33
-15,47,5,35,5,-21,30,17,33
-17,46,4,33,5,-23,30,18,32
-17,46,4,42,4,-26,30,18,31
-17,46,5,44,-1,-28,32,19,30
-17,46,4,44,-10,-29,32,19,32
-17,46,4,56,-21,-27,31,19,33
-17,46,4,67,-30,-26,29,19,37
-17,46,4,71,-50,-19,28,18,35
-16,47,5,66,-48,-19,26,18,36
-16,47,5,62,-39,-19,26,19,36
-17,47,5,56,-41,-23,27,18,35
-17,46,4,48,-34,-28,29,18,33
-18,46,4,44,-29,-28,30,18,33
-18,46,4,40,-23,-30,30,17,33
-16,46,5,28,-16,-29,29,17,32
-15,46,5,22,-14,-28,30,17,32
-15,47,5,18,-7,-26,30,17,33
-15,47,5,17,-3,-26,29,17,32
-15,47,5,23,-3,-28,30,18,32
-16,46,4,28,-2,-27,30,19,32
-16,46,4,32,-7,-21,29,19,33
-17,47,4,44,-14,-12,29,19,33
-18,46,4,58,-14,-8,30,17,32
-18,46,3,81,-3,-2,32,19,32
-21,46,3,87,6,-5,31,21,34
-22,45,3,69,9,-6,32,24,34
-21,45,3,66,14,-5,31,22,34
-21,46,4,66,14,0,28,20,35
-19,46,4,58,7,0,26,19,33
-17,46,5,53,4,-4,27,18,32
-16,46,4,41,1,-9,28,18,32
-16,46,5,34,2,-14,28,18,32
-14,47,6,28,11,-17,30,19,32
-13,47,6,26,13,-20,32,20,32
-14,47,5,28,10,-23,32,19,32
-17,47,5,35,2,-28,30,17,31
-19,46,4,37,-7,-27,29,17,30
-17,46,4,45,-14,-32,28,19,33
-17,46,4,51,-27,-31,29,22,33
-16,47,5,64,-35,-30,30,21,32
-15,46,5,67,-35,-32,29,19,34
-16,47,5,64,-30,-33,29,18,35
-16,47,5,60,-32,-32,29,19,35
-16,47,4,59,-28,-29,29,21,34
-17,47,3,53,-25,-30,28,22,33
-17,46,4,50,-20,-32,28,22,32
-16,47,5,37,-13,-31,30,20,31
-16,46,5,33,-11,-30,30,19,31
-17,46,5,29,-9,-28,31,19,31
-17,46,5,25,-11,-25,32,19,31
-17,46,5,25,-10,-25,31,20,30
-17,46,5,25,-11,-23,31,19,30
-17,46,5,25,-12,-24,30,19,30
-17,46,5,32,-13,-17,30,19,31
-17,46,5,39,-12,-12,29,20,31
-17,46,5,49,-17,-8,32,19,30
-17,46,4,76,-12,-1,30,19,32
-19,45,4,85,-10,0,31,22,32
-21,46,4,79,0,1,32,23,33
-22,45,4,74,0,1,30,24,34
-19,46,5,67,3,1,30,21,33
-18,46,5,63,8,0,30,18,32
-18,46,5,56,10,0,30,18,31
-16,46,5,42,5,-5,32,19,30
-15,47,5,35,5,-8,33,19,29
-16,47,5,31,4,-10,32,19,29
-15,47,4,29,5,-13,33,19,30
-14,48,4,26,5,-16,33,19,29
-15,47,5,27,2,-19,33,19,29
-15,47,4,31,0,-22,34,19,29
-16,46,4,37,-9,-22,34,21,30
-18,46,3,45,-17,-21,35,20,29
-19,46,3,53,-36,-13,31,19,32
-19,46,3,65,-47,-3,30,18,33
-18,46,3,76,-53,-5,30,18,34
-19,46,4,65,-59,-12,30,20,32
-19,46,4,59,-50,-12,30,20,33
-19,46,4,51,-50,-15,30,19,32
-18,46,4,44,-49,-23,30,19,32
-18,46,4,37,-38,-28,29,19,32
-16,47,4,33,-35,-31,29,20,32
-16,47,4,26,-29,-31,30,19,32
-16,46,4,22,-24,-30,30,19,31
-16,47,4,17,-20,-31,32,17,32
-16,46,4,12,-21,-29,32,18,30
-18,46,3,12,-17,-30,32,19,28
-18,46,4,16,-30,-29,34,16,29
-18,46,4,25,-34,-26,33,16,28
-18,46,4,39,-23,-11,35,16,28
-18,46,4,55,-20,-4,37,16,27
-18,45,4,78,-12,0,35,21,30
-20,46,4,82,6,3,37,24,30
-21,46,4,80,8,6,32,23,34
-18,46,4,75,11,9,28,25,34
-19,47,4,69,15,9,27,23,33
-18,46,4,59,7,7,28,22,32
-15,46,5,48,2,2,30,21,31
-15,47,5,39,2,-2,31,19,29
-15,47,5,32,3,-6,32,19,29
-15,47,5,27,5,-9,32,19,28
-16,47,4,21,5,-13,35,18,28
-16,47,5,23,4,-12,35,18,28
-16,46,5,36,-6,-9,35,18,28
-16,46,5,48,-13,-7,33,18,28
-17,46,5,57,-24,-5,33,20,30
-17,46,4,69,-44,-12,34,20,33
-17,46,4,68,-59,-9,32,19,33
-19,46,3,68,-59,-14,31,19,35
-19,46,3,61,-54,-20,30,20,34
-19,46,3,51,-48,-26,30,21,33
-18,46,4,46,-45,-28,30,20,33
-17,46,5,38,-39,-29,30,19,32
-15,47,5,30,-27,-26,30,20,30
-15,47,5,27,-24,-25,29,18,30
-14,47,5,21,-18,-23,30,18,31
-13,48,5,19,-15,-21,30,19,31
-14,48,5,17,-13,-18,30,18,31
-14,47,5,16,-11,-19,30,19,31
-15,47,5,16,-10,-21,31,19,30
-16,47,4,23,-16,-18,32,19,29
-17,46,4,30,-21,-14,33,18,30
-16,46,4,47,-26,-2,34,14,30
-16,47,5,64,-27,8,34,14,30
-17,46,4,82,-18,14,33,21,32
-18,46,4,83,-16,13,33,23,33
-19,46,3,83,-11,11,32,24,33
-20,46,3,72,2,4,32,23,32
-21,46,3,67,7,3,31,22,32
-20,46,3,51,10,1,30,20,31
-18,46,4,46,9,1,30,19,30
-16,46,4,41,8,0,30,18,30
-15,47,4,38,7,-2,29,19,30
-14,48,5,33,5,-6,31,20,30
-14,48,5,30,7,-10,32,20,31
-14,47,5,32,5,-12,33,19,31
-14,47,5,35,-5,-12,32,19,29
-16,47,5,38,-10,-11,31,19,31
-16,46,5,50,-12,-12,32,19,31
-17,46,4,55,-17,-12,34,19,30
-18,45,3,62,-25,-13,33,21,32
-19,45,3,61,-43,-9,32,23,33
-19,46,3,67,-54,-1,30,19,32
-18,46,4,64,-65,-9,28,16,33
-17,46,4,58,-61,-18,27,18,33
-18,47,3,52,-59,-23,28,18,33
-19,46,3,44,-51,-31,30,18,32
-19,46,3,38,-39,-36,30,19,33
-17,47,3,31,-28,-32,30,19,32
-15,46,4,25,-25,-27,31,19,31
-14,47,5,16,-21,-26,31,21,30
-13,48,5,12,-18,-24,30,21,30
-13,48,5,12,-16,-20,31,19,30
-12,48,6,12,-14,-18,32,19,30
-12,48,6,13,-15,-16,32,17,30
-14,47,5,19,-21,-10,32,16,29
-15,46,5,28,-20,-3,33,17,28
-13,49,5,48,-17,3,33,17,29
-17,46,3,58,-21,7,32,21,30
-17,46,3,66,-14,4,37,25,30
-18,46,3,77,-5,7,36,23,33
-18,47,4,82,-2,9,32,26,34
-17,46,4,75,1,12,28,25,35
-17,47,4,70,-1,14,26,22,34
-17,47,5,58,-2,12,25,18,33
-17,47,5,50,-2,7,26,18,32
-15,47,5,39,-2,0,28,18,30
-14,47,5,32,-1,-3,29,19,30
-13,48,5,29,1,-5,31,20,29
-13,48,5,28,6,-10,32,21,30
-13,47,5,28,6,-11,33,22,30
-14,48,5,30,0,-13,32,22,31
-14,47,5,36,-1,-16,31,20,30
-15,47,5,54,-16,-12,31,21,30
-16,47,4,57,-27,-6,32,22,28
-16,46,4,62,-31,-12,32,20,31
-17,47,4,66,-57,-23,30,20,35
-17,46,4,67,-80,-21,28,20,36
-19,47,3,59,-73,-28,28,20,36
-17,46,3,49,-66,-35,28,21,35
-17,47,4,43,-54,-33,28,19,33
-17,47,4,39,-44,-34,28,19,32
-15,47,4,33,-34,-32,29,19,32
-14,48,4,27,-23,-27,29,20,31
-13,48,5,24,-19,-25,30,21,31
-13,48,5,19,-14,-23,30,21,31
-14,48,5,18,-12,-19,31,20,31
-16,46,4,15,-8,-17,32,20,30
-15,47,5,12,-9,-17,33,21,28
-17,47,3,10,-13,-15,32,19,29
-16,46,5,16,-14,-13,32,17,29
-17,46,4,26,-12,-10,33,17,31
-15,47,4,40,-9,-8,36,16,29
-17,46,3,57,-8,-1,35,20,31
-18,47,5,79,-1,6,33,24,30
-18,46,5,92,8,8,32,23,33
-18,46,6,92,3,12,27,24,35
-19,46,5,86,1,16,22,21,37
-17,47,4,80,3,16,24,20,36
-17,46,3,67,4,10,27,20,33
-17,46,4,55,3,5,30,19,31
-16,46,4,41,1,-2,32,19,29
-15,47,4,34,3,-7,32,19,28
-16,47,4,29,6,-8,33,20,28
-16,47,3,26,8,-13,33,19,29
-16,47,3,27,9,-16,33,17,30
-16,47,4,34,5,-19,32,17,31
-16,47,3,41,-4,-17,32,19,31
-16,46,4,51,-18,-16,30,19,30
-17,46,4,61,-32,-16,31,19,31
-18,46,4,66,-46,-18,31,19,35
-19,46,5,64,-54,-19,30,19,35
-20,46,4,59,-57,-22,31,21,34
-19,45,3,57,-48,-22,31,21,33
-20,46,3,53,-44,-25,30,20,34
-19,46,3,44,-39,-29,28,19,33
-17,46,3,37,-33,-30,28,18,33
-17,46,3,30,-26,-27,28,19,32
-16,47,4,27,-22,-26,29,19,32
-16,46,5,22,-18,-26,30,19,31
-16,47,5,14,-17,-26,32,18,31
-17,46,5,10,-19,-26,32,19,31
-17,46,4,14,-22,-29,32,19,30
-17,46,4,16,-24,-25,33,18,28
-18,46,4,26,-26,-10,35,18,26
-20,45,4,37,-22,-3,35,16,28
-20,44,3,54,-17,3,33,17,31
-20,45,3,66,-2,1,34,21,32
-21,45,3,76,8,3,35,23,33
-20,46,4,79,5,8,30,23,36
-18,46,4,75,5,7,27,21,35
-18,46,4,73,14,12,27,20,35
-18,46,4,62,16,10,28,19,32
-16,46,4,49,11,7,30,21,30
-16,46,4,39,10,1,30,19,30
-16,47,5,39,11,0,30,19,31
-14,47,5,38,14,-4,30,19,32
-14,47,4,35,12,-8,31,19,32
-15,47,5,32,5,-11,31,19,33
-16,47,5,35,-8,-17,31,19,32
-16,47,4,40,-10,-20,32,19,29
-16,46,5,37,-42,-25,34,18,30
-16,46,5,36,-56,-19,33,18,29
-18,46,4,53,-50,-12,30,17,35
-18,45,3,54,-63,-12,30,17,33
-18,46,3,51,-73,-11,26,17,35
-18,46,3,52,-59,-12,27,19,35
-17,47,3,49,-46,-16,30,19,35
-17,47,4,44,-38,-16,30,18,34
-16,47,4,40,-37,-18,29,18,32
-14,47,4,34,-31,-20,30,19,32
-13,48,5,30,-26,-21,29,19,33
-13,48,5,23,-26,-19,28,19,33
-13,48,5,14,-25,-19,28,19,33
-14,48,5,10,-20,-19,30,19,31
-15,47,4,10,-19,-19,30,18,31
-15,47,4,16,-18,-19,31,18,31
-16,47,4,25,-24,-12,31,16,31
-17,46,4,36,-29,-5,31,15,30
-17,46,3,61,-27,3,31,16,31
-18,46,4,73,-13,4,35,21,31
-19,46,4,73,0,8,36,21,32
-19,46,4,73,0,7,33,22,35
-19,46,4,71,4,6,30,23,35
-17,46,4,76,7,9,28,21,35
-17,46,4,70,6,10,26,19,33
-16,46,4,55,4,7,26,19,33
-15,47,5,44,0,0,28,18,32
-14,47,5,37,0,-3,29,17,32
-14,48,5,29,5,-6,30,17,32
-14,48,4,28,3,-9,32,17,33
-14,47,5,25,0,-13,31,18,32
-16,47,4,26,2,-19,32,18,28
-16,47,4,34,-8,-25,31,18,30
-17,46,4,51,-30,-16,29,17,33
-17,47,4,57,-39,-17,32,18,32
-16,46,4,60,-53,-11,31,19,34
-16,47,4,68,-61,-15,29,21,35
-17,46,3,60,-58,-25,30,22,36
-18,46,4,52,-54,-28,32,22,35
-18,46,4,42,-51,-27,30,19,33
-17,47,4,36,-44,-26,28,18,33
-16,47,4,30,-35,-26,28,17,33
-15,47,4,25,-28,-24,27,16,32
-13,48,5,23,-24,-20,28,17,32
-13,48,5,15,-18,-20,30,17,32
-15,47,4,13,-12,-22,30,18,31
-16,46,4,16,-10,-25,29,19,32
-16,46,4,15,-13,-27,30,18,31
-17,46,3,17,-14,-28,31,17,31
-18,46,3,34,-12,-17,30,17,32
-19,46,3,45,-13,-8,32,21,32
-17,46,4,63,-13,11,31,19,30
-17,46,5,82,0,12,30,20,31
-18,46,5,103,3,6,30,26,33
-17,47,5,97,13,4,31,26,34
-17,46,5,87,26,8,30,25,34
-15,47,6,71,19,10,30,23,34
-16,47,5,58,10,3,28,20,33
-17,46,4,53,5,-3,28,19,31
-17,46,5,46,3,-8,28,18,30
-17,46,4,30,0,-12,29,17,30
-16,47,4,25,3,-14,31,17,30
-16,46,4,24,6,-14,33,17,30
-16,47,5,31,3,-12,32,17,30
-16,47,4,34,3,-11,31,16,30
-17,46,4,42,-2,-17,32,17,29
-17,46,4,50,-16,-16,35,20,32
-17,47,4,57,-35,-14,33,19,32
-17,46,4,59,-48,-16,33,19,35
-18,46,3,57,-60,-18,33,18,34
-19,46,4,50,-64,-28,31,16,34
-19,45,3,42,-58,-32,31,17,34
-19,46,3,34,-52,-35,29,18,33
-19,46,4,30,-44,-35,28,17,33
-17,46,5,27,-30,-29,28,16,32
-16,46,5,26,-21,-24,30,16,32
-16,46,5,23,-18,-20,30,16,31
-16,46,5,15,-16,-17,31,16,31
-17,46,4,12,-11,-18,32,17,30
-17,46,4,16,-12,-22,35,17,30
-16,46,5,21,-12,-18,35,18,28
-18,46,5,38,-13,-9,35,18,28
-18,46,5,52,-14,-6,35,18,30
-18,46,4,60,-13,-1,37,19,30
-17,46,4,67,-12,1,38,22,30
-19,45,5,71,-14,0,36,23,34
-20,44,6,73,-8,-1,30,24,34
-21,45,5,73,0,5,29,22,32
-23,44,3,73,9,10,24,20,33
-24,44,2,65,10,10,23,21,32
-22,44,2,58,8,7,25,21,32
-21,45,2,43,8,0,27,22,32
-21,46,1,38,12,-4,29,23,32
-20,46,1,35,7,-8,31,22,31
-18,46,2,35,3,-13,32,22,32
-17,46,3,39,-10,-15,34,21,29
-17,47,3,40,-23,-19,33,21,30
-17,47,4,37,-39,-23,32,20,31
-15,47,4,36,-46,-28,30,18,32
-14,47,4,37,-39,-26,30,18,32
-14,47,4,40,-44,-25,28,18,34
-14,48,5,42,-48,-22,27,21,33
-13,48,5,39,-49,-24,26,20,33
-14,48,4,35,-42,-26,25,19,34
-13,48,3,30,-35,-26,26,19,35
-14,48,3,29,-26,-25,28,19,33
-16,47,3,32,-24,-23,29,18,32
-17,46,3,34,-25,-21,30,17,32
-17,46,3,34,-28,-18,30,17,33
-17,46,3,32,-28,-18,29,18,33
-17,47,3,33,-23,-19,31,21,33
-16,47,4,35,-21,-18,31,21,33
-14,48,4,41,-19,-17,31,20,32
-14,48,5,45,-19,-14,31,19,31
-15,47,4,52,-13,-9,31,18,30
-16,47,4,58,-7,-8,32,19,28
-16,47,4,63,0,-6,33,18,30
-17,47,4,62,3,-9,31,18,33
-17,47,3,64,2,-7,30,19,34
-17,46,4,64,1,-3,27,20,36
-17,46,4,67,0,-1,26,19,36
-16,47,4,57,0,-2,28,17,35
-16,47,4,48,-5,-5,30,17,33
-16,47,4,36,-9,-10,32,16,31
-16,47,5,33,-8,-12,33,15,30
-16,47,4,29,-9,-14,33,14,30
-16,47,4,29,-15,-18,33,15,30
-16,47,4,33,-24,-16,33,16,29
-16,47,4,36,-30,-19,33,17,29
-16,46,4,38,-32,-22,33,19,31
-17,47,4,37,-39,-23,34,18,34
-17,46,3,39,-45,-22,33,17,34
-16,46,3,37,-47,-20,31,17,34
-16,46,4,36,-47,-17,31,15,33
-17,47,5,37,-47,-15,31,14,33
-17,46,4,41,-41,-12,31,14,33
-17,46,4,41,-37,-10,30,15,33
-17,47,4,39,-34,-10,30,15,34
-16,47,4,37,-29,-10,30,15,33
-15,47,4,39,-17,-10,31,16,32
-16,47,3,39,-13,-9,31,16,32
-16,47,4,37,-9,-10,32,19,32
-16,47,3,35,-1,-12,31,19,32
-16,47,3,36,0,-7,32,19,31
-17,47,4,45,8,-8,33,16,30
-16,47,4,54,16,-14,35,14,28
-16,46,4,65,24,-19,35,18,32
-17,46,4,60,23,-14,34,24,33
-20,46,4,64,16,-5,30,23,35
-20,46,4,76,7,0,26,17,35
-19,45,4,76,4,2,26,14,35
-20,46,4,67,0,1,27,14,34
-19,46,4,55,-1,1,29,16,33
-18,46,3,45,-9,0,31,16,32
-17,46,3,33,-13,-7,32,17,30
-15,47,4,33,-11,-9,33,18,30
-15,48,4,30,-8,-14,32,16,31
-14,48,4,30,-8,-16,31,15,31
-14,47,4,35,-19,-20,32,16,34
-15,47,4,38,-25,-24,32,19,36
-16,47,3,39,-31,-25,31,17,35
-16,47,3,42,-37,-25,30,17,36
-16,47,3,46,-41,-18,30,21,34
-15,47,4,44,-49,-13,29,19,31
-16,47,5,42,-59,-16,24,14,36
-16,46,5,40,-58,-24,25,15,35
-19,46,4,38,-53,-25,26,13,35
-21,46,3,33,-44,-21,27,13,34
-23,44,2,30,-38,-21,29,12,34
-23,44,2,28,-30,-19,32,13,33
-23,44,1,24,-21,-13,32,14,33
-23,44,1,22,-14,-12,34,14,30
-22,44,1,25,-7,-12,36,14,30
-22,45,3,25,-7,-14,37,14,32
-22,45,3,24,-14,-21,36,16,30
-20,45,3,28,-18,-23,35,17,30
-17,46,4,36,-17,-14,33,18,32
-17,45,4,55,-13,-6,34,17,31
-17,47,4,68,-18,2,31,16,33
-16,48,5,78,-8,7,28,17,35
-17,46,5,82,-2,8,26,19,37
-16,47,5,76,2,7,23,19,38
-16,47,5,72,2,6,23,19,38
-17,46,5,64,0,1,24,17,37
-17,46,5,49,-1,-4,25,15,35
-15,46,4,41,-3,-9,26,15,34
-13,47,5,35,-5,-13,28,15,33
-11,48,5,33,-9,-16,29,15,33
-11,48,5,33,-14,-19,29,16,33
-12,49,5,37,-23,-16,28,18,33
-13,48,5,41,-36,-18,26,17,34
-14,48,4,42,-50,-12,24,17,37
-14,48,4,52,-48,-3,26,15,36
-15,47,5,57,-52,-3,26,16,38
-16,46,3,50,-53,-5,27,19,37
-17,47,4,37,-42,-9,27,19,37
-16,47,5,33,-35,-11,26,16,37
-15,47,5,30,-30,-14,26,15,37
-14,48,5,19,-28,-17,25,15,36
-13,48,6,14,-26,-20,24,14,36
-12,48,5,16,-22,-28,23,16,34
-12,48,5,17,-17,-23,23,19,36
-13,48,5,21,-15,-17,24,20,35
-13,48,5,23,-21,-17,26,19,33
-14,48,5,21,-24,-17,28,16,32
-15,47,5,35,-17,-19,28,16,35
-16,47,5,44,-25,-16,26,19,36
-15,47,5,57,-28,-9,26,20,38
-15,47,5,74,-21,-6,28,19,34
-16,46,5,87,-3,-3,31,17,34
-18,46,5,84,-7,0,30,21,34
-19,46,4,69,1,-1,27,21,36
-18,46,4,77,14,2,26,19,36
-18,46,5,74,16,4,24,16,36
-17,46,5,55,4,0,23,17,36
-17,46,5,50,2,-5,25,19,34
-14,47,5,46,5,-12,26,18,34
-15,48,5,41,2,-12,28,18,35
-15,47,6,34,-1,-16,29,20,33
-14,47,6,32,-4,-19,30,20,34
-15,47,5,30,-9,-21,28,19,32
-16,47,5,25,-14,-19,29,19,30
-16,47,5,29,-21,-20,31,18,32
-16,46,4,38,-37,-17,32,18,33
-16,47,4,45,-55,-8,30,14,32
-16,46,5,53,-71,-10,26,15,35
-17,46,5,51,-66,-12,24,22,37
-17,47,4,49,-62,-16,25,21,37
-17,47,4,38,-54,-23,26,21,37
-16,47,4,32,-48,-26,27,20,36
-16,47,5,21,-34,-25,26,20,35
-15,47,5,18,-27,-22,26,20,33
-15,47,5,13,-23,-21,26,20,33
-15,47,5,12,-20,-20,28,19,33
-15,47,5,13,-16,-22,28,19,33
-16,47,5,13,-13,-23,29,19,33
-16,47,4,16,-19,-22,30,18,32
-17,46,4,23,-21,-21,30,17,30
-17,46,4,33,-24,-19,30,17,31
-17,46,4,48,-33,-10,31,17,34
-17,47,5,57,-35,-4,31,17,32
-17,46,5,65,-28,-4,32,17,33
-17,46,4,76,-13,-1,28,22,36
-18,46,3,72,-8,0,28,24,36
-19,46,3,74,3,5,25,23,35
-18,46,4,70,1,5,23,22,36
-18,46,4,58,-1,1,24,20,35
-18,46,4,53,-2,-2,25,19,34
-18,46,4,45,-6,-9,26,18,35
-17,46,4,35,-12,-15,27,19,35
-16,46,5,30,-16,-16,28,19,34
-16,47,5,21,-10,-18,28,19,33
-15,47,5,25,-7,-22,29,19,32
-15,47,5,30,-13,-27,31,18,30
-17,46,5,33,-16,-27,30,18,30
-17,46,4,44,-24,-25,31,19,33
-17,46,3,47,-40,-19,29,19,34
-18,46,3,51,-46,-16,25,17,37
-18,46,3,53,-56,-26,24,19,37
-19,46,3,49,-61,-31,26,19,37
-19,45,3,37,-55,-40,28,19,36
-19,46,3,30,-53,-42,28,17,35
-19,46,3,25,-50,-39,28,16,33
-18,46,4,22,-37,-36,28,16,33
-17,46,4,25,-29,-33,29,18,33
-16,47,5,26,-23,-27,29,19,33
-15,47,5,24,-19,-24,29,17,33
-16,46,5,27,-9,-20,28,17,34
-16,47,5,26,-5,-17,27,20,33
-16,46,5,21,-7,-19,27,19,32
-16,46,5,21,-13,-20,29,19,33
-17,46,5,27,-17,-17,30,18,32
-18,46,4,49,0,-13,34,16,26
-19,45,4,62,4,-17,37,17,28
-19,45,4,86,3,-14,37,19,33
-20,46,3,74,0,1,27,23,36
-21,46,3,87,-2,7,21,25,37
-19,46,3,80,-4,3,23,20,36
-19,46,3,67,-6,-3,25,20,36
-19,46,3,48,-8,-12,27,21,34
-17,46,3,36,-12,-14,29,19,32
-16,46,4,28,-14,-17,30,18,32
-15,47,5,26,-13,-20,30,19,32
-15,47,5,25,-9,-23,28,20,32
-15,47,4,28,-9,-26,30,21,32
-16,47,4,28,-14,-29,30,21,31
-16,46,4,28,-24,-32,31,20,31
-17,46,4,32,-26,-31,32,20,30
-19,46,3,46,-35,-26,30,19,32
-19,46,3,52,-42,-24,29,18,34
-19,46,3,53,-53,-23,26,21,35
-18,46,3,50,-57,-23,26,21,35
-18,46,3,47,-53,-25,27,20,35
-17,47,4,41,-41,-25,27,20,34
-15,46,4,35,-36,-26,28,19,33
-15,47,4,34,-26,-24,28,19,32
-16,47,4,33,-23,-23,28,19,33
-15,47,4,26,-23,-23,27,21,33
-16,47,4,25,-19,-23,27,21,33
-16,46,4,24,-16,-22,27,21,33
-16,46,4,24,-10,-21,27,21,33
-17,46,3,24,-10,-25,29,20,31
-19,46,4,26,-14,-24,29,19,32
-19,45,3,34,-17,-21,29,18,32
-19,46,3,49,-20,-12,29,18,31
-18,46,3,59,-21,-8,30,20,32
-17,46,4,75,-15,-4,30,22,32
-17,46,5,80,-6,-3,30,24,33
-18,46,5,82,-3,-1,27,25,35
-20,46,4,73,-1,0,24,25,37
-20,46,3,66,0,0,24,21,35
-19,46,4,56,-1,-2,25,19,34
-19,45,5,46,-7,-5,26,19,33
-17,46,5,35,-10,-12,26,19,32
-17,46,5,31,-10,-14,27,20,32
-16,46,4,28,-8,-17,28,21,31
-17,47,4,25,-6,-21,29,22,31
-17,46,4,25,-4,-21,30,22,31
-16,46,4,31,-5,-19,30,21,31
-16,47,4,35,-11,-23,30,21,32
-16,46,4,42,-30,-26,28,21,33
-17,46,3,50,-37,-26,27,21,35
-18,46,3,50,-46,-28,26,23,37
-19,46,3,45,-47,-21,27,21,34
-19,46,4,45,-40,-17,27,20,32
-21,45,4,50,-37,-21,28,19,32
-21,45,4,49,-43,-27,27,19,34
-20,45,4,42,-46,-30,25,21,35
-19,46,4,38,-41,-30,25,22,35
-17,46,4,33,-35,-30,26,22,34
-16,47,4,34,-26,-29,26,22,33
-16,47,4,32,-23,-29,26,21,33
-15,47,4,30,-23,-27,27,22,33
-16,47,4,29,-23,-26,28,22,33
-16,46,4,27,-23,-25,27,22,33
-17,46,4,25,-22,-24,26,22,33
-17,46,4,24,-19,-21,26,21,32
-18,46,3,29,-22,-17,27,21,31
-19,45,3,37,-24,-10,28,19,32
-18,46,4,56,-17,1,29,18,32
-18,45,3,63,-9,1,30,21,30
-19,45,4,76,1,-3,31,24,32
-22,45,3,65,-1,-2,28,26,36
-23,45,3,60,-7,0,24,24,37
-23,45,2,62,-3,3,23,21,36
-23,44,2,57,-5,0,24,18,34
-22,44,2,38,-16,-5,25,18,33
-20,44,3,30,-16,-10,28,19,32
-19,45,3,27,-11,-14,30,19,32
-19,46,3,25,-10,-17,31,21,32
-17,46,3,24,-9,-18,31,21,32
-17,46,3,27,-11,-22,29,21,32
-16,46,4,29,-14,-25,28,21,33
-16,46,4,37,-19,-25,28,21,32
-17,46,4,47,-27,-30,28,21,32
-18,46,3,52,-44,-39,29,21,33
-19,46,3,49,-41,-33,30,22,35
-20,46,2,37,-23,-28,30,21,35
-21,45,2,58,-41,-20,27,17,33
-21,45,3,58,-49,-26,24,18,35
-21,45,3,51,-50,-25,23,19,36
-21,46,2,47,-43,-26,24,19,36
-20,45,2,37,-33,-25,26,19,34
-18,46,3,30,-30,-25,26,19,34
-17,46,3,26,-26,-25,26,20,35
-16,46,4,25,-23,-25,26,21,34
-16,47,4,26,-19,-25,26,21,33
-16,46,4,30,-12,-26,26,21,32
-17,46,4,31,-12,-29,26,21,32
-17,46,3,34,-16,-27,27,22,32
-18,46,3,42,-15,-20,28,20,31
-19,45,3,56,-19,-13,28,17,33
-20,45,3,62,-17,-2,29,20,34
-20,45,3,62,-8,3,29,23,32
-21,45,3,63,-6,1,30,23,32
-21,45,3,69,-9,-6,29,21,35
-21,45,3,46,-10,-11,28,22,36
-21,45,3,46,-7,-7,26,21,35
-21,45,3,46,-5,-5,25,18,34
-19,45,3,42,-6,-6,25,17,33
-18,45,3,35,-8,-9,26,17,33
-17,46,4,28,-8,-12,27,19,33
-17,46,4,27,-6,-14,29,20,32
-16,47,4,32,-1,-19,29,21,32
-16,46,4,38,-6,-25,30,21,31
-16,46,4,51,-17,-37,30,21,30
-16,46,4,55,-32,-46,31,21,33
-17,46,3,60,-57,-43,31,21,37
-18,46,3,44,-50,-25,30,23,34
-19,46,4,22,-20,-20,30,17,32
-20,45,3,66,-44,-21,28,15,32
-21,45,2,58,-37,-30,27,17,36
-19,46,3,54,-32,-26,27,20,35
-19,46,3,35,-40,-28,26,21,35
-17,46,3,26,-31,-28,27,21,34
-16,46,4,28,-20,-24,29,19,32
-16,46,3,28,-19,-24,29,19,32
-16,46,4,23,-17,-24,28,19,33
-16,47,5,25,-12,-23,29,19,32
-17,46,4,27,-14,-22,29,19,32
-16,46,4,30,-18,-17,28,19,33
-17,46,4,39,-20,-11,28,20,33
-19,46,3,49,-21,-4,28,20,34
-19,45,3,57,-19,5,29,20,33
-20,45,3,69,-14,3,30,21,31
-21,44,3,75,0,2,32,20,32
-22,45,3,72,3,-7,32,22,34
-22,45,3,62,-1,-8,31,22,35
-22,45,3,64,6,1,26,18,35
-21,45,3,59,1,3,24,18,34
-20,45,3,48,-3,0,25,17,33
-19,45,3,38,-5,-5,28,16,32
-17,46,4,34,-3,-7,30,17,31
-16,46,4,30,-5,-11,32,18,32
-16,47,4,28,-5,-13,32,18,32
-15,47,4,28,-4,-13,31,18,32
-16,47,3,33,-7,-18,31,18,31
-17,46,3,35,-14,-20,31,19,31
-18,46,3,46,-24,-19,32,18,30
-19,46,3,49,-36,-18,32,17,32
-19,46,3,54,-51,-16,31,17,33
-19,46,3,53,-59,-12,30,17,32
-18,46,4,53,-63,-15,28,16,35
-17,46,5,50,-62,-19,27,18,36
-17,47,4,41,-53,-21,30,18,34
-17,46,4,37,-42,-23,30,19,33