-37,40,-5,32,23,-38,30,16,42
-34,44,-3,27,19,-32,29,12,42
-32,43,-2,26,18,-30,24,10,48
-41,40,-3,27,23,-26,20,8,53
-47,34,-1,29,26,-28,25,7,51
-49,27,0,32,25,-29,33,10,49
-46,27,0,35,25,-30,31,13,46
-37,28,3,38,26,-31,20,16,40
-31,29,4,39,28,-30,16,15,35
-27,32,3,42,29,-28,18,14,31
-23,34,5,43,30,-26,21,12,25
-22,34,6,41,30,-26,22,10,25
-9,39,4,39,32,-25,25,10,23
-4,48,0,36,33,-24,23,10,22
8,53,-6,34,32,-26,23,15,23
14,67,20,31,38,-36,21,19,28
-32,51,19,26,43,-48,23,42,44
-48,37,3,19,49,-62,26,53,48
-39,42,-16,15,50,-71,25,45,50
-21,56,-19,14,48,-68,33,42,49
-21,55,-16,23,51,-59,26,36,44
-24,45,-9,30,50,-51,29,26,37
-25,44,0,41,42,-39,26,23,31
-15,42,11,46,37,-35,20,18,24
0,46,12,50,35,-32,17,18,23
5,49,14,46,31,-37,12,20,23
14,57,19,32,16,-37,14,21,24
14,55,17,35,26,-39,19,18,27
7,60,10,36,21,-37,21,11,27
-26,52,0,25,15,-37,25,5,35
-42,50,0,25,17,-36,33,3,45
-36,41,0,26,12,-30,32,5,48
-43,25,-3,27,12,-26,29,7,53
-49,18,-5,30,13,-25,29,10,54
-56,20,-2,32,17,-25,30,13,53
-50,23,0,37,21,-25,33,13,50
-42,20,1,40,24,-25,29,16,41
-39,23,2,40,24,-26,24,15,36
-40,19,0,41,25,-30,21,12,30
-40,19,0,41,26,-31,20,12,28
-33,17,1,39,28,-32,19,12,27
-17,48,5,39,30,-34,19,12,26
-1,50,6,39,33,-37,20,13,25
13,64,4,37,35,-40,24,21,26
-2,57,4,33,38,-48,21,20,25
-3,53,12,26,42,-53,16,27,30
-8,62,15,20,44,-54,19,36,36
-42,39,6,16,48,-62,26,40,41
-43,41,-6,14,53,-66,28,39,45
-25,49,-18,13,51,-60,30,40,43
-26,52,-19,22,48,-52,27,37,43
-32,49,-19,30,46,-49,30,34,40
-31,46,-13,40,39,-44,31,28,35
-26,44,-4,48,38,-42,26,28,32
-16,43,8,52,39,-52,20,26,25
-7,44,10,47,35,-50,19,24,23
-4,43,8,28,19,-50,17,21,23
-4,44,10,26,15,-50,17,17,24
6,53,12,21,21,-47,17,20,27
0,57,11,21,18,-43,15,21,30
2,63,10,21,21,-41,12,22,31
-2,76,12,19,24,-41,16,21,37
-21,78,12,14,21,-37,21,19,38
-41,50,6,13,21,-31,22,9,46
-48,31,-2,26,22,-24,24,4,54
-53,7,-13,33,23,-19,30,1,58
-48,0,-15,39,20,-13,38,1,57
-49,1,-14,41,17,-15,39,3,51
-54,5,-10,46,17,-18,32,7,43
-50,11,-8,48,20,-21,23,13,33
-35,16,-2,46,20,-25,21,13,27
-27,16,0,43,17,-26,19,13,24
-31,14,5,42,17,-26,16,13,24
-34,46,6,43,20,-30,17,14,23
-6,52,9,42,21,-32,22,19,24
1,75,3,44,28,-44,23,24,25
2,72,8,41,34,-57,16,26,30
21,75,18,35,38,-63,15,30,35
-22,43,5,23,42,-67,24,39,37
-53,32,-6,22,44,-71,34,35,36
-40,48,-14,14,54,-76,42,35,43
-27,49,-13,8,52,-68,36,40,43
-27,51,-16,22,52,-52,33,37,42
-33,45,-17,35,49,-45,32,33,36
-37,45,-12,43,44,-41,31,31,34
-27,44,-5,48,34,-32,26,30,30
-10,46,1,50,36,-33,24,26,26
-7,42,4,54,37,-39,18,21,22
-6,44,8,44,33,-42,17,19,21
-2,46,12,32,19,-39,19,23,21
23,62,18,40,27,-36,18,24,21
9,57,16,42,26,-34,16,26,26
-16,51,4,37,20,-30,14,23,32
-23,55,3,36,17,-31,18,19,36
-19,76,8,31,15,-38,25,14,42
-32,67,7,27,13,-36,30,12,50
-48,46,3,17,12,-32,39,7,50
-62,12,-9,21,15,-31,34,-3,52
-55,-3,-17,24,15,-29,40,1,50
-33,-2,-15,27,14,-27,41,7,49
-34,10,-9,32,15,-29,33,12,41
-42,15,-1,37,20,-32,27,12,33
-36,10,3,41,23,-32,22,13,26
-31,14,5,48,25,-28,20,11,22
-30,21,3,53,27,-23,23,10,22
-32,32,11,56,28,-20,28,10,21
-17,61,16,61,37,-21,31,10,22
-1,59,3,60,36,-24,24,13,23
7,63,0,48,38,-32,15,17,27
-1,69,14,41,40,-37,15,32,32
-11,65,17,38,40,-55,23,39,35
-33,37,-5,33,42,-66,30,36,43
-32,37,-17,22,40,-70,38,37,48
-24,58,-16,12,38,-68,39,35,47
-29,52,-14,16,40,-61,30,34,44
-32,42,-17,32,40,-48,32,27,39
-30,45,-12,41,36,-44,33,25,34
-29,46,-3,47,31,-42,30,25,32
-24,41,0,49,28,-39,26,24,26
-14,43,2,50,25,-36,22,21,26
-9,45,6,50,27,-30,17,21,26
-5,47,12,51,21,-24,16,21,25
31,69,19,41,32,-28,18,21,23
14,58,13,37,29,-29,19,17,23
-8,60,8,32,24,-26,23,10,26
-19,71,9,32,23,-28,29,10,33
-32,69,7,34,24,-28,35,10,40
-42,47,3,30,20,-26,30,9,48
-59,19,-5,26,17,-25,30,9,51
-57,3,-10,28,19,-27,35,8,53
-40,-1,-11,30,17,-28,35,10,54
-41,12,-7,30,22,-30,39,12,45
-47,14,-6,32,23,-30,35,14,40
-41,11,0,35,22,-30,26,12,32
-36,17,0,37,21,-28,23,10,27
-27,20,0,38,20,-26,21,9,24
-28,23,1,42,22,-26,22,9,23
-22,51,9,44,24,-25,25,10,23
-13,52,10,46,28,-26,29,16,25
8,69,5,48,36,-27,24,17,25
10,76,18,48,36,-28,17,24,29
15,64,28,48,42,-41,14,29,32
-11,44,7,45,47,-50,10,31,36
-30,32,-10,32,47,-54,18,30,40
-47,40,-19,27,46,-56,33,38,43
-25,58,-15,24,48,-61,37,43,47
-23,54,-15,24,46,-59,35,41,46
-37,48,-19,28,42,-54,37,35,43
-42,46,-16,37,36,-51,35,32,39
-32,46,-10,40,34,-48,31,26,34
-21,42,-4,43,30,-44,26,24,30
-10,43,4,44,32,-41,21,19,24
-6,44,12,44,30,-37,17,18,23
0,45,17,41,23,-32,14,23,23
8,51,19,41,23,-33,16,25,24
28,63,17,38,28,-33,18,23,24
7,55,12,37,26,-32,18,19,27
-5,60,5,32,9,-22,21,12,32
-33,61,7,31,13,-23,25,8,40
-36,55,5,32,8,-23,26,6,45
-40,39,0,34,11,-25,23,11,50
-48,26,-3,33,19,-26,23,12,52
-50,13,-8,25,23,-32,33,10,52
-48,12,-9,28,28,-35,39,8,51
-44,19,-3,30,28,-32,35,14,46
-41,21,-2,30,21,-32,30,18,42
-35,19,0,38,23,-33,23,14,32
-32,19,0,42,25,-34,20,11,26
-31,17,1,44,25,-34,19,9,24
-31,19,6,43,25,-30,19,8,21
-23,47,11,45,25,-29,23,11,21
3,62,3,47,28,-26,25,16,22
14,64,5,48,30,-25,21,18,22
9,92,35,50,36,-25,17,33,31
-8,65,29,50,39,-30,21,43,36
-30,30,-10,50,46,-47,19,35,34
-41,30,-22,36,50,-61,29,39,43
-30,57,-21,25,46,-64,37,46,45
-26,55,-16,21,49,-66,33,47,46
-31,50,-17,25,48,-62,34,41,43
-33,44,-10,36,38,-50,35,32,33
-30,44,-4,40,32,-46,32,26,29
-15,44,0,43,28,-42,24,20,23
-7,44,5,50,28,-37,21,18,21
-3,44,14,49,24,-33,16,19,21
0,49,18,53,18,-33,17,21,23
28,64,18,56,26,-32,19,22,24
13,60,16,43,18,-30,18,18,25
0,59,12,38,14,-28,17,13,30
-28,64,10,37,10,-25,19,9,37
-36,61,6,34,9,-24,25,10,45
-42,38,2,32,7,-23,27,11,51
-47,21,-1,27,9,-25,32,8,54
-48,5,-11,26,12,-28,33,8,53
-50,9,-10,30,18,-32,36,7,51
-43,19,-5,32,19,-33,35,12,46
-42,12,-2,35,19,-34,30,14,40
-38,16,-1,42,23,-35,23,14,32
-35,17,1,44,25,-35,20,14,26
-33,21,4,45,26,-32,19,14,24
-31,45,6,46,26,-31,20,14,24
-23,48,10,46,29,-30,21,16,24
0,60,0,46,30,-30,22,21,23
5,62,0,46,33,-29,17,20,24
1,64,20,44,36,-32,16,30,30
4,68,33,47,45,-46,15,32,30
-21,39,11,39,56,-62,23,41,41
-48,26,-16,15,49,-65,28,41,46
-56,39,-23,14,50,-65,30,42,47
-14,68,-20,14,50,-65,29,43,44
-16,54,-18,23,49,-62,29,39,41
-32,44,-14,38,41,-55,32,32,36
-38,44,-7,46,37,-51,32,26,32
-25,43,1,53,30,-46,24,23,26
-6,43,8,59,33,-41,19,22,22
0,45,12,57,30,-42,13,20,22
7,49,19,48,17,-37,14,21,22
25,64,24,49,17,-34,17,25,24
16,63,21,40,16,-32,18,25,24
0,72,14,35,10,-30,16,16,27
-28,83,8,26,7,-26,21,12,34
-46,71,0,23,7,-26,30,8,43
-50,28,-4,20,5,-25,34,1,53
-48,10,-10,18,4,-25,30,2,56
-39,-5,-11,20,7,-26,30,8,54
-46,11,-6,30,17,-31,33,12,50
-48,3,-6,33,17,-32,37,14,44
-46,-1,-5,39,19,-33,33,13,39
-42,4,-4,44,21,-35,26,18,31
-37,9,-1,49,26,-39,23,18,26
-37,12,0,50,29,-42,22,15,21
-46,13,10,48,30,-41,23,12,22
-51,59,11,49,31,-37,23,13,23
6,67,18,50,37,-30,25,21,26
17,88,6,50,38,-30,23,26,26
0,75,10,43,43,-36,16,33,31
4,57,0,46,42,-50,14,38,32
-4,41,-8,37,44,-55,18,39,38
-26,50,2,27,38,-55,26,37,39
-49,50,5,23,38,-57,34,36,36
-39,40,-3,23,39,-57,30,40,39
-28,46,-14,25,34,-52,29,39,37
-23,51,-16,28,30,-52,33,33,33
-20,50,-15,32,29,-57,32,32,32
-23,48,-10,37,29,-55,32,28,29
-28,41,4,42,28,-55,26,27,28
-23,39,12,46,25,-54,17,26,26
-9,45,11,42,22,-49,14,25,24
-1,48,9,45,25,-41,14,22,24
11,55,14,37,24,-36,14,22,25
21,60,17,38,23,-38,14,21,28
16,67,17,36,16,-35,17,19,26
-10,66,12,31,14,-30,21,17,29
-32,69,10,26,7,-24,29,9,40
-45,55,1,30,8,-23,37,12,47
-47,33,-2,35,9,-23,30,18,49
-49,6,-10,36,12,-24,28,17,50
-46,-1,-12,40,18,-28,30,19,49
-48,9,-8,40,21,-31,37,18,45
-46,11,-4,43,23,-32,37,16,37
-44,8,-1,48,23,-33,32,16,32
-33,16,0,48,25,-34,25,12,25
-28,18,1,49,24,-32,21,11,23
-33,21,4,50,24,-30,19,11,23
-19,48,8,50,24,-31,21,11,23
-5,57,6,50,25,-31,22,12,24
0,68,1,50,27,-32,19,21,25
-6,58,10,52,30,-36,16,23,28
7,66,32,52,33,-40,11,32,31
6,67,34,52,38,-52,13,41,33
-43,26,-9,50,43,-60,20,44,37
-61,24,-29,37,41,-60,31,49,41
-22,60,-24,36,40,-59,39,50,41
-2,75,-24,33,38,-56,37,48,40
-29,46,-23,30,31,-48,38,42,37
-47,39,-17,33,25,-42,36,35,30
-49,40,-4,38,20,-40,33,30,26
-35,40,1,42,16,-40,28,29,24
-10,40,7,48,19,-41,24,27,24
-11,44,10,47,17,-35,16,25,21
-17,44,8,46,22,-29,13,25,21
0,50,8,50,22,-30,20,27,23
13,56,8,50,22,-32,25,25,21
7,60,14,48,20,-30,29,22,23
1,64,18,44,22,-31,30,21,25
-8,76,20,44,22,-30,30,19,27
-23,75,14,39,21,-28,29,15,31
-48,48,3,40,19,-26,28,12,36
-60,12,-8,41,16,-24,32,6,42
-56,-4,-12,38,14,-22,39,4,46
-42,-1,-6,37,14,-22,47,10,45
-43,5,-3,39,16,-22,41,14,44
-48,8,-5,42,18,-21,35,12,38
-33,9,-5,43,17,-21,31,13,35
-30,13,-3,42,16,-21,27,12,29
-36,15,-3,41,14,-19,25,11,26
-42,18,5,41,14,-19,23,10,24
-41,36,8,42,16,-21,24,8,22
-17,58,12,44,17,-22,26,11,22
15,71,-1,46,21,-24,25,17,21
4,68,3,48,21,-25,20,21,26
-1,85,42,51,25,-28,15,36,35
-3,69,37,57,37,-57,21,46,33
-32,30,-5,50,50,-76,21,39,39
-47,24,-21,23,39,-78,35,43,49
-27,61,-19,18,45,-79,39,45,42
-19,55,-19,10,49,-70,31,41,44
-30,44,-19,16,55,-55,35,33,38
-38,42,-8,29,44,-40,33,29,28
-35,43,0,34,38,-34,30,28,26
-18,41,4,38,33,-30,23,26,23
-7,44,7,44,34,-28,19,23,23
-4,45,10,50,34,-25,15,21,23
-2,46,12,47,29,-26,16,23,24
19,60,14,44,30,-32,20,22,24
10,61,15,41,32,-37,23,19,26
4,67,13,33,26,-35,25,16,30
-16,76,14,34,21,-32,25,14,36
-27,70,12,33,21,-31,24,14,40
-39,50,5,32,18,-29,22,13,45
-47,29,-3,28,14,-25,23,12,47
-49,1,-14,28,12,-25,35,7,49
-43,-3,-12,29,12,-28,40,7,49
-48,8,-8,32,12,-30,40,9,45
-46,10,-3,35,13,-31,33,11,40
-38,13,0,41,16,-33,26,12,33
-29,16,1,43,17,-33,24,11,28
-28,17,0,45,17,-32,23,12,23
-30,16,-1,41,13,-30,25,12,22
-35,14,1,42,12,-31,24,13,21
-31,52,8,55,20,-29,21,15,24
-10,63,12,58,21,-27,18,18,28
7,76,3,57,25,-29,15,27,31
6,78,21,61,31,-35,14,33,32
0,76,29,60,42,-44,14,40,34
-27,35,3,58,49,-50,18,39,36
-45,28,-12,48,48,-57,27,38,41
-40,47,-19,31,45,-62,31,41,42
-21,57,-20,26,38,-58,34,46,43
-28,50,-23,25,32,-50,36,43,41
-34,46,-20,27,28,-46,37,41,37
-40,44,-12,34,23,-44,34,35,31
-26,45,-6,36,22,-44,28,30,28
-12,45,0,37,22,-44,20,25,23
-3,45,10,40,18,-44,17,21,21
-4,46,14,38,18,-42,14,19,21
18,59,23,41,23,-41,12,20,23
35,73,19,51,16,-31,12,21,25
16,68,12,40,17,-33,15,19,26
6,75,12,36,21,-35,19,18,27
-25,83,3,43,24,-36,28,21,33
-48,49,-3,45,22,-37,34,19,38
-53,17,-9,46,24,-37,35,18,43
-51,-12,-15,42,23,-32,32,19,51
-51,-3,-10,42,21,-29,37,17,53
-53,8,-6,44,20,-31,42,18,51
-54,-1,-2,43,16,-28,39,21,48
-48,-4,2,42,15,-26,33,21,41
-42,1,5,37,7,-25,25,18,33
-43,5,5,38,7,-24,20,14,27
-43,7,4,42,7,-22,16,12,23
-39,14,8,43,8,-21,14,10,18
-27,74,3,46,11,-23,15,9,19
6,66,16,48,12,-24,17,11,20
8,72,7,53,20,-30,20,15,24
-14,76,0,53,25,-39,22,28,25
-3,62,1,49,28,-50,21,26,28
8,50,3,41,36,-56,23,31,35
-26,60,12,38,39,-64,26,34,38
-48,58,1,31,44,-67,32,49,46
-46,37,-18,30,44,-63,31,50,47
-17,51,-28,33,43,-57,34,45,46
-23,54,-26,34,37,-51,36,37,41
-37,46,-21,38,33,-48,33,35,37
-39,41,-11,43,26,-44,27,30,32
-32,37,5,44,25,-39,23,27,28
-21,39,10,47,23,-39,18,25,23
-10,41,6,46,23,-37,19,23,20
-2,42,6,45,21,-33,15,21,23
11,48,11,44,15,-34,11,21,22
23,58,17,42,19,-30,8,19,23
8,73,20,32,15,-27,11,15,27
-10,73,28,38,17,-29,20,12,34
-22,80,25,39,19,-32,14,13,41
-37,71,10,34,18,-32,14,8,45
-44,43,-5,26,21,-34,19,9,53
-50,6,-21,25,22,-35,22,10,59
-44,3,-21,25,25,-35,25,9,62
-48,11,-18,30,26,-33,30,7,61
-45,5,-19,31,25,-32,27,6,54
-41,2,-18,33,22,-32,23,10,48
-31,9,-16,38,19,-30,19,16,39
-28,15,-12,41,17,-26,17,15,32
-27,19,-6,42,17,-26,14,13,27
-26,18,-2,42,17,-25,12,9,23
-38,18,5,45,17,-22,12,8,22
-29,66,6,45,21,-20,14,8,23
17,78,17,45,20,-19,15,12,25
16,80,12,49,23,-25,17,24,27
0,69,21,49,28,-37,18,32,30
-25,51,22,46,30,-55,13,37,36
-29,42,3,38,34,-71,19,43,44
-46,41,-7,28,37,-78,28,44,50
-53,42,-15,28,40,-72,26,48,49
-23,54,-23,31,41,-65,27,47,48
-28,48,-22,34,37,-56,34,36,42
-35,46,-15,40,33,-50,31,31,39
-30,44,-5,44,28,-45,25,25,30
-22,42,1,47,26,-43,22,21,27
-8,42,10,46,24,-37,16,20,23
-2,44,13,44,24,-35,13,21,22
8,52,21,41,21,-35,10,22,24
33,69,22,40,21,-35,10,24,25
14,63,16,35,17,-35,13,22,26
-6,74,12,30,16,-34,16,15,28
-24,75,7,29,15,-33,23,11,34
-41,52,1,32,16,-32,28,8,42
-48,28,-4,31,17,-30,27,10,47
-50,6,-11,32,17,-28,25,17,53
-48,10,-9,31,17,-27,27,17,56
-49,15,-3,32,19,-27,29,18,56
-48,3,0,33,23,-28,31,16,50
-48,2,-1,33,20,-28,28,17,44
-40,5,-3,37,17,-30,23,17,39
-43,5,-4,38,17,-30,17,14,33
-41,5,-2,39,15,-30,15,12,29
-47,3,-4,41,16,-29,13,8,28
-16,40,1,43,17,-29,12,5,25
11,87,4,44,20,-31,12,5,23
28,88,1,43,23,-32,17,16,24
-12,81,8,46,28,-41,18,28,28
9,82,31,44,36,-55,16,36,34
-25,30,3,34,43,-66,19,42,39
-38,35,-5,33,46,-66,27,40,45
-57,42,-17,32,51,-70,29,41,42
-37,45,-17,30,53,-64,25,44,45
-18,50,-17,30,48,-54,27,42,41
-37,46,-13,34,40,-46,29,37,36
-37,43,-7,34,36,-46,26,29,32
-26,43,-3,35,30,-44,23,27,29
-8,45,2,37,30,-45,19,24,25
-3,45,10,37,31,-48,16,22,25
-6,47,14,34,30,-47,10,22,25
14,61,21,38,28,-44,9,23,25
13,65,21,41,27,-42,12,18,27
11,80,21,42,26,-41,13,15,29
-8,83,16,33,18,-35,12,12,35
-40,56,4,35,12,-31,12,12,41
-48,32,-1,39,8,-27,17,14,48
-48,0,-14,43,6,-25,21,22,56
-44,-2,-12,37,4,-23,25,17,56
-49,2,-8,33,3,-23,27,13,55
-53,2,-7,36,6,-26,29,18,51
-52,1,-10,40,12,-30,29,21,45
-41,9,-10,46,14,-33,28,21,40
-41,14,-9,50,19,-37,25,19,33
-45,17,-5,51,22,-41,21,16,29
-48,18,-3,51,20,-42,19,15,25
-46,34,6,52,22,-41,21,15,23
-27,48,9,55,24,-38,21,16,22
7,67,4,56,25,-36,23,17,21
47,88,1,52,23,-33,23,17,21
26,70,0,53,27,-30,16,17,23
14,50,-11,50,28,-32,9,22,28
-9,49,-14,53,32,-32,15,40,37
-42,61,14,54,37,-43,18,44,39
-37,47,10,54,43,-54,28,47,40
-16,44,-11,37,43,-59,27,48,40
-50,44,-22,32,38,-53,27,49,40
-46,48,-22,37,33,-42,32,44,37
-31,45,-14,41,28,-43,34,37,33
-26,43,-7,42,14,-43,33,28,30
-23,44,0,43,9,-42,28,25,29
-18,44,1,46,11,-42,19,22,25
-6,46,1,49,9,-42,13,22,23
3,49,7,50,11,-40,14,21,23
24,61,19,56,17,-41,13,22,24
23,62,23,51,14,-41,14,20,26
16,68,17,42,15,-40,17,19,26
-12,73,12,40,14,-38,13,16,34
-27,77,7,36,14,-34,15,19,42
-46,49,0,36,15,-31,19,24,49
-52,25,-5,37,14,-30,19,24,51
-52,0,-14,36,16,-28,23,21,52
-46,-3,-14,37,16,-29,30,19,53
-43,10,-9,42,19,-30,31,21,49
-47,5,-6,42,20,-29,28,21,42
-41,4,-5,42,19,-28,26,19,37
-34,11,-6,43,17,-24,23,16,30
-33,14,-5,41,16,-22,21,14,26
-38,12,-4,42,14,-19,16,13,24
-49,19,2,45,13,-22,15,14,25
-19,62,12,49,16,-25,16,16,25
17,82,11,51,16,-28,17,23,23
21,76,9,53,18,-32,15,26,26
0,58,21,54,23,-40,12,32,31
-17,53,16,55,27,-51,15,35,29
-27,43,1,50,35,-71,24,32,35
-27,48,-8,37,33,-72,29,38,42
-39,43,-17,35,36,-67,32,46,44
-31,50,-18,33,39,-64,30,45,42
-31,51,-21,31,37,-55,33,40,39
-32,47,-18,31,28,-44,34,36,35
-32,44,-9,32,25,-41,32,33,32
-24,43,0,32,22,-39,24,28,26
-16,43,5,33,21,-38,19,24,23
-5,44,11,35,21,-31,14,23,22
-1,46,13,35,14,-28,12,24,21
15,60,21,36,20,-29,14,25,21
21,64,22,40,22,-31,14,25,21
6,68,21,39,22,-32,18,19,22
-8,83,18,39,19,-30,21,21,28
-39,70,8,41,20,-32,26,23,37
-50,33,-2,48,22,-37,25,24,40
-47,16,-13,49,20,-36,23,29,44
-37,0,-17,48,23,-37,29,29,48
-40,5,-13,48,23,-38,30,26,48
-50,7,-10,48,23,-37,34,24,45
-51,-1,-9,46,23,-32,33,25,42
-44,1,-8,45,22,-28,28,25,37
-38,8,-7,42,19,-24,25,24,33
-37,11,-4,38,17,-21,21,21,28
-43,12,-1,37,16,-19,19,18,26
-46,21,3,36,16,-20,17,15,23
-33,63,5,37,16,-22,19,13,23
-16,65,5,39,18,-24,21,16,24
39,98,0,44,18,-27,23,23,24
39,95,19,47,16,-29,21,28,25
2,62,28,49,20,-34,19,38,32
-30,26,9,50,24,-39,14,36,33
-29,35,-8,48,33,-51,19,33,36
-35,56,-14,48,33,-60,28,36,39
-23,55,-14,38,37,-63,30,41,41
-26,48,-16,36,37,-60,28,40,41
-34,46,-16,33,34,-46,32,33,37
-35,43,-8,32,29,-39,31,30,34
-33,41,-4,32,26,-36,28,28,30
-20,42,0,33,21,-33,21,25,26
-12,45,3,33,19,-34,18,24,24
0,49,12,33,19,-34,14,25,25
10,56,17,34,21,-35,14,26,23
23,65,18,34,23,-36,16,22,24
13,64,16,34,23,-37,15,18,25
2,71,13,35,25,-37,13,14,30
-20,87,12,35,25,-36,18,19,38
-35,70,7,41,28,-38,25,20,42
-48,30,-1,40,28,-40,21,25,45
-55,7,-12,43,29,-39,25,25,49
-49,-6,-16,49,31,-38,32,25,50
-44,8,-11,50,32,-36,36,28,51
-46,6,-7,48,28,-30,34,26,44
-44,0,-3,45,25,-27,31,24,39
-38,4,-3,41,20,-24,26,19,33
-35,10,-4,37,12,-16,24,18,31
-37,10,-2,36,10,-14,19,15,26
-46,16,6,35,10,-14,17,12,25
-41,43,2,34,10,-14,17,9,23
-8,57,-1,38,12,-17,20,12,24
28,90,3,41,16,-22,23,23,26
-7,76,11,42,18,-28,21,31,26
16,71,42,43,26,-44,18,30,28
0,51,23,39,33,-59,15,26,26
-25,32,-4,26,43,-69,20,21,28
-42,34,-15,21,36,-62,32,29,40
-27,53,-17,26,43,-66,37,42,42
-7,62,-19,24,51,-72,33,41,41
-32,47,-19,25,50,-62,33,40,42
-47,44,-13,32,48,-50,33,40,37
-40,43,-9,35,45,-44,32,38,34
-22,44,-3,41,41,-35,27,33,28
-15,44,0,46,37,-29,20,28,23
-11,43,5,40,37,-30,16,25,21
-8,46,8,38,37,-32,12,24,21
3,52,16,37,33,-35,14,23,22
23,63,20,33,34,-42,19,23,23
11,63,18,33,26,-40,17,19,22
-10,77,15,28,17,-37,20,18,31
-30,71,11,32,16,-35,25,16,38
-35,45,2,36,10,-28,19,18,41
-39,28,-3,35,6,-24,14,21,45
-48,5,-13,32,7,-23,17,19,48
-50,0,-15,32,7,-23,27,18,50
-49,7,-11,36,11,-26,33,21,51
-45,10,-7,39,16,-32,36,26,47
-50,7,-6,43,17,-38,31,28,43
-45,11,-3,43,24,-44,23,24,35
-41,9,-1,41,23,-42,21,22,31
-46,8,0,42,23,-39,19,18,26
-50,10,3,43,23,-35,19,16,25
-32,57,0,43,25,-36,21,16,23
0,67,0,44,28,-37,25,19,23
24,77,5,44,29,-38,25,25,24
-21,76,0,47,34,-45,19,27,26
-4,53,12,45,33,-49,14,27,26
28,64,15,39,33,-51,11,29,30
-14,50,14,34,29,-44,12,34,35
-53,36,3,37,32,-45,17,37,36
-44,35,-9,33,37,-52,22,39,37
-19,49,-16,24,35,-52,26,44,41
-24,53,-14,26,32,-55,32,45,43
-40,47,-12,32,32,-57,30,41,41
-41,42,-9,36,32,-54,27,35,38
-25,47,0,43,29,-50,23,31,34
-11,50,3,51,25,-46,17,26,28
0,48,6,51,13,-34,12,24,26
13,54,20,51,15,-31,7,25,24
23,66,31,49,19,-27,3,23,22
13,76,28,44,16,-26,3,19,22
4,90,17,39,19,-27,9,17,23
-27,75,-7,31,18,-28,19,21,30
-60,55,-14,37,17,-30,32,23,39
-50,6,-15,35,14,-31,36,16,41
-40,-16,-21,34,14,-32,36,16,46
-49,-8,-12,35,18,-34,32,17,51
-52,5,-4,35,19,-35,35,19,51
-55,-5,-2,39,19,-34,36,19,49
-49,-9,0,45,20,-31,32,24,42
-43,-5,0,45,19,-30,25,27,37
-49,1,0,45,19,-26,19,26,30
-55,5,6,42,18,-25,16,22,27
-49,16,3,41,16,-22,13,14,25
-35,68,11,42,17,-23,12,12,23
23,86,13,44,19,-25,15,16,23
-3,77,7,46,24,-30,22,26,25
-1,64,2,45,25,-30,17,28,25
13,56,-6,48,28,-35,12,29,29
8,53,-4,47,31,-39,15,29,30
-25,55,0,42,39,-51,20,30,31
-34,51,0,35,41,-51,25,35,36
-33,44,-8,35,42,-50,30,47,41
-37,42,-13,34,45,-51,26,47,43
-39,44,-14,32,42,-51,25,46,42
-34,48,-13,37,37,-51,28,42,38
-33,44,-9,42,32,-53,29,37,36
-31,41,-1,46,28,-50,24,30,30
-22,43,1,46,28,-47,18,29,27
-7,46,0,50,28,-48,14,25,23
0,49,1,48,25,-41,14,22,23
10,55,15,47,25,-36,12,23,22
25,64,24,46,19,-30,9,23,23
7,67,25,42,20,-28,8,21,25
-6,87,19,35,14,-24,7,19,25
-22,85,9,32,9,-22,13,20,37
-50,46,-7,33,8,-22,20,21,49
-51,18,-14,36,9,-27,28,19,54
-39,-12,-20,32,8,-29,30,15,55
-44,-9,-18,30,13,-36,33,19,53
-53,7,-16,34,17,-39,37,22,50
-56,5,-17,37,18,-37,36,23,44
-49,0,-12,44,20,-36,25,26,35
-37,7,-8,49,21,-35,19,25,30
-41,3,-5,46,19,-31,14,19,24
-43,7,0,44,17,-30,15,14,22
-39,12,-3,44,18,-30,19,11,21
-15,64,11,46,20,-32,23,12,21
13,85,17,50,25,-33,26,16,24
2,69,12,51,28,-34,20,27,26
14,67,8,52,31,-35,17,36,29
16,69,10,55,40,-44,14,41,32
-33,53,8,52,44,-51,17,39,35
-43,40,-2,40,47,-58,27,37,38
-46,36,-16,31,46,-59,32,37,39
-30,50,-16,25,40,-51,31,43,42
-30,51,-16,27,36,-46,33,38,39
-34,44,-14,30,31,-48,33,30,33
-34,42,-5,30,25,-48,31,26,30
-32,40,1,37,23,-48,26,23,26
-16,41,7,48,24,-48,19,24,21
-3,44,10,48,23,-43,17,26,23
0,48,15,54,35,-39,14,29,23
21,59,24,53,29,-37,13,32,23
18,58,22,49,31,-36,13,33,23
6,64,13,37,26,-32,14,25,23
-4,71,10,36,26,-35,20,16,32
-24,78,11,39,23,-31,24,14,39
-39,64,5,41,16,-26,28,20,43
-60,29,-1,33,10,-23,29,17,46
-57,0,-9,28,10,-24,32,11,51
-53,-6,-7,27,10,-24,37,13,53
-52,8,-3,33,11,-25,40,22,52
-50,0,-2,36,14,-27,36,28,43
-46,-3,-1,37,15,-33,30,26,35
-41,0,-1,39,17,-35,22,23,28
-39,3,-3,40,15,-37,21,19,25
-38,5,-3,41,17,-39,17,12,22
-35,10,-3,44,14,-37,17,8,20
-19,28,2,49,14,-33,17,6,19
1,116,3,50,13,-33,23,8,22
25,80,7,54,21,-37,23,12,23
9,78,0,51,26,-40,17,33,33
-11,72,3,57,42,-49,23,49,30
-16,50,8,55,52,-60,26,40,32
-37,49,-4,51,62,-64,33,46,37
-44,46,-15,36,56,-58,36,49,41
-49,40,-20,32,51,-55,38,46,39
-26,51,-17,29,39,-56,39,41,36
-25,49,-16,33,32,-50,36,36,32
-33,43,-10,37,22,-48,29,30,26
-32,40,-1,43,16,-49,26,25,26
-15,41,10,46,16,-47,22,22,22
-1,43,14,50,23,-47,12,19,22
5,48,15,50,23,-46,9,19,20
19,58,19,57,18,-35,8,22,21
24,67,13,49,23,-42,11,26,25
20,80,12,25,23,-45,21,21,24
-19,73,9,27,19,-39,24,13,31
-44,66,7,29,14,-35,27,1,47
-45,41,6,25,3,-27,28,9,51
-54,10,-5,27,7,-28,30,23,50
-46,-3,-10,33,11,-30,30,25,51
-52,11,-7,28,12,-30,28,26,50
-52,10,-2,36,26,-32,33,30,44
-55,0,0,38,25,-28,31,31,38
-50,3,-1,38,24,-25,26,26,33
-38,9,0,43,20,-23,22,24,30
-32,9,2,44,19,-23,18,18,25
-37,8,3,47,21,-28,17,14,23
-36,19,-3,46,23,-28,18,10,21
-25,82,-2,48,23,-28,21,11,22
25,76,3,51,24,-31,25,21,23
12,77,-1,53,28,-35,23,35,19
3,66,8,51,32,-41,19,36,22
13,67,16,51,37,-52,14,33,25
-24,43,8,41,44,-62,15,37,33
-41,48,-4,34,45,-63,31,49,43
-62,40,-10,36,50,-67,37,45,43
-34,47,-15,35,54,-69,30,44,42
-22,53,-20,31,50,-62,31,44,41
-32,46,-17,34,44,-54,32,37,31
-36,42,-10,37,40,-52,31,33,28
-29,41,-1,43,33,-43,26,31,23
-15,42,4,46,28,-37,19,25,19
7,49,9,54,27,-36,16,23,18
15,50,19,49,21,-32,10,21,21
18,55,24,51,22,-32,9,23,21
29,64,23,47,19,-33,17,25,24
21,68,17,41,14,-34,22,21,27
-9,69,12,40,4,-31,23,9,32
-31,71,9,41,2,-27,25,5,39
-44,47,0,37,0,-23,25,13,47
-48,32,-8,35,5,-21,23,24,48
-46,12,-14,31,3,-23,25,25,49
-47,9,-13,29,5,-28,30,18,51
-44,12,-11,32,12,-34,33,18,50
-44,7,-10,39,15,-35,32,25,44
-45,12,-7,48,18,-36,27,28,41
-45,13,-6,58,23,-39,23,25,33
-44,14,-4,61,25,-42,21,21,28
-41,20,0,62,28,-42,19,15,23
-38,41,-1,57,29,-39,20,16,21
-10,53,1,57,29,-36,25,17,22
23,76,5,55,28,-30,30,19,23
2,63,6,51,29,-27,30,21,21
7,55,10,48,30,-25,27,23,20
22,64,26,44,30,-25,24,26,23
5,63,33,40,26,-25,21,31,25
-10,48,13,37,21,-29,21,31,28
-51,29,-14,37,19,-34,26,38,32
-51,37,-18,39,21,-51,34,44,33
-13,62,-15,32,20,-59,36,45,40
-31,45,-12,30,20,-58,35,42,40
-46,42,-13,33,23,-54,37,35,35
-41,44,-10,36,25,-53,36,30,29
-25,47,-7,42,22,-50,34,26,26
-7,46,2,48,20,-46,26,23,23
-3,48,9,54,21,-43,19,22,21
1,47,18,56,19,-41,12,23,21
11,53,22,58,20,-36,12,28,24
26,67,23,60,25,-36,14,26,25
1,65,15,52,24,-33,17,20,27
-8,75,18,45,17,-27,19,14,34
-32,64,12,44,15,-25,21,15,39
-43,46,3,40,16,-23,20,19,42
-45,18,-8,35,15,-22,18,23,43
-50,4,-13,35,16,-23,25,23,49
-51,3,-12,35,18,-26,33,21,50
-46,10,-10,34,17,-30,35,19,48
-48,3,-8,35,17,-33,35,24,43
-40,10,-6,39,14,-32,32,25,39
-38,13,-6,44,14,-33,25,23,33
-42,13,-5,45,14,-33,22,20,29
-40,15,-2,46,14,-33,19,15,24
-45,32,1,47,15,-33,18,13,23
-30,51,5,49,16,-32,20,16,24
18,72,12,53,19,-33,23,21,24
25,80,6,54,21,-34,23,27,25
5,65,5,56,24,-37,22,34,25
0,58,16,53,26,-39,21,34,28
-21,49,15,50,37,-49,17,32,30
-36,42,4,47,44,-55,19,37,33
-37,48,-7,35,42,-55,31,46,38
-25,52,-16,31,41,-56,39,46,36
-22,52,-21,27,40,-51,40,37,33
-25,50,-22,27,33,-42,40,33,29
-30,47,-13,31,30,-40,35,31,25
-29,42,1,39,25,-43,30,26,23
-12,43,7,41,25,-42,25,23,22
-3,46,8,42,24,-41,18,22,19
0,46,12,42,23,-39,14,23,20
11,54,16,46,25,-39,16,26,23
17,63,18,47,28,-41,20,28,24
8,63,16,48,25,-38,25,20,26
0,76,17,43,21,-37,24,14,30
-14,75,18,38,19,-35,22,14,37
-41,54,6,41,19,-30,19,20,39
-50,25,-9,44,14,-26,19,25,44
-47,10,-16,40,14,-24,26,24,46
-46,0,-16,31,13,-23,32,21,48
-47,3,-13,32,13,-24,39,17,49
-50,7,-10,37,17,-27,37,19,46
-51,3,-9,37,15,-27,34,21,42
-41,10,-5,42,16,-31,30,22,37
-38,11,-3,46,17,-34,25,18,30
-41,12,-1,48,19,-36,22,15,26
-44,15,3,50,21,-37,19,11,23
-39,52,0,50,21,-38,21,13,22
2,68,1,52,24,-37,23,20,23
7,75,1,54,25,-38,23,26,24
-3,62,14,52,28,-44,22,34,23
13,64,23,51,34,-50,19,37,23
10,62,21,44,37,-51,21,36,26
-24,45,8,33,39,-52,22,34,35
-48,36,-12,28,45,-52,25,33,35
-35,41,-19,24,44,-50,35,37,38
-16,60,-17,26,41,-49,37,40,39
-32,50,-16,35,33,-49,34,38,38
-40,44,-14,41,28,-47,37,35,35
-36,42,-8,44,25,-45,33,32,29
-25,45,-3,49,28,-42,26,30,25
-13,46,1,52,30,-42,22,26,22
-8,45,4,53,31,-41,17,24,21
-5,48,8,54,31,-40,17,26,21
9,56,19,60,27,-34,19,26,23
22,65,28,44,23,-35,18,24,25
14,78,33,29,22,-34,13,23,27
1,89,25,31,26,-36,10,20,27
-32,61,-7,29,21,-33,17,17,37
-48,33,-22,27,14,-32,27,17,46
-48,2,-25,31,15,-34,28,24,48
-53,2,-20,22,14,-33,33,26,50
-53,22,-18,22,17,-36,35,25,51
-37,2,-14,28,24,-37,36,25,48
-36,0,-12,32,26,-33,33,23,43
-52,3,-6,37,23,-31,25,20,36
-54,3,-3,41,20,-27,21,17,31
-45,4,-2,42,19,-25,17,14,26
-37,6,0,44,19,-22,16,12,25
-25,23,0,50,21,-21,16,13,25
-29,83,2,54,26,-21,18,16,25
4,72,9,57,26,-32,24,25,24
0,70,-1,58,28,-42,22,26,21
10,61,3,44,36,-43,17,26,26
25,65,17,43,37,-47,14,36,30
-12,69,24,39,43,-55,17,32,32
-46,38,3,33,46,-65,29,32,36
-47,35,-14,19,46,-65,30,36,45
-21,53,-21,20,45,-59,35,38,46
-14,60,-20,27,46,-54,35,35,45
-33,46,-19,33,35,-49,33,30,39
-36,42,-9,37,30,-46,31,26,34
-29,45,-1,45,27,-44,26,23,28
-13,43,3,52,28,-45,21,24,26
-5,43,3,46,18,-42,18,24,23
-5,47,4,44,17,-40,15,27,25
2,51,9,51,16,-32,12,27,25
19,70,19,40,18,-26,10,25,25
12,73,23,33,19,-26,13,24,23
2,85,23,30,24,-26,12,19,29
-35,66,6,27,23,-25,12,17,32
-54,42,0,23,24,-26,17,15,42
-53,8,-13,24,25,-30,21,21,48
-48,-7,-15,23,30,-33,31,23,52
-41,-8,-10,23,31,-36,38,14,55
-46,1,-7,27,35,-38,41,12,55
-61,-2,-9,32,36,-36,37,21,48
-53,0,-8,32,33,-33,35,22,42
-40,11,-8,35,28,-30,30,19,33
-37,15,-3,37,25,-27,25,17,27
-46,14,2,36,23,-25,20,13,22
-48,64,0,38,21,-22,19,12,21
-24,48,7,43,23,-20,23,14,21
24,77,1,46,20,-20,23,19,23
19,77,0,46,20,-23,14,23,22
-2,49,4,45,23,-27,11,26,25
-1,50,14,47,24,-37,13,32,26
-4,69,20,45,33,-51,23,34,32
-35,43,0,33,39,-65,29,39,37
-54,36,-16,31,42,-71,37,39,44
-27,54,-20,17,49,-72,35,40,43
-20,55,-25,22,49,-61,32,41,40
-27,48,-20,32,42,-46,36,36,36
-30,45,-10,37,39,-46,34,29,32
-31,41,2,40,37,-44,27,27,27
-19,42,5,46,31,-36,18,26,21
2,48,4,48,30,-35,16,25,21
0,48,10,47,30,-35,14,24,20
8,55,15,46,29,-44,14,24,20
24,65,18,38,26,-44,16,25,24
17,67,16,30,21,-42,18,22,25
2,78,15,30,19,-39,17,17,28
-19,84,12,30,14,-37,17,17,39
-42,62,0,30,12,-33,19,23,45
-48,30,-8,26,7,-26,21,24,48
-50,-5,-16,26,8,-26,25,22,50
-48,-8,-14,30,18,-28,28,19,51
-53,8,-12,33,19,-27,35,19,51
-50,1,-8,37,23,-27,33,23,46
-49,-1,-6,40,25,-26,28,24,39
-40,4,-1,40,21,-24,25,23,35
-39,8,-1,40,20,-29,19,18,26
-41,9,0,41,21,-30,18,15,25
-43,12,1,40,23,-29,18,14,23
-39,35,10,41,23,-29,21,15,23
0,83,19,42,25,-34,22,16,25
18,74,12,42,28,-37,19,24,26
8,74,-3,42,30,-38,18,36,26
-11,60,-11,42,38,-55,16,33,25
-3,52,-13,37,47,-63,23,32,29
3,62,3,27,48,-65,28,39,38
-47,50,0,29,53,-67,34,41,40
-41,40,-7,25,56,-65,32,44,43
-35,47,-16,28,50,-52,32,41,40
-28,50,-15,33,43,-46,32,33,33
-21,48,-12,39,37,-43,29,29,29
-16,44,1,41,34,-41,22,24,25
-13,44,13,41,29,-37,16,24,23
-1,44,19,41,28,-36,11,23,21
12,52,19,39,26,-39,7,23,23
33,67,19,34,25,-39,7,25,24
17,67,16,31,23,-38,13,24,25
-11,75,10,35,19,-37,18,20,28
-30,84,8,36,16,-37,31,19,39
-37,57,4,33,19,-33,30,15,44
-44,22,-6,32,15,-28,23,20,47
-46,3,-15,33,18,-28,25,26,49
-53,1,-16,33,24,-34,28,25,49
-52,7,-14,31,25,-33,31,23,48
-47,-1,-11,31,27,-30,33,23,44
-47,-3,-8,32,26,-29,25,25,36
-44,3,-4,30,21,-25,22,23,32
-41,8,-3,32,17,-24,18,19,30
-37,10,-3,35,16,-23,16,18,29
-35,22,-5,38,15,-23,16,13,26
-28,42,2,38,15,-25,19,11,26
-3,76,13,43,18,-27,21,11,25
34,85,12,46,20,-30,19,14,25
26,76,3,42,24,-38,15,28,28
14,70,7,42,31,-49,14,35,30
-32,46,12,40,40,-63,16,33,30
-33,43,4,30,47,-68,27,41,41
-33,48,-9,28,48,-68,35,45,41
-30,50,-16,24,59,-71,32,45,42
-29,50,-19,24,51,-61,31,41,42
-27,48,-16,35,44,-48,32,35,37
-25,47,-10,40,41,-44,28,30,32
-23,44,1,42,36,-39,23,24,26
-16,43,6,40,29,-32,18,24,23
1,47,11,42,28,-30,14,24,22
12,54,16,44,27,-33,12,23,23
30,66,23,42,30,-37,11,25,24
19,67,23,32,22,-37,14,24,24
0,73,16,31,19,-37,19,17,25
-30,93,14,30,18,-35,27,14,32
-42,73,6,32,18,-33,30,13,39
-48,35,-3,32,18,-29,24,16,48
-42,19,-11,32,22,-26,23,26,50
-42,4,-20,32,25,-29,26,26,51
-50,0,-22,29,27,-32,27,23,51
-48,-5,-19,28,26,-32,29,20,49
-46,-4,-14,29,24,-30,26,19,45
-39,0,-10,30,17,-26,21,21,40
-35,2,-6,33,14,-26,17,20,36
-34,3,-4,36,12,-26,13,16,32
-41,4,0,37,11,-27,9,11,28
-35,12,2,43,12,-28,10,7,26
-12,87,14,46,15,-30,13,4,20
10,93,8,49,18,-32,17,11,21
-2,78,1,47,22,-34,21,25,24
20,98,31,45,27,-38,21,37,30
23,80,21,46,42,-58,17,38,31
-44,22,-5,41,54,-68,23,41,39
-70,25,-7,28,55,-71,35,49,44
-43,49,-14,26,61,-69,34,50,42
-19,57,-15,33,60,-53,26,50,41
-24,48,-18,37,52,-48,32,40,33
-38,44,-10,38,41,-45,31,35,29
-29,42,-3,43,31,-42,25,28,25
-12,44,6,45,29,-43,21,24,24
1,47,11,45,25,-39,15,24,20
8,48,18,45,25,-41,11,23,18
19,55,25,45,16,-37,8,24,19
36,77,22,33,14,-39,12,26,19
3,75,10,37,8,-37,19,16,25
-19,83,12,33,5,-29,16,10,33
-47,63,1,30,2,-26,18,14,42
-49,39,-6,28,7,-25,25,13,51
-44,5,-14,26,7,-25,25,17,55
-48,-8,-16,26,12,-32,26,26,56
-52,-4,-12,31,23,-41,21,23,55
-48,1,-11,33,29,-45,24,25,48
-46,1,-9,34,32,-43,28,25,43
-40,6,-5,37,30,-40,25,25,36
-39,10,-2,40,26,-34,21,25,32
-41,14,-1,41,25,-31,16,21,27
-44,18,2,40,23,-28,14,16,26
-34,62,16,40,24,-28,13,14,25
-2,79,27,40,24,-28,14,15,23
6,73,15,43,26,-30,15,21,22
11,66,5,42,30,-33,14,27,22
-9,44,-16,39,32,-40,12,27,27
0,48,-15,37,33,-46,18,30,31
14,86,-2,31,35,-57,21,35,37
-43,50,5,29,38,-64,26,42,44
-56,34,-2,28,42,-70,28,42,48
-39,42,-14,27,42,-66,31,41,47
-27,54,-18,27,38,-62,33,39,42
-29,49,-21,34,34,-57,33,34,37
-27,45,-16,38,33,-54,28,28,31
-24,44,0,42,29,-50,23,25,27
-13,42,10,43,30,-49,15,23,24
-2,45,12,41,34,-47,9,21,22
16,58,23,41,32,-44,5,26,21
35,70,25,39,33,-43,5,26,22
17,65,17,37,31,-38,6,16,28
-8,69,13,32,23,-32,8,15,32
-32,65,5,34,18,-27,15,22,40
-46,44,2,33,12,-26,20,19,43
-46,16,-3,26,8,-24,22,17,51
-54,1,-7,24,8,-25,26,20,55
-60,6,-7,26,12,-27,32,20,55
-52,9,-2,30,21,-36,31,20,52
-51,6,0,30,25,-36,31,21,49
-48,10,0,32,25,-34,26,24,42
-42,11,0,37,24,-32,22,25,37
-41,10,1,38,22,-28,14,22,32
-39,11,0,41,21,-29,11,18,27
-36,23,0,42,25,-32,10,14,24
-21,63,5,43,27,-35,12,12,19
14,56,9,44,30,-37,13,13,17
3,71,2,40,32,-38,16,23,21
-12,61,-9,38,33,-39,16,24,24
15,61,-2,37,34,-42,14,22,27
11,68,23,36,39,-51,14,31,35
-40,44,14,37,46,-63,19,42,41
-51,34,-6,29,56,-74,25,48,46
-53,35,-22,22,51,-72,33,54,48
-32,57,-23,24,50,-61,28,53,46
-19,55,-25,32,45,-56,32,47,40
-31,44,-14,39,41,-53,29,35,33
-35,44,-5,44,32,-45,24,29,29
-20,42,6,50,30,-43,18,23,23
0,43,10,49,28,-39,14,21,20
13,52,18,47,28,-36,7,21,21
27,69,27,52,21,-29,5,25,21
23,81,33,45,25,-30,8,22,22
15,96,28,36,22,-32,10,19,25
-29,74,4,32,17,-33,13,19,32
-62,26,-10,32,15,-31,17,20,37
-53,7,-16,24,17,-32,26,20,44
-42,-3,-17,25,15,-32,37,18,50
-48,0,-12,21,19,-34,37,23,48
-51,2,-13,20,20,-35,39,21,56
-53,-5,-13,29,23,-37,35,25,52
-48,-3,-8,29,26,-35,35,25,45
-43,4,-8,31,23,-33,30,25,40
-44,8,-6,38,21,-33,21,20,33
-44,12,8,37,21,-32,14,17,27
-47,24,9,36,20,-29,10,14,23
-33,33,16,40,23,-28,10,12,23
1,67,12,43,24,-27,13,17,23
20,77,0,46,26,-27,15,23,22
16,65,2,46,28,-28,13,21,23
16,56,17,46,30,-30,8,24,25
-17,43,9,58,37,-31,14,36,32
-65,26,-11,55,40,-41,22,35,33
-53,37,-16,51,45,-51,32,48,41
-9,63,-20,44,50,-66,37,60,41
-23,53,-22,39,49,-67,32,54,42
-36,45,-16,26,41,-60,29,48,39
-39,46,-8,25,36,-53,28,41,34
-27,42,3,25,30,-48,24,31,27
-5,47,10,30,29,-47,18,24,23
11,50,17,34,30,-47,10,19,17
14,51,30,33,32,-45,7,19,19
33,67,35,39,37,-44,0,24,23
16,70,33,39,25,-34,-1,28,21
1,91,25,25,27,-31,10,21,25
-31,75,0,39,26,-30,21,15,33
-52,50,-17,43,26,-31,35,14,46
-44,12,-28,48,21,-31,37,23,48
-36,-7,-27,49,17,-29,32,31,50
-54,-1,-20,45,20,-29,31,32,52
-57,-1,-12,44,17,-27,28,30,51
-52,-8,-8,42,18,-27,35,28,46
-52,-3,-3,42,19,-25,32,28,39
-43,0,0,41,15,-27,24,26,30