-12,36,16,23,-1,36,1,12,41
7,40,16,22,-1,35,1,12,40
-2,53,12,21,-1,35,3,12,39
-5,41,12,21,-1,34,3,12,38
-5,42,11,20,-1,34,3,12,38
-7,42,9,21,-1,34,3,12,37
-4,39,12,22,-1,33,3,12,37
-10,33,-4,22,0,34,3,12,38
0,48,1,25,0,35,1,13,39
-7,52,6,27,0,37,1,15,41
-3,59,11,28,0,39,1,17,47
-19,64,8,36,0,41,3,21,50
1,63,22,37,3,43,6,24,56
0,87,25,31,3,45,5,23,57
-18,63,24,25,0,47,2,20,54
-21,60,14,29,-1,46,2,19,49
-10,54,7,29,-3,44,2,18,44
-23,24,12,25,-8,41,1,16,41
-33,25,11,25,-8,39,3,16,39
-23,40,4,22,-4,35,5,14,39
-21,26,0,23,-3,33,5,15,40
-26,7,5,23,0,32,6,16,39
-49,5,7,21,0,33,5,15,38
-45,26,9,21,0,33,2,13,37
-20,35,14,23,-1,35,2,13,36
3,52,17,23,-3,35,1,13,37
8,64,17,26,-4,35,2,16,38
-36,42,33,26,-3,35,1,17,40
-35,44,33,30,-2,36,2,18,44
35,74,28,32,0,38,4,19,48
12,85,19,32,0,40,4,21,50
-16,61,16,27,1,42,3,20,49
-28,46,10,25,-1,42,3,18,45
-26,42,5,26,-5,41,4,18,42
-10,22,5,29,-6,41,5,19,41
-11,46,-6,28,-5,39,6,19,41
-20,26,-4,24,-3,37,6,18,41
-30,23,0,21,-1,35,6,17,39
-31,33,4,21,-2,34,5,16,38
-12,43,5,22,-3,34,6,14,37
0,45,7,23,-3,34,7,14,37
-1,51,6,23,-2,33,5,14,38
-10,51,5,23,0,32,5,16,38
-16,44,0,24,1,33,5,17,38
-20,40,12,25,1,35,3,19,39
-17,37,12,28,0,37,3,19,42
-22,49,16,29,0,39,7,19,46
3,58,15,28,0,41,8,19,46
9,73,19,26,-1,44,5,18,49
6,69,18,28,-3,46,6,19,50
0,71,19,30,-5,48,7,21,52
-11,62,14,30,-4,47,7,21,51
-10,56,12,28,-3,44,6,20,50
0,57,10,27,-3,43,5,19,46
-6,52,9,26,-2,41,6,18,44
-14,29,12,24,-1,39,7,15,42
-33,41,7,22,-1,38,8,12,41
-33,34,12,21,-1,36,7,12,39
-7,34,13,23,-1,35,7,14,39
-1,53,12,23,-1,33,8,14,40
-8,53,10,23,-1,33,8,14,41
-15,45,2,22,0,33,7,14,39
-10,49,-5,23,0,33,3,14,38
-8,42,0,25,1,33,3,16,37
-12,33,2,27,2,34,3,17,37
-19,39,8,26,2,35,3,19,39
-11,38,0,29,1,37,5,20,42
-11,56,7,28,2,40,9,20,44
-23,55,11,24,0,42,8,17,48
-22,60,18,26,-5,43,7,17,48
-13,44,24,30,-5,44,7,17,48
-13,53,19,26,-5,43,7,16,47
-5,60,18,25,-5,41,5,15,46
-5,52,19,28,-3,39,4,16,45
-8,38,15,26,-1,38,4,15,44
-25,39,9,24,-1,38,3,15,41
-33,50,9,23,-1,37,4,14,42
-19,41,11,23,-1,37,5,13,40
5,33,22,24,-3,37,6,14,39
-8,54,9,21,-3,36,6,14,39
-11,42,11,21,-2,35,5,13,38
-13,40,10,22,-2,34,5,14,37
-10,44,9,22,-1,33,5,14,37
3,46,12,23,-1,34,6,13,39
-8,42,7,23,0,34,5,13,39
-10,39,12,23,-1,35,5,14,41
-18,44,9,26,-1,38,7,15,44
-11,54,13,26,-1,39,6,17,46
5,69,20,30,-3,43,6,19,49
-7,78,8,34,-3,44,9,24,52
10,60,22,30,-1,46,8,23,53
23,83,19,29,-4,46,5,20,50
-17,58,17,28,-5,44,6,18,48
-21,46,16,26,-5,41,5,15,43
-18,41,11,25,-4,39,5,14,42
-26,34,9,23,-3,36,6,14,39
-16,39,4,22,-1,35,6,14,40
-26,25,-3,23,0,35,8,16,39
-41,7,5,22,0,34,8,16,39
-55,9,12,21,-1,35,7,16,39
-25,28,10,23,-1,35,6,15,38
-2,40,23,22,-2,34,5,15,37
-5,40,25,20,-4,32,7,14,35
-10,41,30,19,-6,32,8,12,38
-8,48,19,23,-7,34,5,10,40
-27,56,24,27,-5,37,3,15,41
-25,57,14,33,-4,40,1,22,47
45,75,28,35,-2,43,3,23,50
13,76,13,30,-1,44,4,22,50
-41,62,8,28,-6,45,3,22,48
-17,41,3,32,-7,44,6,22,46
-30,37,1,31,-6,42,7,21,44
-46,16,2,26,-4,40,7,20,42
-37,15,7,25,-3,38,7,18,40
-14,28,8,23,-2,36,8,17,39
-8,28,9,22,-2,35,9,15,37
-21,32,12,23,-2,33,9,15,37
-31,35,10,22,-3,32,10,14,38
-29,39,8,23,-2,32,8,14,39
-19,39,10,23,0,33,8,14,39
-8,46,11,23,0,33,7,15,39
-6,49,12,25,0,36,6,16,39
-6,50,9,26,0,37,7,17,39
-23,51,12,24,0,37,7,17,41
-2,50,11,28,0,38,9,18,44
-1,68,16,30,0,39,10,19,47
6,60,10,27,1,42,10,19,49
-23,63,17,28,0,44,8,21,51
-22,59,15,31,-2,46,7,21,50
-7,61,19,29,-4,47,7,19,49
-3,57,16,26,-6,46,7,18,48
-12,37,23,25,-5,42,7,14,43
-15,42,16,21,-5,40,8,12,40
-10,41,14,18,-8,37,5,10,41
-23,42,8,23,-10,36,7,11,41
-36,40,10,26,-8,34,10,12,41
-25,28,11,24,-2,33,11,15,41
-9,39,7,21,0,33,10,16,39
-15,46,4,23,0,35,7,17,37
-27,35,5,24,0,36,9,18,37
-11,41,0,25,0,37,7,21,36
4,57,-4,28,0,38,8,25,35
18,44,-3,32,1,38,10,28,41
-32,55,10,26,4,39,11,23,43
-41,46,18,21,0,42,12,20,45
-28,46,13,25,-3,44,14,17,48
-16,55,12,26,-5,43,14,16,50
0,60,13,24,-6,42,12,12,50
-5,62,17,21,-5,41,9,12,49
-12,45,23,21,-4,39,5,10,44
-11,33,21,22,-4,38,4,9,42
-26,49,2,21,-5,37,3,10,40
-47,35,18,21,-3,36,4,10,40
-22,34,11,22,-2,36,5,10,41
-10,48,9,21,-1,35,7,11,41
-17,49,7,19,-2,36,7,11,41
-5,39,21,19,-2,36,8,12,40
-9,35,14,19,-2,36,7,11,39
4,54,13,20,-3,36,6,11,37
-12,48,-2,22,-2,34,7,12,37
0,28,5,22,-2,34,6,15,37
-11,48,1,24,-2,35,5,17,38
-18,48,21,26,-2,35,5,16,41
14,76,5,29,-2,37,8,19,50
-30,84,7,33,0,42,9,23,53
6,52,26,31,0,45,4,24,53
11,92,23,30,-2,49,4,23,52
-10,65,16,28,-3,49,4,21,47
-19,54,12,28,-8,48,3,17,44
-19,41,6,28,-8,42,3,17,39
-32,25,12,26,-6,38,3,17,39
-43,15,1,23,-4,34,7,16,40
-20,18,0,22,-3,33,9,16,41
-15,5,4,21,-3,33,9,16,41
-36,19,5,21,-3,35,7,15,39
-38,34,8,21,-5,37,7,14,38
-17,39,12,21,-5,37,5,12,37
-5,41,16,20,-5,36,5,11,37
10,60,14,23,-5,35,7,11,39
-28,72,17,23,-4,34,8,13,41
-26,25,24,25,-3,35,8,16,44
22,56,31,27,-1,37,9,18,47
10,83,15,28,-1,40,9,18,49
-11,64,17,26,-3,43,8,19,50
-32,54,13,27,-4,45,7,19,48
-30,42,13,28,-6,45,8,19,45
-22,39,5,27,-6,44,8,18,44
-1,42,-1,26,-4,41,8,17,42
-17,28,-6,25,-2,37,7,18,41
-44,14,-2,23,-1,36,7,16,39
-41,24,7,21,-3,35,7,16,38
-24,36,12,22,-3,34,8,16,37
0,39,13,20,-3,33,10,14,37
1,46,12,19,-4,32,11,13,37
-13,42,2,19,-3,32,9,14,37
-14,43,4,24,-3,33,8,14,37
-21,42,13,26,-1,33,8,17,40
-29,41,16,26,0,36,8,19,42
-18,49,26,26,0,39,7,18,44
-11,64,24,27,0,42,7,19,48
5,76,23,31,2,45,7,20,50
2,74,21,33,2,46,7,21,53
-18,59,14,32,1,48,6,21,53
-24,51,10,29,-1,48,4,19,50
-19,51,15,29,-3,46,3,18,47
-4,52,10,28,-3,43,3,15,44
-6,53,12,26,-3,41,3,13,42
-30,37,11,25,-1,36,4,12,41
-34,37,14,23,0,35,6,12,41
-16,39,14,21,0,33,7,11,40
-1,42,14,21,0,33,7,11,39
-9,46,8,21,0,32,7,12,37
-15,46,4,21,0,33,7,12,37
-22,24,8,21,0,32,7,12,37
-27,34,0,22,0,33,8,12,38
-16,46,3,24,0,34,9,13,39
-12,45,9,24,0,35,9,16,41
-18,50,0,25,0,36,10,17,43
-12,48,-2,26,0,38,11,18,46
-10,69,7,29,0,42,10,21,48
-33,47,13,28,-1,44,8,21,49
-38,40,15,31,-2,45,7,21,50
3,60,8,29,-2,46,7,20,49
21,70,12,28,-3,42,5,17,47
1,54,25,28,-2,41,2,16,44
-20,43,19,28,0,40,1,14,41
-15,48,10,25,0,38,0,13,40
-25,44,20,25,-1,37,1,12,40
-21,36,22,25,-2,35,2,13,41
-7,44,18,25,-2,34,3,12,41
-7,47,14,23,-3,33,4,13,40
-8,46,14,22,-4,34,4,13,39
-10,40,13,22,-4,35,3,12,39
-14,37,7,23,-3,35,4,12,38
-8,41,5,23,-2,35,5,12,38
1,46,10,21,-3,35,6,12,38
-14,41,10,23,-1,35,5,14,39
-30,14,14,25,-2,36,5,16,39
-31,55,21,26,-3,37,6,16,41
19,60,21,27,-3,39,6,16,46
15,75,14,30,-1,41,7,16,50
-26,55,19,30,0,43,8,18,54
-3,65,22,29,-1,46,6,19,55
0,72,21,30,-1,47,5,18,53
-12,60,20,30,-3,48,5,17,51
-22,55,14,30,-4,45,4,16,45
-25,46,9,27,-4,42,4,14,42
-32,30,12,25,-3,37,5,13,42
-40,23,9,24,-1,35,7,13,41
-23,35,7,24,0,33,8,14,42
-12,14,1,24,0,33,8,15,42
-37,21,2,25,0,34,6,15,41
-60,28,1,24,0,37,5,14,40
-27,36,7,24,0,37,4,15,39
2,55,13,25,-1,37,3,15,37
6,45,25,24,-3,36,1,14,37
-37,38,14,25,-3,35,1,12,38
-26,41,27,28,0,34,1,12,41
-26,43,37,27,1,35,2,11,43
-40,50,50,26,1,37,3,11,46
15,69,40,28,0,39,5,13,49
-10,83,17,30,-4,41,6,17,49
0,75,12,28,-6,41,6,19,48
-10,60,1,26,-6,40,7,17,46
-28,39,-1,27,-5,38,7,16,43
-34,31,-1,26,-4,38,7,17,42
-42,14,0,24,-1,37,7,16,40
-30,11,1,25,0,37,8,16,41
-20,21,1,25,0,37,9,17,41
-18,22,4,23,0,37,10,16,41
-25,25,6,21,0,37,8,14,39
-32,37,7,21,-1,36,7,14,38
-20,48,7,22,-1,35,8,14,38
-10,50,10,23,0,33,9,14,38
-3,48,12,23,0,33,8,15,39
-11,42,18,25,0,33,8,17,39
-12,43,19,28,1,35,8,18,41
-12,54,9,28,1,37,8,19,44
0,68,30,27,1,41,7,18,46
-8,55,38,29,2,45,7,18,50
-3,73,35,31,1,47,8,18,52
-3,67,20,30,0,47,7,17,53
0,61,14,31,0,46,5,16,52
15,68,16,30,0,44,3,14,50
-12,49,13,28,1,43,1,12,47
-25,43,7,25,1,42,1,10,45
-28,40,5,26,2,41,2,9,43
-32,34,11,25,3,39,2,10,42
-21,35,8,25,3,37,3,9,42
0,52,4,25,4,35,4,9,41
4,52,0,21,4,34,4,9,39
-10,44,3,21,4,33,5,7,39
-23,37,2,21,4,32,6,7,38
-8,42,2,20,3,30,7,7,37
-5,40,1,19,4,30,7,7,37
-18,42,1,22,5,31,8,8,41
-19,37,-2,24,6,33,8,8,42
-23,45,17,25,8,36,7,9,47
-37,55,21,26,8,39,6,10,50
-27,50,21,29,9,42,5,11,52
-16,44,19,30,8,46,3,11,53
-17,59,16,29,7,49,1,11,52
-7,55,18,29,5,48,1,8,50
-12,50,17,27,3,45,1,7,47
-17,32,17,24,4,40,1,5,44
-32,14,13,22,3,37,2,4,43
-44,56,7,22,3,35,3,5,41
-31,26,17,22,3,32,3,5,41
0,40,13,21,4,32,3,6,40
-11,50,4,20,3,32,3,6,39
-10,46,6,22,3,33,3,8,39
-12,38,19,23,3,34,3,8,39
-16,34,13,23,2,35,3,9,39
-11,50,15,23,1,36,4,10,40
-12,41,0,24,1,37,5,12,39
-7,41,7,24,1,37,4,13,41
-20,56,8,27,0,38,5,14,43
10,55,18,30,0,38,8,17,46
26,69,12,30,0,40,11,19,53
-24,67,17,31,1,45,11,21,56
11,61,25,29,0,48,7,21,55
-7,67,20,28,-3,50,5,19,51
-1,51,15,29,-6,50,5,17,45
-4,48,16,28,-7,47,7,16,42
-25,38,15,24,-5,40,9,14,41
-18,48,8,23,-3,37,10,13,41
-21,24,3,19,0,33,10,13,41
-37,18,4,20,0,33,10,13,41
-48,28,5,22,-1,33,9,12,40
-26,34,6,22,0,33,8,12,40
-5,36,19,23,0,36,7,12,41
-4,44,11,23,-1,37,5,12,40
-10,46,13,23,-1,38,5,12,39
-32,42,9,24,-3,38,4,11,38
-32,37,11,24,-5,37,5,10,38
-8,48,21,23,-3,35,5,10,39
-12,60,37,25,-3,35,5,12,41
8,47,23,28,-2,36,7,13,45
12,89,23,27,0,38,9,16,49
0,55,7,26,0,40,8,18,48
-30,63,2,27,-1,44,8,18,48
-32,56,3,28,-3,45,10,18,48
-23,43,0,28,-4,46,10,16,47
-29,37,1,26,-3,47,11,14,46
-32,25,5,22,-3,45,10,14,44
-20,31,7,22,-3,42,10,15,42
-4,33,3,23,-3,38,10,15,39
-10,35,5,20,-5,34,11,16,36
-32,34,8,21,-6,32,12,16,36
-24,37,4,20,-6,29,12,14,35
-3,48,6,19,-5,29,12,14,36
-13,43,7,21,-2,30,12,15,37
-17,37,10,23,0,33,12,15,38
-12,45,6,23,-1,36,12,16,40
-20,56,17,22,-1,39,12,16,41
0,59,26,24,-2,42,12,17,45
7,68,33,28,-1,43,14,20,51
-6,75,23,30,-1,46,16,22,53
-13,68,16,28,-1,47,11,21,52
-8,58,16,27,-3,48,8,21,50
0,62,14,29,-3,48,8,20,47
-2,52,12,28,-4,46,10,19,45
-25,37,7,25,-5,42,9,17,41
-30,37,2,23,-3,39,9,17,39
-42,39,4,22,-3,37,10,17,39
-26,36,7,21,-3,35,12,15,39
0,36,15,20,-3,34,12,14,38
-4,41,10,19,-3,33,12,14,37
-17,38,8,19,-3,32,12,13,37
-24,36,7,20,-3,32,11,14,37
-20,40,7,21,-3,33,11,16,37
-22,38,8,23,-1,34,10,17,38
-16,38,9,24,0,35,11,18,40
-15,49,1,25,0,38,12,18,42
-10,47,2,28,0,41,12,20,46
-22,63,16,29,-1,43,12,21,48
-32,44,23,28,-3,45,9,19,48
-30,50,20,30,-4,46,8,19,49
-13,53,12,30,-3,45,7,17,48
4,57,18,27,-4,44,4,14,46
-19,49,25,28,-4,41,3,12,43
-18,37,19,26,-3,39,5,12,42
-28,46,12,23,-3,37,6,10,42
-32,51,12,23,-3,35,5,10,41
-12,36,23,24,-3,34,5,11,39
-5,42,17,23,-3,32,6,12,39
-12,44,12,21,-2,32,6,11,39
-17,43,7,22,-1,32,7,12,39
-12,39,12,23,0,32,7,13,39
-12,32,10,23,0,33,6,13,37
-1,44,19,23,0,35,5,13,37
-13,33,3,25,-1,37,6,15,39
-14,33,7,25,0,38,8,16,41
-31,58,6,25,-2,39,8,15,42
3,58,17,26,-3,40,10,17,45
29,71,8,28,-3,41,12,19,48
-21,74,20,27,-5,42,14,20,51
5,55,29,27,-7,46,14,19,54
-2,69,25,26,-7,46,14,20,52
-6,58,23,26,-8,45,14,20,50
-14,59,14,26,-9,42,13,19,44
-23,47,6,25,-8,40,12,17,42
-18,40,12,24,-5,37,10,17,40
-8,46,3,24,-4,35,8,16,39
-25,25,-1,25,-1,34,7,16,39
-40,5,0,25,0,33,6,16,39
-67,4,7,24,0,33,4,14,38
-52,21,7,23,0,34,4,13,38
-11,39,14,25,-1,35,4,14,38
0,42,21,25,-3,36,4,13,38
0,46,19,24,-3,36,4,12,39
-11,53,17,24,-3,36,4,12,39
-7,50,14,26,-2,35,2,12,39
-10,44,22,28,-1,34,1,14,37
-7,36,22,30,0,33,1,16,41
-7,53,30,31,0,34,3,16,45
-23,51,17,31,0,37,7,19,49
30,108,43,30,-2,40,7,21,51
19,63,16,30,-6,44,7,22,48
-20,50,4,28,-10,46,7,21,46
-29,55,11,31,-12,46,8,20,45
-10,50,8,30,-10,42,10,20,43
-16,38,3,26,-8,39,11,20,41
-35,23,0,23,-5,35,11,18,40
-42,23,-1,22,-3,34,11,17,40
-21,35,3,23,-5,34,13,18,40
-8,30,3,23,-5,33,14,18,40
-12,27,1,22,-5,34,10,17,38
-26,35,4,23,-5,34,10,18,38
-32,36,7,24,-5,35,11,19,37
-24,41,10,23,-4,35,9,17,37
-7,38,13,22,-5,35,8,16,37
-6,42,10,24,-4,35,8,16,37
3,62,12,26,-2,35,8,15,38
-7,64,23,24,-2,35,7,14,39
20,64,38,28,-1,35,10,16,44
2,72,35,30,-1,36,13,18,51
-30,64,22,32,1,39,12,21,53
-35,51,17,33,2,43,8,24,54
1,71,18,32,1,46,5,24,51
7,65,13,36,-1,47,3,22,48
-25,44,18,35,-2,46,3,19,46
-28,35,12,29,-1,43,4,17,44
-19,40,10,26,-2,41,5,15,41
-33,40,11,26,-1,37,6,14,42
-23,36,12,24,-2,36,9,12,41
-3,41,12,23,-3,35,9,12,38
-6,44,10,20,-3,33,8,12,37
-9,35,14,21,-4,33,7,11,36
-25,28,13,20,-3,32,7,10,36
-28,37,4,20,-3,32,8,8,37
0,50,7,22,-2,32,8,10,37
-2,58,4,25,0,33,10,15,39
-25,32,0,25,0,34,10,19,41
-40,47,6,28,0,36,12,22,45
-5,57,16,29,0,37,13,23,48
4,64,8,30,-2,42,13,24,50
-21,50,16,33,-3,46,12,24,50
1,57,21,31,-4,48,10,23,49
0,52,24,26,-4,46,8,18,45
0,49,24,26,-4,44,8,15,43
-5,53,21,24,-6,40,10,12,42
-16,40,21,23,-5,37,10,12,41
-28,35,24,20,-5,34,9,11,39
-24,32,24,20,-5,33,8,11,40
-21,36,24,20,-4,33,9,10,41
-22,39,21,21,-3,34,7,10,41
-23,37,17,21,-4,36,6,11,40
-22,38,12,24,-4,37,6,13,40
-15,47,5,23,-3,38,7,14,39
10,66,7,23,-3,37,9,14,38
6,26,14,23,-3,35,11,14,37
-31,19,8,22,-2,33,12,15,35
-44,36,26,20,-3,33,9,15,37
10,50,28,28,-5,34,11,17,47
-21,74,23,34,0,38,14,21,51
-21,33,27,29,1,42,7,23,50
-12,69,23,24,-1,48,1,22,50
3,68,20,30,-9,52,3,22,50
15,74,21,33,-12,51,8,19,49
3,66,21,30,-12,44,10,18,45
-4,55,14,26,-9,39,8,16,43
-15,45,11,23,-4,35,8,16,42
-41,21,8,24,0,35,9,17,41
-39,32,0,25,0,35,10,17,41
-30,24,2,23,1,36,10,18,40
-32,6,10,21,0,37,8,18,39
-36,23,10,22,-2,39,9,16,38
-19,39,11,21,-5,39,11,14,37
-5,46,16,19,-8,38,11,12,37
0,46,21,17,-10,36,13,12,37
-7,53,17,16,-12,35,14,10,38
-4,50,25,18,-12,34,15,9,42
-25,42,21,22,-10,34,15,9,44
-22,53,44,25,-5,36,13,14,46
-16,46,21,28,-1,38,12,18,46
8,71,28,30,1,41,11,21,47
-7,73,7,27,1,42,10,20,48
-21,68,6,27,0,42,9,19,46
-13,47,10,28,-3,42,10,17,44
-37,24,4,26,-4,42,10,17,42
-34,23,5,25,-3,40,9,17,41
-11,31,0,25,-3,38,8,17,41
-13,24,1,25,-2,37,8,16,39
-35,19,3,23,-1,35,8,15,39
-39,25,7,21,-1,35,8,14,38
-24,37,10,22,-1,34,7,12,37
-14,42,14,23,-1,34,7,12,37
-7,44,12,23,-2,33,7,12,38
-1,50,12,23,0,34,7,13,37
-6,46,14,25,0,34,7,14,39
-35,49,30,27,0,34,9,16,42
-5,49,29,28,0,35,11,18,46
27,88,33,32,1,38,11,21,50
6,70,14,33,2,41,10,22,51
-35,53,11,34,3,44,7,22,52
-40,45,13,33,1,48,5,22,51
-26,36,20,32,0,49,5,18,49
-9,47,12,31,-5,47,5,17,47
-25,42,13,30,-5,44,6,16,43
-43,30,10,26,-4,39,7,15,42
-28,39,20,23,-3,37,9,13,41
-4,46,18,21,-3,35,8,12,39
-1,48,16,22,-3,33,8,12,37
-15,50,6,22,-2,31,8,13,37
-21,53,3,23,0,31,8,13,36
-32,14,21,23,0,30,7,12,39
-45,17,2,25,3,32,8,14,39
-22,51,-6,26,4,34,9,20,40
-2,51,2,28,4,37,8,21,40
-11,48,2,30,0,41,7,22,42
-21,40,10,28,-3,42,9,22,43
5,67,-6,30,-3,44,12,23,46
-16,67,9,30,-5,44,13,21,47
-51,44,21,27,-5,43,13,19,48
-17,48,19,26,-2,42,12,17,48
-2,59,23,25,-1,41,8,14,47
0,58,23,23,-1,39,8,9,44
-5,59,22,20,-3,38,7,7,43
-4,33,21,20,-4,36,8,7,40
-15,33,8,17,-5,34,8,7,40
-50,33,12,16,-6,34,8,7,39
-31,34,8,17,-5,33,8,8,39
-10,30,10,17,-3,33,8,8,38
1,46,11,16,-3,35,8,10,38
1,41,6,18,-2,36,8,10,39
3,50,17,20,-1,37,4,12,38
-16,46,12,24,-3,39,0,14,37
0,35,5,27,-1,41,4,14,41
-1,55,5,22,0,41,11,13,46
-12,72,13,21,0,41,17,15,53
13,64,11,24,-1,42,19,18,53
0,58,19,25,-3,43,18,19,53
3,71,20,26,-4,45,14,19,51
-6,54,21,24,-4,46,11,17,49
-7,54,16,25,-4,45,7,17,42
0,47,12,26,-5,42,6,16,40
-8,49,10,25,-4,40,8,16,40
-8,49,8,23,-1,37,9,16,41
-11,52,-1,22,0,37,11,16,44
-24,25,-3,24,0,37,12,17,44
-58,6,1,24,0,38,11,17,44
-76,14,7,23,0,39,8,16,42
-40,28,6,22,0,41,7,15,41
-7,33,22,23,-2,41,5,14,39
-3,37,23,25,-5,39,4,12,39
-11,43,21,27,-3,37,4,12,39
-14,44,21,29,1,35,2,14,40
-10,49,19,25,5,35,0,15,41
-16,51,18,26,5,37,0,14,42
-20,45,30,32,5,42,1,14,43
-26,64,49,25,3,44,3,10,48
19,61,15,21,0,44,5,7,49
-6,85,-7,23,-7,43,8,9,48
-34,64,1,25,-9,41,12,11,48
-28,32,4,21,-7,38,12,10,45
-30,21,3,19,-4,38,12,8,44
-45,21,1,20,0,38,10,10,42
-39,15,3,22,1,37,10,11,41
-22,16,8,21,2,37,12,12,40
-19,21,8,18,1,36,11,10,40
-20,27,7,17,0,35,10,10,38
-23,33,7,18,0,32,10,8,38
-25,42,10,20,0,32,9,8,37
-20,39,16,19,2,31,10,10,38
-9,39,16,19,2,33,8,10,39
-9,48,17,22,3,35,8,12,39
-25,53,18,24,2,39,8,13,42
-9,57,21,26,1,41,9,15,47
1,70,34,31,1,45,12,20,53
-5,66,25,32,1,48,13,21,55
-22,66,17,30,1,50,10,21,54
-16,52,15,29,-1,50,8,20,51
11,65,17,28,-3,47,8,16,47
-8,41,22,26,-3,43,10,14,45
-25,42,4,23,-1,41,10,12,43
-23,35,12,21,0,38,9,12,41
-38,35,10,21,0,37,9,13,40
-22,32,13,21,-1,37,10,12,39
-2,42,16,20,-3,37,10,12,38
-5,46,10,20,-3,36,11,13,37
-19,36,7,19,-3,33,12,13,37
-27,37,7,20,-3,33,12,13,39
-24,38,0,23,0,33,12,15,39
-14,43,7,24,0,34,12,17,40
-14,39,7,24,0,36,11,19,40
-27,42,6,25,1,38,11,20,42
-18,38,14,29,1,41,12,23,46
-25,43,28,28,1,44,12,23,46
-21,36,25,27,0,46,9,19,49
-12,76,8,28,-1,47,8,17,50
-16,50,12,27,-3,46,8,14,46
1,56,29,24,-4,46,7,11,45
-25,43,13,24,-3,42,6,10,44
-34,46,17,23,-2,39,7,9,42
-14,43,16,21,-1,37,6,8,42
-2,49,14,20,-1,37,5,8,41
-7,56,9,20,0,36,4,7,41
-4,50,13,20,0,36,5,8,40
-7,44,13,19,-1,36,6,8,40
-9,37,10,20,-2,35,6,8,39
-13,41,10,21,-1,34,6,8,38
-10,39,13,19,0,34,7,10,37
-18,37,7,19,-1,34,7,9,40
-7,44,6,23,-1,35,8,10,42
-8,58,12,25,0,35,9,14,42
-3,48,21,23,0,37,7,14,44
11,64,17,31,0,42,8,15,51
-8,58,18,30,1,46,12,17,54
11,64,21,25,1,48,8,15,55
-7,65,21,27,0,50,9,15,52
-19,59,15,27,0,49,10,13,48
-17,58,12,25,-2,44,8,12,46
-18,45,16,25,0,41,7,12,42
-32,25,10,25,3,37,7,12,41
-26,41,4,22,3,36,7,13,41
-23,17,2,21,3,35,7,12,42
-42,18,5,22,2,35,7,11,41
-48,33,3,23,1,36,6,10,41
-15,30,15,20,0,38,6,10,40
0,39,16,20,0,39,4,8,39
-3,49,7,21,-1,39,4,8,38
-18,50,10,20,-3,36,4,7,37
-28,39,10,22,-2,35,4,7,39
-24,31,23,24,-1,35,6,5,42
-33,38,18,22,0,36,8,7,44
-16,62,41,23,0,40,8,9,47
-2,67,25,26,-2,42,11,14,49
7,85,7,25,-4,42,12,16,47
-8,66,5,24,-6,42,12,15,46
-28,57,5,27,-6,41,13,15,47
-30,48,5,25,-3,39,14,14,45
-32,24,11,25,0,39,12,17,43
-39,24,0,24,2,41,10,19,42
-19,29,1,25,1,42,10,20,41
-6,24,1,26,0,42,9,20,39
-28,22,0,23,-3,40,12,17,39
-46,30,6,20,-3,37,12,16,39
-34,35,7,21,-3,35,12,16,38
-5,38,14,22,-3,34,12,16,37
-1,48,12,22,-3,33,11,13,37
-9,52,13,19,-3,33,11,12,37
-16,41,16,21,-3,34,12,13,39
-21,42,19,24,-1,36,13,16,42
-22,53,28,24,-1,38,14,17,45
4,63,26,26,-4,44,14,20,49
1,70,16,28,-5,48,14,21,51
-19,70,6,26,-6,51,14,18,50
-10,60,16,25,-12,51,14,17,50
6,62,24,27,-14,47,15,17,46
-14,35,19,26,-11,40,17,18,43
-11,58,12,21,-9,37,17,17,41
-2,52,5,19,-7,35,15,16,39
-24,46,3,20,-5,35,14,16,38
-21,31,14,19,-3,35,13,15,36
-19,31,12,21,-3,35,14,16,35
-21,38,8,20,-3,35,14,16,36
-17,41,8,19,-5,35,13,16,35
-30,37,10,21,-5,34,13,17,35
-16,44,5,21,-5,33,14,18,35
7,50,3,21,-6,34,13,21,35
-1,37,-3,24,-5,34,12,23,36
-20,41,7,28,-3,36,14,25,38
-28,28,9,28,-3,38,16,28,41
-19,60,21,26,-3,42,16,27,44
-21,52,14,26,-4,43,16,27,45
-40,46,24,29,-5,44,17,27,46
-25,48,28,31,-5,44,17,26,48
0,54,28,28,-6,44,16,23,47
-12,47,23,24,-12,42,14,19,42
-13,50,16,22,-14,39,14,15,40
-8,46,21,18,-16,36,17,12,39
-16,39,8,17,-15,33,18,12,37
-32,36,13,17,-13,30,16,13,34
-23,36,13,16,-12,30,14,8,35
-11,41,13,16,-10,29,13,9,36
-6,44,10,17,-8,32,10,15,38
1,45,15,24,-9,35,9,19,37
-7,39,7,31,-9,37,9,17,39
-2,49,17,27,-6,37,7,19,40
-23,37,9,28,-4,39,3,19,42
-22,41,12,32,-3,39,5,20,43
-34,47,17,30,-3,38,6,20,44
11,68,16,32,-7,39,7,21,47
49,90,27,36,-7,38,6,21,48
5,88,17,36,-2,39,3,18,49
-30,64,21,35,0,40,0,16,49
-10,59,17,36,0,40,-3,16,46
-12,42,12,37,1,40,-4,16,45
-23,40,13,34,1,39,-1,15,44
-41,24,6,32,1,38,0,14,44
-29,31,4,30,1,37,1,13,44
-22,23,3,29,0,37,2,13,44
-21,26,7,28,0,37,2,14,42
-26,39,6,28,0,37,3,13,42
-21,42,8,26,0,36,3,12,41
-13,41,13,26,-1,35,4,12,39
-4,43,19,25,-1,33,5,11,38
-21,34,26,23,0,32,4,9,36
-23,39,16,23,0,31,3,9,36
-3,41,20,25,-2,32,1,8,37
-3,53,19,28,-2,33,3,10,39
-11,55,7,28,-1,35,4,13,42
-36,60,34,26,0,36,8,12,48
14,60,31,32,0,41,11,14,51
-1,76,16,26,0,42,13,15,53
-40,67,3,26,-1,46,10,16,50
-28,55,0,31,-1,46,12,17,47
-13,44,0,29,-1,44,12,17,44
-28,28,5,24,0,39,11,15,42
-53,5,5,23,2,37,14,15,40
-35,16,10,20,2,35,14,15,41
-21,12,8,20,0,33,14,14,39
-24,14,5,18,0,33,13,13,37
-28,32,10,19,-2,33,12,11,37
-20,42,2,20,-2,32,12,11,37
-7,45,14,17,-2,32,13,11,37
-14,49,15,19,-3,33,13,13,38
-25,42,17,22,-3,35,13,15,38
-9,42,13,24,-4,38,13,17,41
-20,64,21,25,-5,41,12,17,44
19,71,40,29,-3,43,14,19,48
25,58,32,30,-2,44,15,21,51
-34,73,10,27,-3,47,14,18,53
-30,45,17,26,-4,47,13,17,51
-2,62,17,28,-6,46,11,16,47
0,62,19,27,-5,44,11,15,44
-17,43,12,25,-4,42,11,15,42
-27,36,8,22,-2,39,10,13,41
-22,42,9,23,-1,38,10,12,41
-28,33,11,21,-1,36,11,12,40
-15,31,12,21,0,35,10,12,40
-8,50,5,21,0,35,9,12,39
-16,42,5,21,-1,35,10,12,39
-26,38,5,22,-1,34,10,12,40
-37,33,-1,25,-1,35,10,13,40
-25,49,3,25,0,36,11,18,39
10,50,7,28,0,39,9,21,39
-4,48,3,31,1,41,9,24,42
-11,36,7,30,0,43,13,22,47
-19,53,23,24,1,46,15,19,48
-18,55,21,24,0,47,13,13,50
-35,45,19,25,0,46,12,10,49
0,50,18,25,0,44,10,7,46
7,68,14,23,-1,42,9,6,45
-15,51,12,19,-1,38,8,4,43
-16,57,10,18,-1,36,7,2,42
-27,42,14,18,-2,33,7,3,42
-30,41,10,18,-1,33,8,3,42
-17,41,14,18,0,33,7,5,42
-4,42,8,18,1,34,7,5,40
-4,44,4,17,0,35,7,5,39
-5,44,7,18,0,35,7,4,38
-10,37,7,19,0,35,6,5,37
-16,38,5,21,0,34,5,7,37
-3,32,5,23,3,35,5,8,40
-7,50,5,26,5,37,6,11,42
-3,83,0,25,3,38,8,14,51
-26,69,5,31,3,42,11,17,57
6,69,21,32,1,48,11,18,59
14,89,17,30,0,50,8,18,57
-13,65,17,30,-3,50,7,15,50
-15,59,13,29,-5,48,6,12,46
-11,39,12,26,-7,43,7,11,40
-23,23,12,23,-5,36,8,10,39
-14,46,-3,21,-3,33,10,11,40
-23,31,-5,22,0,33,12,13,42
-36,2,-5,22,0,34,12,14,42
-69,8,7,22,0,37,10,14,41
-58,23,5,22,0,39,8,12,42
-10,35,8,24,-2,40,6,12,40
1,39,14,26,-3,39,5,12,39
-15,50,16,25,-2,37,2,11,37
-23,43,14,25,-1,35,1,10,38
-13,47,25,26,0,34,3,9,40
-22,51,25,28,0,34,6,11,43
0,58,41,26,0,37,7,12,46
-1,75,29,30,-1,39,9,17,49
9,69,19,28,-3,42,12,19,49
-26,80,0,27,-5,43,12,19,47
-17,54,1,29,-7,42,12,19,44
-23,35,3,26,-6,41,13,19,41
-48,25,0,24,-6,40,12,19,41
-42,23,-4,23,-2,39,12,18,41
-18,21,7,23,-2,39,13,17,41
-16,12,8,21,-3,37,14,16,39
-29,25,8,19,-5,37,13,13,37
-30,36,6,18,-8,34,12,11,37
-19,43,4,19,-8,33,12,11,37
-12,47,12,21,-7,32,11,12,37
-16,41,19,22,-4,32,11,14,37
-18,37,19,24,-2,34,13,16,41
-28,53,26,25,0,37,15,18,45
-23,52,24,24,0,39,16,17,47
-3,74,35,27,2,43,15,17,50
3,66,25,30,2,46,13,18,52
-16,57,17,30,1,48,11,18,51
-23,55,17,30,-1,47,8,16,48
-5,56,19,28,0,45,8,14,47
-21,53,7,25,-1,42,8,12,45
-23,32,13,25,-1,40,8,12,43
-48,36,5,24,0,39,10,12,40
-33,28,9,21,0,37,10,12,39
-9,37,12,21,0,37,11,12,38
-15,42,9,21,0,35,12,13,38
-14,39,8,21,0,34,12,14,37
-26,45,1,21,1,33,11,14,37
-25,43,0,23,1,33,12,15,37
-14,48,16,24,1,34,14,17,38
-4,50,2,24,2,37,15,16,41
-5,61,18,23,3,40,15,16,48
-30,40,17,25,1,42,14,17,48
-30,62,16,29,-1,43,13,17,48
-26,46,19,28,-2,43,12,14,50
2,49,20,26,-1,43,10,12,50
-16,52,15,25,0,43,6,11,46
-25,38,13,24,-1,42,5,10,44
-22,46,9,23,-3,40,7,9,42
-41,41,9,19,-4,37,8,9,41
-24,36,12,20,-5,36,8,9,40
-7,43,14,21,-4,34,9,10,39
-5,43,7,19,-3,33,10,10,39
-8,44,6,18,-2,34,7,8,41
-11,49,3,23,-1,37,7,8,41
-1,49,5,24,-1,40,7,12,42
-18,40,8,23,-1,40,6,12,41
-14,33,0,26,0,40,6,14,42
-21,50,8,28,-1,39,8,15,42
-18,48,10,23,-1,37,8,14,42
1,57,14,24,-3,37,8,14,42
23,77,17,26,-2,36,8,16,42
-1,56,26,25,-3,36,10,17,42
1,65,22,25,-4,37,12,17,45
-2,67,21,25,-5,38,16,17,48
-3,64,16,24,-7,41,15,17,50
-13,67,11,25,-9,46,10,19,49
-20,53,7,28,-8,48,8,20,45
-23,42,6,31,-10,49,8,19,42
-34,30,9,27,-10,46,8,17,41
-21,41,5,25,-7,42,10,15,41
-19,27,2,23,-3,37,13,13,42
-38,4,1,21,-1,35,14,14,41
-56,11,7,18,-1,32,13,12,39
-39,28,5,17,-1,31,12,10,39
-14,39,10,18,-3,32,12,8,37
2,47,24,19,-4,33,9,8,37
0,47,19,20,-5,33,10,9,36
-4,60,29,19,-5,33,10,8,37
-10,42,19,22,-4,34,10,8,38
-27,50,16,23,-1,35,12,9,42
-12,71,22,25,-1,38,14,12,48
-2,68,13,27,0,44,18,19,52
-19,70,9,24,-3,47,17,20,52
-27,53,0,26,-8,49,16,19,49
-41,47,-5,31,-9,48,16,19,46
-39,29,0,29,-8,46,14,19,44
-32,16,4,26,-5,42,14,18,42
-15,26,7,25,-2,40,12,18,40
-16,25,8,22,0,37,11,17,37
-25,26,9,19,0,34,10,14,35
-23,29,16,20,-2,32,12,11,37
-21,39,13,19,-2,31,14,11,37
-17,40,10,19,0,32,14,12,39
-8,42,10,21,0,34,13,14,39
-26,50,8,23,-1,35,12,17,39
-21,49,25,25,-1,37,12,18,39
12,50,31,26,0,39,13,20,42
8,73,29,25,-3,41,14,20,44
-19,65,24,30,-4,42,14,21,47
-33,50,22,28,-2,44,14,23,50
-17,57,19,31,-4,48,12,22,50
-6,75,13,30,-4,48,8,20,48
-4,60,12,28,-6,47,9,17,46
-17,49,10,25,-5,44,10,14,42
-19,27,12,24,-6,41,10,13,40
-44,42,1,21,-5,36,12,12,38
-45,40,0,21,-4,34,13,12,38
-13,39,4,18,-3,32,14,13,37
3,47,16,19,-3,32,13,14,36
-20,28,10,20,-2,32,12,15,35
-27,32,8,21,-1,33,12,16,36
-7,45,7,23,-1,34,12,17,37
-3,36,-3,25,0,36,12,20,39
5,40,0,28,0,37,12,22,41
-17,63,7,28,0,40,13,23,44
-45,53,4,29,-1,43,12,22,46
-30,50,17,29,-3,44,13,21,48
-14,49,22,30,-5,45,14,20,49
4,61,21,28,-6,45,12,19,49
-23,54,17,26,-5,44,12,15,46
-28,41,13,24,-7,42,10,13,44
-6,51,19,23,-8,40,10,10,41
17,48,19,19,-8,37,10,9,40
8,32,12,19,-8,36,10,8,39
-39,61,-7,17,-7,34,10,8,39
-33,33,10,18,-5,34,12,9,41
-3,35,16,18,-3,35,12,9,42
-4,47,16,18,-4,37,12,10,42
-12,39,14,19,-6,38,10,10,40
-14,38,12,18,-4,39,10,10,39
-16,39,10,20,-4,38,10,11,39
-14,39,10,22,-5,37,12,12,38
-15,43,3,21,-5,36,13,14,38
-6,42,25,19,-5,35,12,14,38
-8,41,25,24,-6,35,11,14,39
11,62,15,26,-5,37,12,16,42
24,89,8,27,-2,40,12,19,50
-7,76,14,29,-1,42,13,21,53
-14,52,23,28,0,46,13,21,53
-13,74,19,29,0,47,14,20,51
-16,51,20,28,-2,48,12,18,49
-30,47,9,26,-3,47,11,17,44
-32,30,10,24,-3,44,11,17,40
-29,32,7,20,-4,39,12,14,39
-17,34,2,19,-5,37,14,13,41
-25,3,3,20,-6,35,15,13,42
-50,8,4,20,-5,34,14,12,40
-55,16,3,19,-5,36,10,12,38
-24,24,9,19,-5,37,4,10,36
11,40,24,20,-5,37,3,10,35
3,45,24,23,-7,37,6,9,36
-30,49,21,23,-5,36,7,9,38
-29,50,20,26,-3,37,9,11,42
-26,61,38,25,-2,39,11,12,46
-12,42,26,26,-1,41,14,16,48
19,71,23,25,-2,45,15,17,50
-19,68,8,28,-6,46,17,19,48
-13,72,7,28,-8,44,18,20,46
-14,43,12,24,-7,42,18,19,44
-25,50,-4,22,-5,40,16,19,40
-41,19,0,21,-3,38,16,17,38
-45,13,0,19,-3,37,17,17,37
-27,19,5,18,-3,37,17,16,38
-7,26,7,18,-5,37,19,16,38
-10,20,7,16,-6,37,19,14,38
-32,28,7,15,-7,37,18,12,38
-42,37,13,15,-9,36,18,12,37
-37,42,10,16,-8,36,18,12,37
-15,37,17,18,-7,35,17,12,36
2,49,23,17,-4,34,17,12,36
-6,48,16,17,-3,34,15,12,37
-28,55,23,23,-2,36,16,13,42
-19,55,21,25,0,39,17,17,47
16,64,28,24,0,44,16,21,49
-23,71,12,27,-3,48,17,25,50
-42,49,15,31,-9,50,18,26,48
-18,58,23,28,-13,49,19,25,44
8,62,10,24,-13,48,19,24,42
-4,54,16,23,-12,44,17,21,40
-20,35,17,24,-10,41,14,17,39
-23,24,2,21,-7,38,13,17,37
-25,44,0,21,-5,37,12,16,37
-36,43,-3,21,-5,36,12,14,38
-12,34,12,20,-5,37,15,13,37
-8,32,8,19,-6,36,16,14,37
-25,44,5,18,-5,35,16,14,36
-23,46,1,19,-3,34,16,15,36
-12,41,1,22,-1,34,17,17,37
-7,44,13,21,0,35,19,17,39
-4,42,0,22,1,36,19,17,40
11,50,7,21,-1,39,19,18,43
-26,68,7,25,-3,41,20,19,44
-31,60,23,26,-4,42,22,19,48
-5,36,27,23,-4,44,21,17,49
-14,55,22,22,-6,46,18,14,48
-21,59,16,24,-8,46,16,12,46
-10,49,21,23,-7,45,14,10,42
-12,50,21,18,-10,42,14,8,41
-14,20,23,16,-9,39,13,6,41
-17,38,8,17,-9,37,12,5,41
-38,52,6,18,-8,35,12,7,40
-25,32,14,18,-7,35,10,8,39
-9,37,13,18,-5,35,9,8,39
-3,46,12,19,-3,35,8,9,37
-2,40,9,22,-3,36,8,10,37
0,42,6,21,-3,36,8,10,38
-13,46,9,23,0,36,8,11,39
0,41,5,24,0,36,9,12,41
0,44,8,25,0,36,9,13,43
-28,45,9,25,0,38,6,14,43
-17,53,11,28,0,41,7,15,47
18,82,7,33,-1,44,8,17,51
3,61,22,33,-3,44,8,20,51
14,60,28,32,-3,46,10,21,52
-7,68,21,32,-2,46,10,22,50
-6,62,16,30,-5,46,8,20,46
0,62,5,29,-6,42,7,17,42
-3,48,14,27,-3,38,8,15,39
-41,25,7,21,0,33,10,12,39
-28,40,1,22,0,31,12,10,41
-24,24,3,21,2,31,12,10,42
-30,5,6,19,3,33,12,11,42
-51,24,0,20,1,35,10,10,41
-19,39,2,23,0,39,8,11,40
4,39,12,25,-3,41,7,11,39
-3,48,7,23,-5,42,5,10,39
-23,53,10,24,-7,39,5,9,38
-28,37,12,24,-5,36,7,9,39
-15,38,25,23,-4,35,8,10,41
-39,32,28,23,-4,35,8,10,41
-19,37,38,24,-5,37,9,12,42
12,71,22,25,-7,39,12,13,45
26,88,24,29,-11,40,15,19,47
-39,50,8,28,-11,39,16,20,46
-46,46,14,28,-12,38,18,21,46
0,85,6,28,-8,38,21,21,46
-1,67,3,25,-5,39,17,22,44
-25,42,1,25,-3,41,14,22,38
-40,19,2,23,-4,42,12,23,36
-47,10,0,25,-5,41,15,21,37
-25,24,2,23,-4,37,18,21,39
0,31,1,22,-5,36,17,20,38
-5,19,4,20,-3,34,16,19,36
-41,30,3,18,-4,34,15,17,35
-38,45,12,19,-6,35,14,18,35
-14,38,12,20,-6,37,14,18,34
2,44,15,19,-8,36,16,17,35
-3,55,19,20,-6,35,18,15,37
-20,50,18,21,-5,35,19,15,44
-25,49,32,25,-2,38,21,14,50
10,74,35,30,0,42,18,19,52
7,72,31,30,3,45,12,17,53
-10,60,17,25,-2,51,6,18,51
-1,61,11,27,-7,52,8,17,49
-3,64,8,31,-10,51,10,15,47
-19,48,5,28,-8,47,11,14,43
-22,37,4,23,-3,40,11,13,42
-27,40,10,21,0,36,11,12,39
-14,36,12,21,0,35,12,11,39
-5,38,13,19,0,33,13,11,37
-12,44,6,17,0,32,13,11,37
-15,46,7,17,0,31,12,10,35
-24,34,1,19,0,30,13,10,36
-16,37,1,19,-1,32,13,11,37
-13,47,3,21,0,33,12,12,39
-10,39,8,24,0,36,14,13,42
-10,48,1,25,2,37,13,9,47
-25,53,8,24,0,38,10,6,48
-46,63,12,24,-5,37,12,14,48
-2,43,16,33,-3,42,7,19,45
-4,58,11,30,-2,45,4,21,46
-12,51,13,25,-3,45,1,20,45
-17,42,14,27,-5,44,4,18,42
-8,42,12,27,-6,41,5,17,41
-21,49,13,26,-7,40,6,15,41
-25,26,22,26,-5,39,6,14,42
-12,40,14,24,-3,37,5,14,40
1,49,12,22,-3,34,3,13,39
-2,50,10,23,-4,33,4,12,38
-10,43,11,23,-5,33,5,12,39
-11,40,12,23,-6,34,7,12,39
-11,46,12,20,-7,35,7,12,38
-3,37,7,19,-9,36,7,12,38
-5,48,16,23,-11,37,8,14,39
-18,59,12,25,-10,37,11,17,41
21,64,8,25,-10,38,12,20,46
-2,72,4,31,-9,39,13,23,49
-2,51,22,30,-7,40,12,24,51
6,78,25,30,-7,42,10,24,50
0,66,25,30,-5,41,9,23,46
-13,66,12,28,-5,40,8,20,42
-17,47,1,23,-7,38,8,18,39
-31,29,6,23,-7,37,9,17,39
-34,26,3,25,-6,37,11,18,41
-33,21,5,25,-8,37,13,20,42
-47,5,1,21,-8,37,13,18,42
-39,12,0,21,-9,37,10,16,40
-14,42,5,22,-12,37,10,17,39
-8,49,15,21,-13,38,9,15,37
-14,39,24,20,-13,37,8,14,35
-13,41,19,21,-12,35,7,14,35
-10,40,16,23,-11,33,10,14,36
-15,39,12,24,-9,33,12,16,39
-17,53,20,23,-6,33,13,17,43
16,86,48,25,-6,36,13,20,46
7,61,21,28,-9,40,14,23,48
-26,66,13,24,-12,42,12,23,45
-17,67,12,28,-14,43,12,22,44
0,52,5,31,-14,42,12,22,43
-14,45,1,29,-13,41,12,22,41
-50,35,-2,23,-11,38,12,22,39
-41,24,0,22,-8,37,12,21,37
-21,26,1,23,-8,37,14,22,38
-13,17,7,21,-8,37,16,21,38
-21,23,9,20,-9,35,14,19,37
-29,33,10,21,-10,34,14,18,35
-25,43,10,19,-10,33,13,18,35
-1,46,11,21,-9,33,14,18,36
2,48,13,21,-8,34,13,20,37
-11,49,14,23,-7,35,14,21,38
-22,48,18,24,-6,36,14,21,39
-8,51,25,24,-7,38,15,21,42
-3,71,26,27,-7,41,16,21,45
17,75,33,30,-7,43,15,25,48
-12,67,16,30,-7,46,13,25,50
-26,56,11,29,-8,47,9,23,50
-12,53,17,31,-7,47,8,20,47