0,50,57,113,-48,-26,103,46,8,2
0,6,51,107,-67,-44,100,31,1,2
50,12,5,90,-84,-51,75,15,6,2
50,6,4,82,-93,-56,75,6,2,2
50,13,3,57,-75,-52,51,23,6,2
5,0,50,42,-67,-44,25,31,6,2
0,13,50,39,-57,-37,25,42,0,2
0,15,18,41,-59,-30,28,40,7,2
57,14,32,73,-60,-17,51,37,7,2
0,59,37,101,-40,-8,100,59,0,2
3,50,25,108,-32,27,100,64,2,2
0,50,0,126,-16,45,126,82,7,2
31,64,56,-122,-9,58,125,87,8,2
14,0,57,115,1,82,101,0,7,2
1,60,25,126,0,75,125,98,0,2
54,2,0,73,-17,42,53,82,1,2
57,64,50,95,-35,-3,76,63,6,2
53,0,50,97,-68,-16,78,31,8,2
50,1,51,89,-67,-29,75,31,7,2
50,12,50,81,-87,-47,75,12,2,2
51,0,39,73,-98,-62,53,0,0,2
48,59,0,48,-113,-71,28,85,0,2
39,0,2,39,-98,-69,26,0,3,2
0,14,0,30,-85,-53,28,12,6,2
1,3,8,33,-71,-41,25,28,6,2
5,14,18,31,-55,-24,25,44,0,2
9,50,31,47,-49,-14,28,50,7,2
58,65,6,70,-32,10,50,64,9,2
65,69,37,92,-26,39,76,70,0,2
1,64,53,101,-25,53,101,72,0,2
0,53,50,124,-21,63,103,78,0,2
19,53,52,119,-21,71,100,78,6,2
3,62,50,103,-2,89,103,97,1,2
52,55,4,99,-13,55,78,91,3,2
53,64,23,91,-35,23,78,62,7,2
50,18,45,95,-50,-4,75,47,6,2
53,14,32,86,-60,-17,78,37,7,2
54,14,25,91,-76,-23,75,21,0,2
53,12,12,86,-87,-37,75,6,7,2
50,0,44,62,-96,-55,50,3,7,2
45,67,0,45,-107,-76,25,90,7,2
0,2,0,37,-97,-74,25,0,0,2
0,16,37,14,-82,-62,0,16,0,2
4,1,46,23,-67,-51,4,34,0,2
1,14,15,26,-60,-33,25,37,3,2
12,12,37,48,-55,-8,28,44,3,2
57,50,10,71,-47,10,50,50,9,2
56,51,27,82,-41,27,75,57,2,2
56,53,38,94,-38,38,78,59,6,2
7,50,1,108,-43,49,101,56,10,2
10,50,53,111,-50,73,105,50,9,2
48,62,50,99,-33,67,78,66,1,2
51,63,49,86,-36,49,78,63,8,2
53,50,25,89,-25,24,75,72,8,2
50,0,51,87,-73,0,75,25,9,2
50,1,41,91,-73,-8,78,25,0,2
53,13,28,91,-83,-21,78,16,0,2
58,6,7,87,-89,-42,78,10,7,2
50,63,1,65,-111,-61,50,88,0,2
0,0,0,44,-99,-74,25,0,0,2
0,5,0,30,-94,-68,28,3,6,2
0,13,0,18,-84,-62,0,12,0,2
0,0,7,16,-67,-42,3,31,6,2
3,12,19,19,-62,-27,0,34,9,2
13,13,37,41,-55,-6,28,43,6,2
50,50,7,60,-43,8,51,56,6,2
50,55,19,75,-44,19,75,53,6,2
62,7,25,93,-54,32,75,43,7,2
0,14,12,105,-62,60,104,34,9,2
9,14,56,110,-57,57,103,41,7,2
52,65,51,99,-28,67,78,69,3,2
50,66,7,92,-33,62,78,72,9,2
51,66,0,95,-31,47,75,66,7,2
50,50,18,90,-58,15,77,40,2,2
50,14,0,91,-60,2,75,37,2,2
56,8,50,83,-78,-9,77,18,2,2
56,7,33,82,-67,-16,75,28,7,2
53,13,50,72,-86,-27,53,12,6,2
1,62,0,45,-111,-50,26,88,8,2
1,52,1,30,-119,-73,29,78,0,2
0,0,0,18,-98,-68,0,0,6,2
0,13,0,13,-78,-63,0,21,1,2
6,7,50,21,-67,-44,0,31,1,2
0,6,26,26,-55,-22,25,44,2,2
50,12,43,51,-50,-6,51,47,6,2
68,51,13,68,-48,13,50,50,0,2
62,50,41,88,-48,42,78,50,3,2
0,56,0,100,-40,38,100,59,0,2
0,51,13,113,-36,64,100,62,2,2
0,60,50,109,-25,78,103,72,3,2
0,63,18,106,-28,68,100,68,6,2
57,50,0,98,-21,44,76,72,9,2
50,50,12,91,-47,14,78,50,1,2
50,12,48,92,-62,-1,78,37,9,2
51,0,50,76,-68,-20,76,31,1,2
56,14,17,81,-78,-32,75,18,1,2
56,3,5,71,-90,-46,52,9,0,2
3,66,39,42,-106,-60,28,91,0,2
3,3,1,41,-94,-73,28,3,0,2
4,0,0,23,-90,-65,3,9,9,2
6,14,45,24,-79,-54,2,18,8,2
6,3,3,30,-69,-43,26,28,6,2
9,3,23,35,-64,-25,25,34,9,2
50,14,44,51,-53,-4,50,43,6,2
50,9,6,56,-51,11,50,46,10,2
52,52,37,83,-47,39,77,50,0,2
56,50,0,93,-50,52,75,47,2,2
0,55,0,115,-44,44,103,53,6,2
50,53,19,96,-34,69,76,65,7,2
51,64,50,82,-35,68,76,62,6,2
57,64,44,96,-32,44,75,66,6,2
58,62,22,89,-42,19,76,56,6,2
50,14,3,80,-60,4,78,38,3,2
56,0,37,81,-68,-10,75,31,0,2
56,0,34,81,-75,-14,75,21,6,2
57,0,15,72,-91,-33,50,7,0,2
53,68,48,48,-108,-58,28,91,3,2
0,64,26,35,-106,-73,29,91,0,2
0,7,28,18,-87,-70,0,9,3,2
0,3,31,16,-69,-64,0,31,0,2
2,1,1,15,-63,-47,0,34,0,2
0,0,12,29,-68,-29,26,31,6,2
15,12,27,41,-62,-16,25,37,7,2
65,12,3,68,-60,11,52,37,9,2
50,12,0,88,-58,25,75,43,3,2
60,13,31,97,-56,34,78,41,9,2
0,50,3,104,-50,50,104,50,0,2
1,50,5,102,-46,55,100,53,3,2
50,50,48,82,-46,48,75,53,9,2
57,56,38,85,-42,38,75,56,0,2
58,51,17,87,-48,18,78,50,3,2
50,15,6,76,-57,6,75,40,6,2
51,12,37,95,-80,-8,75,19,3,2
59,0,26,73,-74,-22,54,25,0,2
50,12,13,66,-83,-36,53,15,9,2
0,70,34,44,-101,-64,25,96,10,2
0,65,18,29,-108,-75,29,90,10,2
3,1,18,24,-97,-81,5,1,6,2
3,16,26,16,-83,-66,3,16,6,2
6,21,41,22,-75,-51,3,25,0,2
0,5,12,28,-63,-36,28,34,0,2
12,16,43,42,-50,-3,28,46,8,2
50,56,12,54,-41,12,51,56,0,2
62,62,26,65,-33,33,50,65,6,2
63,50,7,93,-42,58,79,57,7,2
50,52,50,96,-44,65,78,53,0,2
0,50,50,100,-40,62,100,59,0,2
50,64,21,88,-32,71,75,65,9,2
50,19,40,94,-50,41,75,47,3,2
50,21,13,75,-53,11,75,44,9,2
53,18,0,78,-55,1,75,43,0,2
51,18,38,76,-78,-11,75,19,0,2
51,19,14,64,-75,-32,50,21,3,2
50,6,0,57,-90,-48,50,9,1,2
2,0,39,42,-102,-58,27,97,0,2
0,58,18,23,-112,-80,4,85,6,2
0,6,14,26,-93,-85,25,6,1,2
0,9,32,10,-90,-67,3,9,7,2
3,14,43,23,-78,-54,3,19,7,2
7,7,12,30,-62,-31,29,37,6,2
0,50,29,38,-49,-14,25,50,7,2
50,50,5,50,-46,11,50,53,7,2
64,53,32,67,-40,32,50,56,3,2
59,19,28,74,-54,41,53,43,3,2
45,9,39,95,-67,46,76,32,7,2
50,12,44,91,-59,48,78,40,9,2
50,58,0,79,-41,57,78,57,6,2
51,59,1,87,-40,52,75,56,6,2
54,51,25,79,-48,25,78,50,0,2
52,18,3,90,-54,10,75,44,9,2
50,3,43,82,-70,0,76,28,8,2
53,18,39,86,-78,-10,76,19,1,2
53,9,25,84,-90,-23,78,0,9,2
50,73,1,66,-100,-45,53,96,3,2
41,70,29,41,-104,-70,28,93,3,2
23,4,27,23,-94,-72,3,3,0,2
22,9,32,22,-88,-66,3,9,8,2
0,22,44,12,-75,-55,3,25,6,2
0,0,7,19,-70,-41,0,28,7,2
9,13,28,35,-61,-21,25,37,3,2
53,21,0,53,-53,0,50,44,0,2
60,19,25,73,-54,25,53,44,0,2
53,22,25,79,-51,26,75,46,2,2
0,5,41,101,-62,42,101,35,3,2
0,20,12,100,-51,62,100,46,0,2
37,58,10,88,-37,61,75,59,10,2
26,56,44,76,-42,49,75,57,8,2
53,68,39,86,-29,36,78,68,9,2
50,18,18,93,-52,19,75,44,6,2
51,6,45,88,-66,-1,75,31,7,2
53,3,28,80,-69,-21,78,29,0,2
53,9,9,73,-90,-37,53,9,8,2
50,1,40,46,-98,-58,25,1,1,2
28,69,21,29,-105,-77,29,94,9,2
0,6,21,33,-93,-76,26,6,9,2
1,7,37,27,-87,-62,25,9,0,2
0,19,2,28,-80,-47,28,19,0,2
1,0,7,33,-73,-35,26,25,1,2
3,5,17,40,-62,-26,28,35,9,2
57,12,0,57,-58,1,50,41,0,2
56,50,12,69,-48,15,50,50,3,2
50,62,35,75,-31,36,75,66,10,2
52,56,0,90,-46,54,75,53,3,2
1,14,50,101,-60,66,100,37,3,2
34,56,50,85,-43,74,79,56,9,2
53,68,6,92,-26,59,78,69,6,2
50,19,25,82,-50,25,75,47,0,2
50,18,8,70,-55,12,50,43,8,2
50,20,32,63,-54,-14,50,44,9,2
50,14,9,63,-53,-40,51,44,9,2
1,19,8,48,-51,-41,53,46,0,2
57,14,12,74,-82,-33,53,15,0,2
50,62,6,78,-112,-41,75,87,6,2
42,50,0,43,120,-52,28,62,9,2
3,63,0,53,-111,-82,53,87,3,2
36,18,27,36,-80,-72,26,25,3,2
25,6,36,25,-65,-63,25,34,9,2
25,17,0,25,-57,-49,25,40,0,2
3,14,19,37,-60,-30,27,38,6,2
56,12,32,62,-58,-16,53,40,6,2
50,19,3,92,-53,10,76,44,7,2
1,18,9,101,-51,10,100,46,9,2
5,13,20,112,-55,23,103,43,9,2
14,20,3,115,-54,46,100,43,9,2
1,59,4,104,-39,49,103,60,10,2
31,62,50,79,-28,51,78,69,0,2
39,51,45,89,-19,45,75,78,6,2
50,62,1,78,-34,20,75,62,7,2
50,13,39,82,-58,-10,77,47,6,2
20,15,50,70,-83,-27,51,16,6,2
50,12,51,75,-87,-17,75,12,7,2
50,3,12,75,-87,-37,75,10,8,2
50,70,40,62,-104,-58,50,93,3,2
46,62,0,46,-110,-85,28,90,8,2
25,0,3,25,-93,-96,25,6,3,2
9,6,0,9,-88,-75,0,9,7,2
0,0,37,18,-68,-62,0,31,0,2
3,12,4,16,-52,-44,0,46,2,2
4,51,28,30,-48,-21,25,50,8,2
64,50,1,64,-42,1,51,57,1,2
50,63,25,75,-33,26,75,66,0,2
60,13,1,98,-52,51,78,46,1,2
0,66,50,112,-33,51,100,66,1,2
12,12,50,113,-52,63,104,50,7,2
44,64,50,94,-35,69,75,62,6,2
32,56,0,83,-42,46,76,57,8,2
53,54,1,86,-45,2,77,53,2,2
50,16,50,75,-58,-6,75,41,1,2
50,14,51,81,-71,-7,75,28,1,2
50,12,51,84,-87,-22,75,12,2,2
50,3,20,76,-96,-29,75,3,7,2
51,0,0,70,-93,-51,51,6,7,2
42,67,0,42,-125,-64,26,71,7,2
1,0,0,30,-101,-83,28,97,0,2
0,3,0,17,-94,-72,2,3,2,2
1,14,0,17,-81,-54,3,16,6,2
4,12,50,17,-61,-46,3,38,0,2
0,12,19,25,-52,-30,25,47,6,2
12,50,43,45,-48,0,26,50,9,2
56,56,16,56,-43,16,50,56,3,2
60,50,37,86,-47,38,77,50,0,2
0,10,45,100,-51,45,100,46,6,2
3,51,9,116,-45,60,103,53,9,2
0,53,50,98,-39,81,78,59,6,2
50,68,50,82,-27,65,75,72,0,2
51,53,0,83,-40,36,75,59,9,2
53,19,0,85,-50,8,77,46,3,2
50,12,52,85,-54,-7,78,43,3,2
50,1,28,77,-76,-25,75,19,0,2
50,12,50,66,-81,-28,53,18,9,2
53,0,7,67,-99,-41,53,0,6,2
0,62,0,49,-108,-60,26,87,9,2
25,50,0,25,-121,-68,25,75,6,2
25,69,0,25,-101,-73,25,97,0,2
0,3,0,19,-90,-59,0,9,0,2
1,0,50,17,-75,-39,3,25,9,2
1,0,15,32,-67,-33,25,34,3,2
0,51,31,25,-42,-15,25,56,6,2
2,50,47,40,-46,0,27,53,0,2
65,50,25,66,-43,28,50,56,3,2
56,57,45,83,-42,45,76,56,6,2
2,12,43,102,-51,43,100,43,9,2
1,17,50,114,-51,69,100,46,6,2
0,58,51,105,-41,67,104,57,1,2
34,53,50,84,-45,56,78,53,6,2
51,14,26,86,-54,26,76,43,0,2
53,56,0,78,-42,6,76,56,1,2
53,12,51,72,-61,-8,50,38,1,2
50,14,37,76,-85,-11,75,12,0,2
50,17,50,69,-76,-27,50,21,9,2
50,7,3,69,-89,-44,50,9,2,2
2,66,1,48,-106,-65,28,91,9,2
22,66,0,22,122,-76,0,65,9,2
0,65,0,25,-101,-81,25,94,3,2
1,3,0,17,-90,-67,1,9,6,2
3,0,50,16,-74,-44,3,25,3,2
3,12,15,23,-58,-34,4,41,6,2
6,51,35,19,-41,-14,0,56,9,2
0,61,1,39,-38,1,25,59,0,2
51,51,16,52,-38,23,51,59,9,2
50,12,43,85,-59,45,75,38,7,2
0,7,1,102,-61,40,101,37,0,2
0,12,1,121,-61,51,100,37,0,2
8,16,53,112,-58,71,105,40,9,2
31,18,4,84,-51,48,78,46,8,2
51,53,25,83,-46,28,77,50,0,2
50,57,0,79,-37,13,78,62,0,2
50,66,3,75,-31,11,75,66,8,2
50,12,0,91,-76,0,75,21,0,2
54,16,50,80,-77,-12,78,22,0,2
50,3,50,75,-87,-21,75,9,0,2
50,65,50,65,-101,-49,50,97,0,2
0,51,0,35,-119,-74,25,78,0,2
33,62,1,33,-112,-88,25,87,7,2
0,1,0,19,-98,-74,0,0,0,2
0,16,5,19,-75,-44,0,22,1,2
0,15,12,24,-50,-33,3,47,0,2
0,50,32,17,-40,-17,3,59,7,2
0,50,2,38,-38,2,25,59,1,2
51,51,17,52,-39,17,51,59,1,2
50,0,38,75,-62,38,75,37,0,2
0,13,0,106,-56,47,100,43,6,2
0,4,0,114,-63,48,100,35,7,2
17,12,53,118,-60,59,105,37,9,2
0,62,50,105,-37,67,105,62,3,2
50,50,45,79,-46,45,79,53,6,2
50,18,18,79,-51,17,79,46,2,2
56,56,16,73,-42,16,55,56,0,2
50,7,1,75,-66,2,75,32,1,2
53,1,39,72,-63,-10,50,31,0,2
51,15,31,69,-76,-17,50,21,7,2
50,3,23,61,-99,-28,53,0,8,2
50,62,50,57,-105,-43,50,94,6,2
26,64,0,26,121,-68,26,64,6,2
0,66,0,35,-102,-75,31,1,1,2
0,16,1,4,-83,-69,4,15,1,2
1,13,0,14,-61,-52,0,37,6,2
0,12,13,14,-55,-36,1,44,0,2
9,50,32,34,-47,-14,28,50,9,2
51,17,1,52,-57,7,53,46,0,2
50,13,31,76,-59,34,75,38,9,2
1,0,44,104,-65,47,103,34,9,2
3,12,13,109,-59,63,103,40,1,2
3,3,51,105,-64,58,105,35,6,2
42,53,13,92,-44,63,81,59,9,2
50,53,43,89,-38,46,77,59,7,2
50,62,21,75,-35,21,75,62,7,2
55,6,10,67,-66,12,53,31,10,2
50,3,50,66,-63,-5,53,34,6,2
57,12,39,70,-81,-11,50,18,0,2
56,13,31,70,-77,-16,50,21,6,2
56,0,9,58,-96,-39,51,3,10,2
0,60,46,45,-114,-50,26,85,10,2
0,50,19,17,-124,-80,4,75,6,2
0,65,0,16,-105,-75,3,94,0,2
53,6,41,-1,-90,-58,-21,9,3,2
0,3,8,17,-70,-41,3,28,7,2
8,16,18,21,-58,-28,0,41,7,2
0,50,0,35,-48,0,28,50,0,2
50,53,0,51,-38,12,50,59,0,2
50,17,39,77,-50,42,75,46,3,2
51,19,32,92,-52,35,77,46,9,2
3,3,39,103,-70,42,103,28,1,2
5,0,7,112,-73,57,105,25,7,2
0,20,50,96,-50,50,76,50,0,2
51,66,7,83,-27,57,76,72,6,2
53,52,32,80,-41,35,78,56,9,2
50,50,18,87,-48,18,75,50,6,2
53,0,0,79,-71,1,79,28,0,2
56,12,44,78,-83,-6,78,16,3,2
50,12,25,78,-83,-23,78,15,0,2
55,0,1,55,-100,-48,54,0,0,2
50,56,32,50,-114,-66,50,84,8,2
1,65,0,21,-101,-81,1,96,6,2
0,3,28,12,-93,-71,5,6,3,2
1,15,40,15,-78,-58,1,21,0,2
6,12,4,7,-61,-45,0,37,3,2
12,1,26,22,-62,-22,3,35,0,2
12,15,43,44,-57,-4,25,41,6,2
53,13,12,64,-50,18,50,47,6,2
62,14,0,87,-59,51,75,37,1,2
1,20,33,101,-51,37,100,47,9,2
0,14,7,100,-54,58,100,43,7,2
0,62,29,100,-37,80,100,62,4,2
51,69,21,79,-29,71,79,69,9,2
54,53,38,73,-46,42,53,53,3,2
59,50,26,86,-48,27,78,51,0,2
57,13,12,85,-55,12,76,38,9,2
50,12,32,78,-83,-17,78,16,7,2
56,6,14,70,-90,-35,51,9,0,2
50,0,1,51,-99,-48,50,0,0,2
0,53,37,37,-115,-60,25,84,0,2
10,69,34,12,-125,-65,1,68,10,2
0,56,0,10,-118,-65,4,81,9,2
3,17,3,23,-82,-45,4,16,3,2
3,0,23,10,-64,-26,4,35,9,2
7,53,29,8,-38,-20,0,59,3,2
12,64,44,22,-28,0,4,68,7,2
12,56,25,44,-43,25,25,56,0,2
51,13,37,82,-61,48,75,37,6,2
57,15,37,95,-59,44,75,40,6,2
6,3,0,110,-71,50,103,28,0,2
2,14,12,110,-58,68,106,41,6,2
50,56,5,88,-43,55,75,56,3,2
50,62,12,94,-30,63,81,68,1,2
50,62,37,75,-37,37,75,62,0,2
53,50,19,73,-48,19,53,50,6,2
50,0,46,76,-68,-6,76,31,6,2
56,4,26,72,-70,-19,53,28,3,2
51,12,13,63,-80,-36,50,19,0,2
51,7,44,58,-87,-52,54,10,7,2
3,1,28,41,-98,-69,29,0,3,2
0,71,28,24,-107,-68,5,92,6,2
0,64,21,18,-110,-78,6,87,8,2
3,5,29,15,-88,-69,3,10,3,2
0,18,46,15,-81,-51,3,19,0,2
1,7,9,17,-66,-38,4,32,10,2
6,12,20,22,-55,-25,6,43,12,2
0,50,39,32,-50,-1,25,50,9,2
50,15,25,56,-59,28,50,37,0,2
62,21,19,68,-50,24,50,46,9,2
54,8,38,92,-53,41,79,44,3,2
55,14,8,99,-57,62,82,41,9,2
44,14,50,94,-59,56,75,37,6,2
50,64,13,82,-35,63,75,62,0,2
51,62,38,73,-32,41,75,69,0,2
50,50,9,75,-49,11,75,50,8,2
50,0,34,76,-68,-15,75,31,9,2
50,22,31,69,-76,-18,50,22,6,2
51,12,51,65,-86,-32,51,13,1,2
56,0,3,71,-95,-47,52,3,2,2
50,0,32,55,-99,-63,54,0,8,2
0,56,0,29,-115,-78,28,84,6,2
0,62,9,9,-108,-90,3,91,6,2
3,4,23,17,-95,-76,0,3,9,2
1,14,44,12,-79,-51,0,18,9,2
6,3,12,22,-64,-37,3,35,0,2
9,53,25,21,-44,-25,3,53,0,2
0,50,42,28,-39,-1,28,59,7,2
50,50,21,52,-43,21,51,56,6,2
60,51,31,74,-54,38,54,43,0,2
53,1,38,91,-64,38,78,34,1,2
8,0,4,108,-74,54,100,25,1,2
1,6,53,101,-65,60,100,34,7,2
32,50,3,85,-49,47,81,50,7,2
52,52,37,76,-42,32,75,57,7,2
50,50,26,75,-48,26,75,50,1,2
50,19,0,56,-55,0,50,44,0,2
50,0,29,76,-67,-20,76,31,0,2
50,12,22,63,-80,-27,50,18,6,2
50,14,10,64,-83,-42,50,15,7,2
53,63,46,60,-103,-50,51,96,7,2
3,0,0,48,-100,-63,30,0,8,2
0,57,19,18,-114,-80,3,84,6,2
0,5,0,25,-87,-89,25,10,9,2
0,15,0,-1,-80,-77,-18,18,6,2
6,1,43,11,-72,-55,1,25,6,2
0,17,6,12,-50,-41,0,47,6,2
4,50,25,17,-45,-24,5,53,0,2
13,13,6,44,-53,8,25,45,6,2
59,12,19,71,-57,29,51,40,1,2
51,15,28,83,-51,28,76,46,3,2
0,3,38,102,-70,41,102,28,0,2
0,15,9,100,-57,60,103,39,6,2
0,12,50,103,-55,50,100,44,0,2
50,50,6,84,-51,49,81,46,10,2
53,20,35,74,-50,35,57,48,9,2
53,18,3,78,-53,5,78,46,2,2
50,50,50,69,-44,-3,52,44,7,2
53,2,18,78,-72,-31,78,26,6,2
53,16,7,66,-82,-42,50,16,7,2
53,0,45,59,-96,-54,53,3,8,2
3,6,28,47,-93,-69,28,6,1,2
0,6,0,32,-93,-71,28,3,3,2
3,53,0,5,-121,-74,0,78,0,2
0,5,31,18,-94,-68,5,3,6,2
0,14,42,14,-85,-57,0,12,2,2
3,16,6,9,-57,-43,3,40,6,2
0,52,20,25,-44,-25,26,57,0,2
12,54,0,45,-45,7,25,53,7,2
62,50,25,63,-50,26,50,50,1,2
62,50,10,87,-37,24,75,62,8,2
1,50,50,120,-44,53,101,53,3,2
20,15,50,120,-50,80,103,53,0,2
50,62,50,95,-33,79,81,66,4,2
50,52,0,82,-41,51,75,57,1,2
50,57,26,88,-39,26,75,60,1,2
50,13,0,75,-58,0,75,41,0,2
53,6,50,72,-67,-7,53,31,1,2
53,0,33,71,-75,-16,53,25,8,2
50,0,50,75,-98,-31,75,0,3,2
50,64,50,50,-110,-40,50,89,6,2
32,50,0,32,-121,-51,26,78,9,2
28,68,0,26,-98,-62,26,0,9,2
0,5,42,9,-94,-56,3,3,3,2
2,16,5,21,-75,-44,2,22,2,2
0,15,16,28,-57,-32,28,40,3,2
6,5,37,34,-62,-12,28,34,0,2
62,12,43,65,-55,0,50,43,0,2
50,54,19,85,-45,19,75,53,6,2
0,51,25,109,-48,25,103,50,0,2
13,17,43,117,-56,43,104,41,6,2
0,14,7,122,-56,57,103,41,7,2
10,50,51,105,-48,55,104,50,3,2
50,63,6,90,-28,58,75,69,7,2
50,56,35,70,-43,35,51,56,9,2
50,51,19,69,-41,19,50,57,6,2
58,57,3,61,-41,4,54,57,3,2
50,1,38,69,-82,-12,50,16,0,2
50,1,28,75,-89,-19,75,10,2,2
50,65,21,69,-103,-26,50,96,10,2
5,68,48,49,-102,-51,28,93,8,2
1,50,34,39,-122,-63,26,75,9,2
0,58,32,28,-116,-67,28,82,6,2
1,63,44,23,-100,-55,4,97,6,2
0,12,12,29,-81,-36,28,18,0,2
9,12,12,23,-62,-34,5,40,8,2
9,3,44,34,-58,-5,28,41,7,2
2,62,2,30,-32,8,29,65,6,2
50,59,26,50,-27,26,50,71,0,2
63,64,40,69,-31,46,50,66,9,2
58,12,31,86,-59,32,75,39,7,2
0,17,43,117,-82,43,104,16,6,2
19,1,11,121,-69,62,106,28,10,2
3,20,10,103,-54,61,103,45,10,2
29,51,44,80,-48,44,79,50,7,2
57,56,38,82,-46,27,76,53,0,2
53,68,0,72,-31,1,53,68,0,2
51,1,37,71,-67,-8,50,31,3,2
50,12,25,76,-86,-23,76,13,0,2
51,6,19,69,-88,-30,50,9,6,2
50,6,3,64,-91,-48,51,7,1,2
50,0,44,52,-94,-55,51,4,6,2
19,53,21,19,-119,-76,0,78,9,2
0,70,17,23,-103,-81,3,95,2,2
0,0,30,3,-98,-69,3,0,2,2
6,15,0,28,-75,-46,28,21,3,2
6,7,18,33,-64,-25,26,34,9,2
12,21,25,41,-53,-16,28,43,6,2
58,4,0,58,-56,3,52,40,0,2
63,50,0,74,-41,26,55,57,1,2
53,10,38,83,-53,44,77,44,6,2
50,0,45,93,-64,45,75,35,8,2
54,7,9,99,-66,60,82,32,9,2
37,0,53,90,-66,60,75,32,10,2
52,14,3,77,-54,54,77,43,3,2
53,15,19,81,-52,8,75,46,8,2
50,15,6,65,-58,8,53,41,8,2
53,0,45,72,-74,-1,53,25,9,2
50,16,37,81,-82,-10,75,13,10,2
50,0,28,75,-95,-21,75,3,0,2
51,60,8,52,-114,-38,50,84,10,2
50,53,0,50,-121,-46,50,78,3,2
0,71,0,30,-101,-49,29,97,0,2
1,6,7,20,-93,-39,2,7,0,2
0,19,12,15,-76,-33,1,22,3,2
3,4,21,15,-69,-25,3,28,10,2
6,7,32,20,-63,-16,1,34,6,2
53,3,0,55,-63,5,53,35,3,2
56,19,2,69,-51,2,53,50,6,2
62,12,25,94,-58,26,76,41,0,2
0,12,32,116,-62,32,100,37,6,2
1,0,0,108,-69,30,102,29,3,2
1,12,37,113,-62,44,100,37,7,2
45,15,40,95,-58,43,75,43,9,2
37,19,39,89,-50,39,75,47,1,2
50,50,31,78,-49,34,78,50,9,2
50,50,14,77,-46,17,77,53,3,2
50,56,50,71,-38,-6,56,60,4,2
54,16,45,88,-81,-5,76,18,6,2
51,14,50,76,-85,-22,76,13,2,2
50,1,6,77,-97,-42,76,1,6,2
51,0,42,65,-97,-56,51,0,3,2
0,67,28,42,-101,-71,29,96,3,2
0,56,25,29,-117,-76,29,81,10,2
23,0,28,24,-98,-71,3,0,3,2
1,16,46,14,-83,-52,0,16,9,2
0,7,10,20,-63,-38,1,34,10,2
6,50,21,23,-47,-25,3,51,9,2
0,50,37,37,-36,-2,27,63,9,2
50,63,12,57,-36,19,50,63,7,2
50,16,34,79,-50,34,76,46,9,2
58,0,35,99,-66,36,101,28,1,2
0,6,45,-124,-68,48,125,31,7,2
20,13,50,121,-55,75,101,43,0,2
43,62,50,98,-33,76,81,65,0,2
0,53,46,100,-40,49,100,59,9,2
50,56,16,81,-41,16,78,53,7,2
50,18,46,77,-51,0,77,46,8,2
50,3,50,75,-71,-18,75,28,6,2
50,12,50,68,-87,-32,53,12,3,2
50,2,1,67,-97,-45,53,0,0,2
53,0,45,59,-98,-53,53,0,8,2
1,53,0,30,-119,-57,28,78,3,2
0,62,25,25,-105,-73,25,93,0,2
3,12,46,9,-86,-52,3,13,6,2
52,0,3,0,-73,-46,-21,25,0,2
6,0,18,9,-64,-28,3,37,6,2
5,50,34,17,-48,-12,3,50,9,2
12,50,12,47,-46,13,25,53,0,2
62,12,25,71,-56,25,53,43,0,2
63,0,37,99,-67,42,80,32,3,2
56,7,0,98,-67,35,100,28,6,2
2,0,0,115,-73,46,101,25,9,2
6,0,50,107,-72,50,100,26,0,2
31,18,1,83,-55,33,77,44,7,2
56,54,30,73,-44,37,53,54,9,2
50,20,17,75,-55,11,75,44,8,2
50,15,49,81,-53,0,81,46,10,2
55,0,0,87,-74,6,80,25,6,2
50,0,39,87,-96,-10,75,3,0,2
50,0,51,75,-100,-25,75,0,10,2
51,0,50,58,-99,-42,56,0,7,2
0,62,45,36,-111,-54,30,88,7,2
6,63,6,9,-108,-93,6,91,6,2
39,69,23,-4,-105,-76,-23,94,9,2
0,1,50,1,-70,-49,1,28,0,2
7,14,18,4,-51,-25,3,46,10,2
9,55,41,24,-37,-8,5,60,3,2
53,53,15,53,-46,17,53,53,3,2
56,3,31,69,-59,31,50,40,6,2
0,14,39,101,-78,39,101,18,0,2
56,18,44,99,-84,44,78,15,7,2
50,12,31,89,-85,34,76,14,9,2
50,8,31,94,-66,35,75,31,9,2
53,20,0,78,-51,55,75,50,9,2
54,19,44,74,-51,49,53,47,9,2
50,53,25,80,-40,22,79,59,7,2
50,18,0,78,-51,5,78,47,3,2
50,0,28,75,-74,-19,75,25,3,2
50,13,21,75,-86,-25,53,10,7,2
50,0,6,62,-94,-42,50,3,6,2
55,65,0,55,-103,-48,54,96,1,2
0,69,43,38,-100,-54,25,97,6,2
12,62,33,12,123,-66,0,66,6,2
1,55,36,15,-113,-62,0,93,0,2
0,6,0,1,-90,-54,1,9,7,2
0,3,7,4,-64,-39,3,34,9,2
6,17,28,19,-51,-21,0,46,3,2
12,65,6,38,-32,6,25,66,6,2
50,51,25,51,-45,26,50,53,6,2
56,19,28,82,-51,30,75,46,2,2
0,12,46,110,-51,49,103,46,9,2
0,12,15,-125,-61,65,-127,38,3,2
15,0,50,116,-68,83,103,31,7,2
50,18,14,92,-53,65,80,43,7,2
50,18,23,78,-53,23,75,46,9,2
50,51,43,63,-45,-2,50,53,9,2
53,19,49,60,-53,0,56,44,10,2
53,20,35,53,-79,-14,53,20,9,2
50,68,25,51,-109,-26,50,88,9,2
50,68,6,54,-105,-41,53,93,6,2
0,62,46,32,-111,-53,25,88,6,2
17,56,0,18,-118,-62,0,81,10,2
3,71,0,3,-103,-69,3,94,3,2
0,2,38,-1,-93,-59,-20,6,2,2
50,15,3,-3,-76,-45,-21,21,1,2
0,18,18,13,-50,-29,0,47,6,2
6,54,43,31,-39,-5,25,59,9,2
59,51,12,59,-44,18,53,53,6,2
50,13,23,84,-51,22,78,47,9,2
59,0,43,98,-67,43,76,31,6,2
1,7,6,114,-64,58,100,35,8,2
17,14,50,117,-60,50,101,43,3,2
0,50,9,101,-47,60,101,50,9,2
50,19,6,86,-50,56,80,48,6,2
50,54,31,83,-45,31,75,53,6,2
55,12,8,80,-60,8,79,37,8,2
50,51,51,57,-48,-6,53,48,3,2
50,14,41,69,-82,-8,50,16,0,2
50,1,25,63,-92,-23,50,6,0,2
50,67,13,62,-100,-34,50,97,1,2
50,62,0,50,-104,-47,50,94,0,2
0,62,50,37,-110,-47,26,84,0,2
0,50,0,23,-120,-64,4,78,9,2
0,3,45,11,-96,-54,3,3,8,2
2,16,6,2,-83,-43,0,16,6,2
5,2,18,17,-66,-29,3,32,6,2
6,53,32,18,-46,-14,1,53,0,2
50,60,0,50,-39,3,50,59,0,2
50,54,31,75,-44,32,75,53,7,2
62,51,39,89,-48,39,75,50,0,2
3,12,25,103,-61,27,103,37,1,2
9,14,15,123,-60,66,105,31,6,2
0,19,50,102,-55,50,102,43,0,2
50,15,0,93,-52,50,80,47,0,2
50,19,45,71,-53,46,51,45,6,2
53,56,22,84,-41,22,78,57,6,2
54,14,0,77,-62,-3,75,37,6,2
50,13,38,75,-80,-11,75,19,0,2
54,1,50,80,-94,-25,80,3,8,2
56,0,12,68,-99,-35,50,0,2,2
0,62,50,43,-107,-49,25,92,0,2
0,51,25,16,-125,-76,4,72,8,2
0,0,23,17,-99,-76,5,0,9,2
0,17,0,0,-75,-67,0,22,7,2
56,3,0,0,-63,-47,-21,34,0,2
9,15,20,9,-59,-28,3,37,7,2
0,12,37,36,-52,-3,26,47,6,2
14,10,12,49,-51,12,29,46,0,2
71,51,25,71,-48,25,53,50,0,2
53,14,42,85,-54,42,78,43,3,2
3,15,37,103,-58,37,103,41,0,2
5,13,41,105,-57,41,105,40,3,2
51,15,42,92,-51,42,79,46,3,2
52,50,15,80,-39,66,79,60,3,2
53,56,46,97,-39,46,100,58,7,2
54,20,50,80,-54,-4,80,43,6,2
50,14,25,78,-75,-23,78,23,1,2
52,14,31,77,-82,-18,75,15,6,2
50,6,50,76,-90,-26,75,9,9,2
50,0,7,71,-100,-42,54,97,3,2
51,64,2,51,-107,-47,50,91,0,2
0,62,0,29,-112,-59,25,87,3,2
0,67,44,19,-101,-53,0,96,7,2
1,3,50,7,-96,-47,1,3,2,2
0,12,18,14,-83,-30,0,19,6,2
0,2,34,15,-62,-14,3,34,9,2
11,14,2,24,-54,5,5,44,2,2
12,12,18,47,-53,22,25,44,7,2
50,50,25,58,-45,31,50,53,6,2
62,50,37,70,-50,40,75,47,1,2
53,14,28,91,-57,36,78,40,9,2
0,13,40,101,-59,41,100,38,1,2
0,17,50,108,-57,50,101,41,0,2
0,56,10,100,-41,60,100,56,7,2
50,67,50,83,-29,53,76,70,0,2
57,62,34,97,-37,34,78,62,9,2
53,18,0,91,-50,1,78,47,1,2
50,4,34,83,-69,-15,76,28,6,2
51,16,26,76,-83,-23,75,16,1,2
50,0,50,77,-91,-35,76,6,1,2
53,67,50,66,-101,-50,53,96,0,2
3,68,0,41,-104,-63,28,93,9,2
0,62,0,29,-108,-72,29,91,0,2
0,63,0,22,-102,-58,3,97,3,2
0,0,51,16,-88,-43,3,9,6,2
6,12,20,19,-76,-29,0,22,7,2
3,1,34,17,-62,-15,3,35,9,2
1,14,0,26,-50,1,25,46,1,2
14,51,13,46,-35,14,25,62,0,2
54,54,37,55,-33,44,53,66,6,2
58,62,0,86,-37,39,78,62,0,2
0,51,0,101,-48,33,101,50,6,2
0,13,3,113,-57,54,100,41,1,2
0,55,50,113,-38,76,100,59,1,2
50,67,50,100,-26,58,100,72,7,2
52,64,39,96,-26,39,76,71,1,2
50,18,9,89,-53,9,76,44,6,2
50,14,52,83,-60,-12,78,38,0,2
53,14,51,84,-78,-17,78,19,7,2
51,3,50,76,-90,-31,75,9,1,2
50,6,50,69,-93,-44,50,6,2,2
52,0,0,58,-98,-53,51,0,9,2
0,62,44,35,-110,-55,25,85,1,2
0,56,32,19,-115,-67,0,84,6,2
1,63,42,17,-105,-57,2,94,3,2
0,3,4,19,-88,-45,0,9,0,2
6,3,22,11,-70,-25,2,28,8,2
6,19,31,20,-53,-15,0,46,0,2
0,62,7,29,-33,7,25,66,7,2
12,53,30,42,-33,30,26,66,1,2
62,50,0,62,-44,51,50,53,0,2
50,16,2,84,-52,55,78,47,2,2
3,17,6,104,-57,56,100,40,7,2
15,50,8,115,-50,58,101,50,6,2
50,50,6,81,-43,60,81,56,9,2
51,54,33,80,-45,33,78,53,8,2
51,16,0,70,-50,0,50,47,0,2
53,0,44,73,-67,-5,50,37,0,2
51,3,51,71,-64,-30,50,34,7,2
51,4,15,73,-94,-32,53,3,2,2
50,0,13,69,-98,-35,50,0,1,2
50,1,46,61,-98,-53,53,0,8,2
0,63,38,49,-108,-60,28,94,0,2
0,57,23,23,-117,-76,4,82,9,2
0,71,10,16,-103,-88,3,94,8,2
0,0,34,15,-98,-65,0,0,6,2
3,12,12,28,-84,-34,25,15,0,2
4,7,26,36,-62,-20,28,41,6,2
3,62,3,29,-37,3,28,62,3,2
7,56,19,46,-15,21,25,84,8,2
51,68,25,51,-31,28,51,68,3,2
51,1,25,76,-63,26,76,35,0,2
0,3,3,100,-64,53,103,37,0,2
1,17,50,101,-57,50,100,42,0,2
3,15,50,103,-57,52,103,40,0,2
48,62,3,98,-36,55,79,63,3,2
50,56,39,86,-43,39,78,56,1,2
50,62,15,74,-39,6,54,60,6,2
51,7,43,83,-67,-6,75,31,6,2
50,12,25,69,-79,-24,50,18,0,2
51,14,16,76,-85,-33,75,13,0,2
50,0,6,64,-94,-41,50,3,7,2
50,0,45,53,-97,-56,53,0,1,2
1,64,37,33,-110,-62,26,87,0,2
0,68,18,25,-105,-81,25,94,6,2
0,0,0,12,-96,-64,0,3,10,2
1,12,0,14,-83,-48,0,15,0,2
3,22,12,14,-69,-37,0,28,8,2
6,12,27,19,-56,-16,0,43,7,2
4,54,4,30,-45,4,28,53,3,2
3,50,13,42,-41,13,28,57,0,2
61,12,38,62,-52,38,54,47,0,2
57,18,26,85,-51,37,79,47,8,2
53,9,39,91,-65,39,75,34,1,2
3,6,49,104,-68,49,104,31,9,2
0,6,15,100,-66,65,100,31,3,2
47,52,7,99,-44,58,78,53,6,2
50,20,39,69,-45,35,50,53,10,2
53,51,13,92,-44,13,79,54,0,2
53,50,9,86,-49,11,78,50,9,2
50,1,46,88,-66,-3,75,28,6,2
50,18,22,82,-78,-25,75,18,8,2
51,69,9,77,-100,-39,77,96,7,2
53,63,46,60,-108,-52,53,91,9,2
37,62,2,40,-112,-62,28,87,9,2
35,2,0,35,-97,-55,26,1,8,2
0,1,0,26,-89,-50,25,10,7,2
2,3,50,21,-89,-48,0,9,0,2
7,12,7,7,-81,-41,0,18,6,2
0,19,18,25,-75,-30,25,22,7,2
9,13,31,22,-61,-14,28,40,0,2
51,51,6,51,-44,9,50,53,9,2
69,51,38,69,-16,49,50,81,9,2
50,55,46,87,-19,46,75,78,6,2
6,66,50,110,-33,53,103,66,3,2
7,53,50,105,-42,73,105,57,9,2
9,56,50,110,-41,62,103,57,0,2
50,53,7,80,-39,57,79,59,6,2
50,52,33,88,-41,33,75,57,6,2
33,50,0,83,-50,7,75,50,7,2
53,14,3,88,-53,1,75,44,1,2
51,0,44,89,-68,-3,76,31,6,2
50,0,39,89,-74,-10,76,25,0,2
56,63,20,85,-103,-29,78,94,8,2
51,62,50,67,-111,-42,53,88,7,2
50,0,0,48,-94,-58,29,3,0,2
0,0,0,35,-98,-57,28,0,3,2
1,13,48,14,-85,-50,0,13,8,2
0,12,7,17,-79,-42,3,18,7,2
0,3,12,16,-70,-37,0,28,0,2
3,3,26,25,-71,-19,25,28,3,2
9,0,46,47,-67,-1,28,31,9,2
56,16,19,69,-58,23,50,41,9,2
50,12,25,80,-57,28,78,40,0,2
56,12,0,96,-52,41,78,46,3,2
56,56,6,97,-39,57,78,59,7,2
0,18,50,101,-56,60,101,43,7,2
48,14,0,98,-53,43,78,44,6,2
50,19,45,82,-52,48,75,46,6,2
52,20,21,68,-54,21,53,43,8,2
53,18,44,72,-51,-5,53,46,7,2
50,19,46,58,-55,-3,50,44,6,2
53,0,35,72,-91,-14,53,6,7,2
50,0,50,65,-93,-24,53,6,6,2
50,6,9,56,-92,-39,50,6,9,2
0,6,35,44,-92,-64,25,6,6,2
0,14,0,13,-79,-90,0,19,6,2
0,3,3,0,-95,-94,0,4,2,2
0,68,37,28,-102,-61,25,3,6,2
3,1,50,30,-98,-36,28,0,0,2
50,12,31,52,-80,-10,51,19,0,2
3,3,6,47,-70,6,28,28,6,2
50,17,12,60,-51,12,53,46,9,2
51,15,32,80,-52,35,75,46,0,2
51,54,0,64,-39,51,50,59,0,2
50,57,0,82,-42,54,75,57,3,2
51,6,15,76,-63,66,76,34,3,2
50,50,34,96,-47,84,76,50,9,2
51,51,28,73,-45,79,53,56,0,2
53,51,15,78,-42,67,78,56,3,2
50,52,43,62,-44,47,50,53,9,2
50,15,38,53,-59,38,53,40,0,2
0,22,25,40,-75,25,28,22,0,2
0,6,22,41,-89,23,25,10,6,2
50,12,31,50,-86,31,50,13,6,2
50,14,43,62,-60,45,50,37,7,2
53,50,7,78,-48,57,75,51,6,2
53,52,3,78,-44,55,78,53,2,2
50,57,7,92,-42,53,80,56,3,2
41,50,50,91,-48,55,75,51,3,2
42,19,46,92,-55,46,78,44,9,2
53,18,31,87,-56,32,78,43,7,2
56,19,6,74,-52,6,53,47,6,2
50,14,28,81,-89,-24,75,10,0,2
57,70,9,74,-101,-38,51,96,7,2
51,54,36,65,-119,-63,50,78,8,2
44,66,0,44,-108,-73,25,90,3,2
46,50,34,46,-124,-64,26,75,7,2
34,66,1,34,-96,-55,28,3,7,2
25,1,4,25,-73,-45,25,25,1,2
0,12,50,9,-55,-30,3,44,6,2
0,55,25,13,-44,-21,3,56,6,2
9,67,1,35,-32,7,26,65,7,2
50,65,25,60,-33,33,53,63,8,2
60,53,47,86,-45,48,76,53,10,2
0,51,50,106,-44,58,100,53,6,2
0,19,0,124,-51,44,126,46,9,2
18,50,50,119,-43,59,100,56,9,2
0,57,50,101,-37,61,100,59,10,2
44,53,35,94,-46,35,76,53,9,2
51,53,12,88,-45,14,75,53,0,2
50,56,50,74,-42,-7,55,53,9,2
50,18,36,91,-77,-13,78,21,9,2
51,3,26,95,-94,-23,75,2,0,2
53,0,50,80,-94,-32,78,4,3,2
13,62,0,63,-108,-54,50,91,8,2
50,50,30,51,-120,-70,50,78,3,2
31,0,0,31,-99,-61,25,0,0,2
15,12,0,15,-82,-51,3,16,7,2
0,3,20,13,-65,-28,0,34,6,2
6,17,41,24,-50,-7,4,46,3,2
7,56,18,50,-37,20,50,62,6,2
56,63,43,72,-30,44,53,69,6,2
50,63,49,82,-36,49,75,62,9,2
6,50,17,108,-46,67,101,53,3,2
39,51,51,89,-48,68,75,50,3,2
0,50,50,98,-49,54,79,50,3,2
50,50,48,78,-49,49,78,50,9,2
51,16,32,77,-57,32,75,40,7,2
51,6,0,67,-65,12,53,35,8,2
51,0,50,74,-74,-6,53,25,6,2
23,12,1,73,-63,5,53,34,3,2
50,3,45,76,-90,-3,75,9,6,2
50,0,50,72,-97,-15,53,0,6,2
50,1,50,63,-98,-22,53,0,0,2
50,3,50,57,-90,-26,50,9,9,2
0,62,50,39,-111,-34,25,87,0,2
51,5,14,54,-94,-35,54,3,0,2
1,0,50,26,-97,-28,26,0,6,2
0,13,50,12,-80,-24,0,19,2,2
0,0,35,25,-66,-14,25,32,7,2
0,12,0,21,-58,6,0,40,6,2
53,12,22,59,-56,24,50,43,8,2
50,51,41,87,-48,41,75,51,3,2
54,54,1,98,-44,52,101,53,0,2
1,65,0,101,-34,50,100,65,0,2
0,56,50,111,-45,55,104,54,3,2
50,56,47,94,-43,47,75,56,9,2
51,57,45,99,-42,46,80,56,6,2
35,51,0,86,-48,43,76,50,6,2
29,50,25,79,-49,25,78,50,0,2
50,18,21,80,-55,24,77,44,8,2
50,8,6,68,-62,6,50,35,6,2
50,17,50,72,-75,-8,53,22,3,2
31,18,0,81,-75,0,76,21,3,2
50,0,0,76,-74,3,75,25,3,2
50,4,50,81,-89,-4,75,9,6,2
50,6,50,76,-91,-12,75,7,0,2
50,6,50,69,-92,-23,50,6,0,2
50,0,50,54,-100,-27,50,0,9,2
0,3,19,42,-95,-30,28,3,7,2
0,5,50,21,-94,-29,1,3,6,2
0,12,50,26,-85,-23,26,12,0,2
3,0,42,24,-73,-7,3,25,1,2
3,3,7,35,-65,7,25,34,9,2
55,18,25,61,-56,26,53,43,0,2
53,50,36,73,-47,36,53,51,9,2
57,56,43,83,-41,46,76,56,9,2
51,50,0,95,-41,48,75,57,9,2
50,50,2,97,-48,52,79,47,3,2
0,20,4,105,-50,54,105,47,3,2
32,18,2,83,-54,46,76,44,7,2
32,12,0,82,-55,34,75,44,9,2
50,14,28,80,-60,28,78,37,3,2
51,12,0,82,-55,15,75,43,3,2
53,14,20,85,-57,21,79,40,6,2
51,0,0,83,-72,16,76,25,3,2
52,14,7,96,-79,8,76,18,7,2
52,3,0,96,-95,3,76,3,3,2
51,18,42,85,-83,-7,78,16,3,2
50,65,50,67,-101,-23,53,97,0,2
0,0,50,48,-99,-28,28,0,9,2
28,4,50,28,-95,-27,28,3,9,2
25,12,50,25,-87,-21,25,12,3,2
2,3,39,19,-68,-8,0,31,3,2
1,12,6,40,-55,7,25,44,6,2
53,12,35,66,-51,36,53,46,11,2
50,50,48,75,-41,48,75,56,9,2
57,51,3,94,-41,53,76,57,3,2
7,50,9,108,-48,60,101,51,9,2
53,50,2,92,-44,55,79,53,3,2
1,50,5,104,-49,55,103,50,3,2
50,55,0,79,-44,48,78,53,3,2
51,53,35,80,-44,36,78,53,8,2
53,19,32,72,-55,32,53,44,6,2
51,14,26,83,-53,26,76,44,0,2
50,12,0,82,-55,27,76,44,2,2
52,0,19,90,-67,19,75,28,3,2
50,18,0,89,-81,0,75,16,0,2
50,7,33,79,-89,-16,79,9,7,2
53,0,50,67,-99,-32,55,0,2,2
43,3,51,43,-96,-41,31,3,8,2
23,3,50,24,-90,-35,6,12,3,2
34,14,50,34,-82,-27,28,16,9,2
3,0,50,35,-71,-8,25,28,3,2
50,0,4,61,-74,4,51,25,3,2
50,0,0,84,-67,19,75,32,6,2
50,15,25,88,-53,26,75,48,3,2
0,51,32,100,-47,33,100,50,7,2
3,50,44,105,-46,44,104,53,7,2
1,50,43,102,-44,46,102,53,7,2
0,19,48,100,-55,49,100,44,9,2
50,21,42,88,-49,43,75,50,6,2
50,56,43,91,-40,43,75,59,6,2
50,56,46,75,-39,49,75,60,10,2
50,63,47,75,-34,47,75,63,7,2
51,53,32,76,-40,32,76,59,6,2
56,50,25,71,-48,26,52,50,0,2
53,14,21,72,-60,21,53,37,6,2
50,3,7,75,-71,7,75,28,6,2
51,12,49,65,-80,0,53,22,9,2
50,14,50,58,-78,-5,56,19,7,2
51,12,48,64,-91,0,51,7,0,2
50,63,53,56,-100,-3,50,98,9,2
0,51,50,44,-116,-7,25,81,3,2
0,64,51,46,-110,-19,25,88,1,2
0,1,32,27,-98,-17,25,0,7,2
1,16,50,34,-73,-11,28,25,1,2
0,0,0,43,-71,5,25,28,3,2
50,1,0,69,-73,25,50,25,0,2
50,15,32,75,-56,33,53,43,9,2
57,54,41,83,-38,41,76,60,3,2
50,62,0,90,-31,50,78,68,0,2
57,64,0,96,-35,51,76,63,0,2
57,63,10,96,-30,60,76,69,10,2
51,57,1,89,-42,51,79,60,3,2
50,51,1,94,-41,52,75,57,1,2
50,68,48,80,-31,48,79,68,9,2
54,66,0,92,-32,53,79,65,3,2
57,19,43,85,-51,43,79,47,6,2
56,0,19,83,-75,19,75,25,0,2
58,64,8,96,-101,8,76,96,6,2
50,69,46,91,-105,-2,78,93,7,2
51,53,50,73,-121,-24,54,78,0,2
51,50,20,61,-125,-28,54,75,7,2
0,0,50,35,-96,-27,29,3,9,2
46,0,52,-3,-90,-25,-22,9,10,2
0,0,50,12,-67,-13,0,31,9,2
3,50,4,5,-47,5,3,50,3,2
7,51,40,48,-48,41,28,50,3,2
53,16,0,65,-53,50,51,46,0,2
50,50,12,81,-48,64,75,50,0,2
57,57,3,95,-38,54,76,60,3,2
57,53,12,96,-44,67,81,53,3,2
0,55,8,102,-44,58,100,53,6,2
53,15,0,96,-51,50,78,46,0,2
50,17,44,88,-50,44,75,48,6,2
50,20,43,82,-51,44,75,46,7,2
50,56,36,73,-43,37,55,56,9,2
51,12,31,74,-60,33,53,37,7,2
50,22,26,81,-53,27,75,46,0,2
57,51,6,70,-48,6,50,50,6,2
50,6,40,68,-87,-8,54,10,3,2
53,7,37,80,-91,-12,80,6,0,2
50,69,25,71,-100,-21,50,96,3,2
53,64,26,66,-107,-22,53,90,0,2
50,50,7,59,-123,-39,53,75,7,2
0,71,9,46,-100,-38,27,97,10,2
0,1,15,31,-98,-34,25,3,0,2
0,7,22,21,-88,-25,3,9,9,2
1,0,37,17,-72,-9,1,25,3,2
0,6,1,28,-68,5,25,31,3,2
1,6,25,45,-64,26,26,35,0,2
51,12,37,67,-61,37,53,40,0,2
50,50,0,76,-46,50,75,50,0,2
56,69,6,81,-30,56,75,68,6,2
55,62,12,92,-35,64,78,62,0,2
50,64,14,87,-35,67,75,62,3,2
51,62,9,98,-36,61,79,59,10,2
50,66,9,75,-33,61,75,65,10,2
28,51,44,78,-48,44,78,50,6,2
53,14,39,74,-60,39,54,37,0,2
50,7,9,71,-64,11,53,35,9,2
50,8,1,62,-64,3,50,34,0,2
50,6,3,71,-92,5,53,6,2,2
50,6,48,69,-93,0,50,6,9,2
53,67,43,66,-101,-5,53,96,6,2
50,55,37,63,-119,-11,50,78,0,2
0,57,18,47,-113,-33,28,84,3,2
0,62,12,36,-107,-37,28,90,0,2
9,1,20,9,-94,-29,3,3,6,2
0,17,25,18,-81,-22,0,16,0,2
1,6,45,11,-64,-1,3,35,9,2
3,3,9,43,-62,17,28,34,3,2
50,15,31,55,-59,32,53,40,6,2
50,50,43,80,-50,46,79,50,9,2
56,55,7,84,-44,57,78,53,6,2
50,68,12,89,-27,62,76,72,0,2
50,71,15,92,-26,73,75,72,9,2
50,62,19,94,-37,69,75,62,7,2
50,62,25,93,-34,75,75,65,0,2
53,51,12,74,-23,62,78,79,9,2
52,69,44,71,-26,46,56,72,7,2
50,6,23,78,-63,24,78,34,10,2
50,13,16,75,-61,16,75,38,3,2
50,13,0,70,-83,3,50,15,3,2
56,4,3,69,-88,3,53,0,3,2
50,69,42,66,-105,-7,53,94,3,2
50,68,33,58,-127,-16,51,71,6,2
0,62,50,44,-112,-21,25,87,3,2
31,68,29,32,-100,-20,25,96,3,2
0,12,34,23,-85,-15,26,12,0,2
3,4,44,24,-70,-5,3,28,6,2
2,3,10,21,-62,11,0,34,9,2
6,50,18,44,-48,21,25,50,9,2
50,14,37,53,-51,37,53,46,0,2
51,17,44,76,-50,47,78,47,9,2
51,50,0,89,-44,50,75,53,0,2
56,56,6,93,-41,56,75,57,6,2
53,58,0,93,-41,50,79,56,0,2
0,53,42,101,-44,42,101,54,3,2
51,18,48,94,-52,46,75,46,9,2
39,50,46,90,-49,46,76,50,7,2
38,50,32,88,-49,32,75,50,7,2
50,7,30,90,-64,30,76,34,3,2
51,6,0,80,-67,19,79,31,6,2
50,0,21,91,-68,20,78,31,6,2
53,0,10,98,-100,10,78,0,9,2
50,6,51,83,-92,-6,75,7,3,2
50,52,30,76,-116,-19,75,82,3,2
50,64,25,64,-107,-24,51,90,0,2
42,68,51,38,-101,-15,25,96,9,2
0,3,50,22,-89,-16,3,9,6,2
0,12,50,12,-62,-3,0,37,6,2
7,50,18,8,-49,18,0,50,6,2
0,50,0,37,-48,39,25,50,0,2
53,12,1,58,-52,54,50,46,3,2
50,53,10,75,-44,61,75,53,9,2
55,64,18,80,-35,70,78,62,6,2
56,62,18,82,-30,68,75,69,6,2
50,62,14,87,-32,67,75,66,3,2
50,67,9,89,-31,59,75,68,6,2
54,62,5,86,-31,55,80,68,4,2
53,50,9,97,-23,61,78,75,9,2
32,54,50,83,-44,54,79,50,6,2
50,18,35,84,-54,35,78,43,9,2
50,1,15,82,-67,15,75,31,3,2
50,1,19,83,-69,19,75,28,6,2
51,3,5,80,-89,5,78,9,3,2
50,2,1,89,-91,1,78,9,0,2
55,4,42,80,-95,-7,79,3,3,2
51,66,50,67,-101,-16,54,97,6,2
50,67,51,57,-101,-16,50,96,6,2
0,69,50,40,-100,-18,25,97,6,2
0,0,50,33,-87,-14,25,9,9,2
0,0,0,25,-74,0,25,25,0,2
0,14,1,25,-56,13,25,40,0,2
7,13,25,45,-55,26,26,43,1,2
56,1,0,58,-64,44,50,34,7,2
50,14,45,75,-53,45,77,50,9,2
57,63,6,85,-36,58,78,62,7,2
59,68,15,84,-26,65,78,71,3,2
0,65,12,100,-32,64,100,65,0,2
56,51,25,96,-38,75,76,59,0,2
51,59,51,86,-35,69,78,63,6,2
51,67,15,79,-32,67,78,66,3,2
50,62,6,78,-36,56,78,63,6,2
51,51,37,67,-44,37,53,53,0,2
53,50,21,79,-42,23,78,57,10,2
58,1,12,87,-73,11,75,25,9,2
51,12,3,76,-80,4,75,19,1,2
56,0,35,82,-99,-14,75,0,10,2
56,65,25,72,-102,-23,53,97,0,2
50,56,17,62,-116,-32,50,81,3,2
0,57,15,43,-116,-33,28,82,3,2
0,62,50,37,-106,-21,30,93,3,2
0,3,37,26,-94,-12,25,3,9,2
0,12,48,25,-76,-1,0,25,3,2
7,51,14,24,-44,15,3,53,0,2
7,50,29,50,-37,33,50,60,7,2
56,53,43,56,-39,45,50,59,6,2
57,62,0,83,-31,52,76,68,0,2
51,62,14,91,-36,64,75,62,0,2
56,62,12,96,-33,64,78,65,1,2
1,56,13,104,-40,65,103,59,0,2
1,58,7,107,-41,58,100,57,7,2
50,57,7,88,-41,57,75,57,7,2
50,63,48,81,-36,48,76,66,10,2
50,57,0,90,-42,51,78,57,0,2
50,50,43,76,-47,45,76,50,6,2
51,12,27,82,-57,27,76,40,0,2
50,14,25,81,-60,25,75,37,0,2
50,6,15,83,-93,14,75,6,0,2
55,0,1,80,-73,5,79,26,3,2
53,4,43,72,-89,-3,53,9,6,2
52,3,38,71,-95,-11,52,3,0,2
50,65,29,54,-103,-20,54,96,3,2
43,0,50,41,-95,-13,28,3,11,2
0,0,50,23,-98,-10,3,0,0,2
0,15,50,29,-83,-1,28,16,9,2
3,0,10,29,-71,10,28,28,9,2
0,0,22,44,-68,22,25,31,9,2
50,1,31,63,-66,32,53,31,10,2
56,12,39,71,-56,39,51,43,0,2
50,56,0,78,-38,50,78,59,0,2
56,68,0,85,-29,54,78,69,3,2
5,50,1,105,-22,58,104,75,7,2
0,50,12,102,-23,64,102,75,0,2
1,67,13,101,-31,63,101,66,0,2
51,67,11,95,-26,61,81,71,11,2
41,68,10,91,-31,61,75,68,11,2
50,57,12,83,-38,63,81,60,1,2
53,56,44,86,-42,42,79,56,4,2
50,19,25,91,-55,26,78,44,0,2
56,3,31,81,-63,31,75,35,6,2
54,15,15,79,-76,17,75,22,0,2
57,0,9,83,-74,9,76,25,9,2
53,13,50,73,-89,-6,54,9,4,2
50,65,50,61,-103,-14,55,96,10,2
50,0,33,52,-97,-16,51,0,7,2
44,2,50,44,-97,-10,30,0,0,2
2,12,50,37,-87,-7,28,12,3,2
7,12,1,37,-77,1,29,21,0,2
0,0,0,32,-68,4,26,31,3,2
5,3,22,49,-69,23,29,28,9,2
50,1,35,53,-72,37,53,28,0,2
56,3,41,69,-64,42,50,34,1,2
50,50,46,87,-42,46,75,56,9,2
57,62,6,82,-33,57,75,66,7,2
3,66,0,103,-32,55,103,66,3,2
57,64,6,95,-35,58,76,63,9,2
1,63,50,101,-33,56,101,66,6,2
50,67,6,96,-26,56,81,71,6,2
50,57,14,94,-17,64,81,82,0,2
31,50,52,81,-23,52,75,76,1,2
50,62,43,81,-31,44,78,65,0,2
50,6,15,92,-63,15,79,35,0,2
56,17,0,82,-76,2,75,21,0,2
53,3,46,78,-89,-3,78,9,9,2
50,3,50,76,-96,-15,76,3,9,2
57,0,25,68,-101,-24,50,98,0,2
50,58,12,66,-113,-37,53,84,10,2
50,62,50,52,-105,-40,52,94,9,2
1,64,50,35,-104,-34,29,93,3,2
3,8,50,28,-91,-21,28,6,3,2
3,0,50,7,-63,-7,0,35,1,2
0,13,6,25,-50,8,25,47,6,2
7,4,25,48,-57,25,28,40,0,2
57,14,39,71,-57,39,50,41,0,2
54,12,46,86,-57,47,78,39,10,2
60,63,1,101,-34,57,100,65,6,2
60,68,12,97,-26,64,81,71,0,2
6,62,14,107,-37,65,100,62,0,2
50,63,50,95,-36,68,76,63,6,2
53,62,15,96,-33,66,78,66,3,2
50,56,11,88,-36,60,75,63,10,2
50,19,44,75,-50,44,75,46,6,2
50,53,28,78,-44,28,78,53,3,2
53,12,28,71,-57,29,78,37,7,2
54,12,25,73,-77,25,53,22,0,2
53,14,19,66,-85,19,53,12,6,2
53,14,12,66,-82,12,53,16,0,2
56,1,5,60,-89,5,54,10,1,2
53,62,0,53,-103,0,50,94,9,2
0,0,50,44,-99,-7,25,0,4,2
3,1,50,35,-98,-2,28,0,9,2
7,11,0,33,-88,3,26,9,3,2
8,12,0,33,-80,13,27,18,0,2
0,0,0,26,-66,23,27,34,9,2
0,6,0,40,-55,36,25,44,8,2
5,12,0,50,-51,46,50,47,6,2
56,14,46,73,-50,46,54,48,9,2
60,50,0,85,-42,51,78,56,1,2
50,52,7,87,-44,58,75,56,4,2
9,16,6,110,-58,59,103,40,9,2
1,3,7,115,-64,58,101,34,7,2
0,53,3,106,-45,55,100,53,3,2
51,62,50,85,-36,56,78,63,6,2
50,50,50,82,-22,53,82,78,1,2
53,53,16,60,-12,66,53,85,4,2
50,69,1,69,-26,51,50,72,0,2
51,12,25,86,-58,25,78,40,0,2
54,0,13,80,-74,13,78,25,0,2
56,14,0,82,-81,2,78,15,0,2
51,3,46,76,-89,-3,75,9,6,2
50,54,37,62,-113,-11,50,84,0,2
50,50,31,63,-122,-17,50,75,7,2
1,62,50,44,-112,-25,31,87,10,2
3,67,39,24,-107,-8,4,90,3,2
0,0,46,25,-89,-3,25,9,6,2
0,14,12,8,-78,12,0,19,0,2
4,12,0,11,-61,18,3,37,6,2
4,14,28,23,-53,28,3,44,3,2
6,10,41,37,-63,39,25,34,0,2
59,3,46,59,-62,49,53,35,9,2
57,50,2,69,-50,52,50,50,0,2
62,50,12,91,-50,65,75,50,3,2
51,50,14,89,-45,64,75,53,1,2
53,54,14,93,-45,65,75,53,3,2
56,50,3,96,-49,59,77,50,9,2
50,56,13,90,-41,65,78,57,2,2
56,50,0,83,-44,51,75,53,3,2
56,23,39,85,-50,48,79,47,10,2
53,51,42,79,-48,41,78,50,3,2
60,19,16,74,-78,16,53,19,3,2
50,15,41,62,-83,0,50,15,9,2
53,0,39,66,-98,-7,53,3,3,2
62,1,27,63,-98,-16,50,0,6,2
53,50,25,67,-115,-25,54,84,0,2
57,50,12,61,-118,-36,55,81,0,2
3,68,9,36,-103,-37,30,94,10,2
6,0,14,23,-97,-32,0,6,3,2
1,3,35,14,-71,-14,1,28,7,2
0,12,6,17,-56,7,2,43,6,2
10,13,25,49,-55,25,26,43,0,2
62,14,39,74,-54,45,52,43,6,2
62,56,41,89,-43,47,75,56,9,2
1,64,0,102,-28,56,101,69,6,2
10,66,0,111,-31,50,103,66,0,2
1,63,0,101,-33,56,100,66,6,2
6,66,6,109,-33,58,103,66,6,2
0,68,0,99,-34,53,80,65,3,2
50,62,0,92,-37,51,79,62,0,2
54,50,28,79,-48,35,79,50,9,2
57,9,18,74,-63,21,53,34,7,2
51,50,40,70,-49,-8,50,50,3,2
50,12,34,64,-87,-14,50,9,10,2
52,7,37,62,-87,-11,55,9,0,2
53,68,32,67,-101,-17,54,97,6,2
53,0,22,59,-98,-25,53,0,9,2
50,57,6,59,-116,-41,53,81,6,2
54,70,3,59,-100,-40,53,97,9,2
0,68,14,45,-101,-35,25,98,0,2
3,6,26,29,-91,-23,28,7,1,2
3,13,28,35,-83,-20,28,21,6,2
0,1,44,15,-67,-1,3,31,9,2
10,14,12,38,-51,17,25,47,3,2
50,19,27,51,-52,33,50,47,7,2
50,52,38,76,-41,39,75,56,1,2
50,50,1,77,-42,51,76,59,0,2
50,50,42,87,-39,48,75,60,9,2
56,50,43,95,-50,44,76,50,7,2
3,53,0,103,-45,50,103,53,0,2
50,18,46,89,-53,49,76,44,10,2
45,19,37,95,-55,38,78,43,7,2
50,7,31,88,-64,31,75,34,6,2
54,14,15,73,-57,17,53,40,3,2
50,12,3,77,-58,4,76,41,3,2
53,7,46,72,-88,-3,53,10,7,2
54,13,38,79,-81,-8,78,9,6,2
50,0,28,64,-99,-19,50,0,3,2
50,62,21,66,-108,-27,53,90,9,2
51,68,15,54,-106,-34,54,93,3,2
3,0,17,48,-100,-32,28,0,3,2
3,3,23,36,-94,-25,28,3,0,2
0,12,25,32,-83,-21,26,15,3,2
4,4,43,23,-69,-3,4,28,9,2
6,14,7,37,-54,7,28,43,6,2
51,54,29,52,-44,29,50,53,4,2
59,50,27,73,-43,35,51,56,9,2
57,14,46,85,-53,46,78,44,7,2
59,56,42,96,-41,49,78,56,9,2
57,50,4,98,-48,54,79,50,3,2
3,50,14,110,-49,64,103,50,0,2
0,64,6,98,-34,56,79,65,6,2
50,56,1,90,-42,51,78,56,1,2
50,50,30,83,-49,36,76,50,10,2
50,51,12,75,-48,19,53,50,3,2
50,9,12,75,-64,12,75,34,0,2
50,22,0,76,-76,7,76,22,7,2
53,9,40,78,-90,-3,78,9,9,2
50,9,28,69,-88,-14,51,9,7,2
53,71,25,61,-103,-24,50,94,9,2
51,4,12,57,-95,-29,51,3,6,2
0,2,17,47,-97,-32,28,0,3,2
1,4,28,36,-94,-21,26,3,3,2
0,10,28,34,-88,-15,28,9,9,2
0,22,38,25,-76,-3,27,28,0,2
0,12,12,44,-61,12,25,37,0,2
51,23,25,57,-50,28,50,46,3,2
50,56,27,75,-40,33,75,59,6,2
50,56,39,87,-40,49,75,59,10,2
55,51,39,99,-45,42,100,53,6,2
2,50,0,108,-47,50,101,51,0,2
1,55,0,101,-44,57,100,54,7,2
6,60,6,106,-39,56,100,60,6,2
50,62,0,93,-37,55,75,60,3,2
50,62,43,87,-40,49,78,59,10,2
51,68,28,80,-29,34,79,68,9,2
56,56,16,81,-42,22,75,56,9,2
53,0,13,78,-72,19,78,25,7,2
56,13,43,82,-86,-1,75,13,9,2
56,6,31,72,-92,-19,53,6,3,2
53,63,13,60,-111,-34,53,88,0,2
50,66,0,51,-106,-45,50,91,1,2
0,0,9,34,-98,-39,29,4,0,2
0,12,19,23,-87,-25,5,12,11,2
0,17,25,27,-73,-23,26,25,1,2
0,7,37,19,-62,-10,0,35,0,2
3,12,3,47,-62,3,28,37,3,2
50,3,18,64,-70,21,50,28,9,2
51,14,28,89,-60,28,76,37,3,2
56,19,28,92,-50,32,78,47,6,2
3,51,39,103,-48,39,103,50,0,2
0,50,31,107,-46,32,106,53,6,2
4,56,38,105,-37,42,105,57,3,2
1,62,0,107,-30,50,100,69,0,2
50,70,2,87,-26,55,75,71,3,2
52,56,45,96,-39,49,77,59,10,2
50,56,28,82,-41,28,76,57,3,2
51,19,47,76,-52,-2,50,38,6,2
51,14,50,82,-79,-6,81,18,3,2
50,12,6,79,-83,6,78,16,6,2
50,13,2,75,-80,2,75,19,0,2
50,0,31,66,-91,-15,53,7,9,2
53,3,3,60,-88,-45,53,9,0,2
1,6,0,45,-93,-52,31,6,9,2
6,62,8,35,-101,-41,28,96,7,2
3,0,25,36,-92,-24,28,6,0,2
0,12,50,44,-79,-22,25,19,0,2
3,0,32,28,-74,-16,28,25,8,2
0,3,48,41,-69,0,28,28,9,2
6,3,14,49,-71,14,28,25,0,2
53,3,19,73,-63,19,54,34,7,2
56,17,25,71,-51,26,51,46,1,2
62,57,27,92,-40,37,80,59,0,2
0,56,25,110,-43,32,104,56,7,2
0,56,43,126,-43,46,125,56,7,2
15,50,3,116,-49,53,103,50,3,2
4,66,9,104,-33,60,100,66,10,2
50,72,7,85,-27,54,79,71,3,2
53,68,0,78,-29,50,75,68,0,2
55,51,1,68,-44,2,54,53,2,2
53,12,28,78,-61,-19,78,37,3,2
53,0,32,74,-73,-14,53,25,9,2
51,6,33,68,-91,-10,50,7,0,2
50,8,31,75,-91,-18,75,7,6,2
51,69,25,73,-105,-23,55,94,1,2
50,56,20,62,-115,-29,50,87,3,2
51,68,16,55,-102,-31,55,97,3,2
3,0,25,42,-96,-25,28,3,0,2
1,14,33,39,-84,-16,25,12,6,2
4,3,3,23,-71,3,3,28,3,2
2,50,6,27,-49,12,26,53,3,2
0,50,31,42,-40,32,28,59,7,2
56,62,38,59,-31,44,53,68,6,2
56,68,37,81,-27,46,75,71,8,2
53,62,0,90,-33,50,78,66,0,2
0,65,0,100,-32,57,101,62,6,2
0,50,3,115,-47,53,101,50,3,2
2,12,43,115,-61,45,101,37,6,2
0,9,2,112,-63,52,100,34,0,2
0,20,2,102,-54,58,101,44,7,2
43,25,37,96,-62,40,79,41,0,2
50,50,25,75,-46,28,75,53,3,2
53,51,25,66,-23,28,53,75,3,2
50,27,12,64,-53,13,51,44,0,2
50,25,12,73,-75,19,53,25,6,2
57,1,8,71,-97,18,56,0,3,2
58,0,0,74,-100,1,55,0,1,2
53,50,14,54,-126,-29,53,73,7,2
0,75,25,41,-102,-25,28,97,0,2
0,0,25,27,-93,-16,27,6,6,2
0,0,37,31,-70,-10,25,28,0,2
3,25,0,10,-61,0,3,38,0,2
1,17,10,32,-57,10,25,42,10,2
4,25,26,42,-57,26,29,41,0,2
58,25,26,74,-54,33,53,44,6,2
52,21,34,92,-54,46,78,44,9,2
9,51,26,110,-48,39,106,50,1,2
1,28,25,126,-52,38,126,46,0,2
0,53,0,-118,-40,62,125,59,0,2
21,50,3,121,-30,60,101,68,10,2
11,50,40,105,-31,49,104,68,12,2
50,68,37,88,-30,41,75,69,3,2
51,57,25,73,-41,28,54,57,3,2
50,50,14,87,-35,14,79,54,9,2
51,18,3,85,-79,9,79,20,6,2
51,0,1,83,-85,5,77,12,2,2
51,0,37,71,-84,-2,50,15,6,2
54,0,25,68,-99,-17,55,0,7,2
50,0,14,57,-100,-25,52,97,6,2
0,1,14,44,-91,-29,25,7,6,2
0,12,28,35,-86,-21,28,13,3,2
3,14,37,29,-81,-12,28,16,0,2
6,25,39,23,-67,0,3,32,9,2
1,25,0,32,-60,9,26,37,0,2
50,10,25,50,-62,26,50,34,0,2
53,9,25,72,-65,31,53,34,6,2
57,20,26,86,-51,26,80,48,1,2
56,50,31,98,-49,44,79,50,7,2
0,50,25,105,-50,32,103,53,0,2
1,22,41,120,-50,41,101,47,3,2
4,24,0,118,-50,53,100,48,3,2
7,65,43,108,-34,49,102,65,11,2
50,51,1,92,-23,52,75,75,0,2
51,73,0,77,-26,50,78,71,9,2
53,67,29,90,-32,30,78,66,3,2
50,21,25,87,-50,25,75,47,0,2
56,0,18,94,-73,19,75,25,7,2
53,0,0,92,-69,1,80,28,0,2
50,12,39,90,-82,-7,79,18,0,2
50,7,25,69,-88,-24,50,9,0,2
50,64,13,67,-107,-31,54,90,3,2
0,2,16,47,-97,-32,28,1,4,2
3,12,25,36,-82,-22,28,16,0,2
6,15,38,28,-79,-7,28,18,2,2
3,16,1,28,-75,1,28,22,1,2
0,0,17,44,-73,18,25,25,2,2
3,3,28,48,-71,29,28,28,1,2
50,14,25,77,-57,32,75,40,7,2
50,50,0,89,-44,48,77,53,7,2
62,50,6,92,-36,57,78,63,7,2
0,51,0,105,-32,51,103,65,0,2
60,62,6,87,-37,58,78,62,7,2
0,61,0,100,-38,50,100,59,0,2
50,60,1,80,-37,57,80,60,7,2
50,65,37,81,-34,43,81,65,6,2
56,50,31,82,-50,31,81,50,6,2
53,25,13,73,-64,21,53,35,8,2
53,9,12,79,-65,13,78,34,0,2
56,7,12,84,-69,20,78,28,8,2
50,1,14,87,-95,14,75,3,2,2
55,68,42,80,-101,-1,78,97,8,2
51,53,26,71,-119,-22,56,82,9,2
0,66,13,47,-107,-34,31,90,0,2
2,18,33,40,-81,-16,27,18,7,2
0,0,38,28,-74,-8,28,25,0,2
5,0,8,18,-67,8,3,32,7,2
1,19,3,32,-55,9,25,44,9,2
50,16,15,50,-58,17,50,41,1,2
53,1,25,72,-73,30,53,25,2,2
56,6,28,95,-64,34,75,34,6,2
56,13,40,98,-61,40,78,37,0,2
0,50,37,100,-47,49,100,51,9,2
6,59,38,107,-39,44,100,59,7,2
57,68,0,97,-31,55,78,68,3,2
0,62,0,102,-34,50,101,65,0,2
50,65,3,91,-27,53,78,72,3,2
50,51,44,79,-22,45,76,75,7,2
53,53,25,80,-40,32,79,59,7,2
51,13,12,89,-58,19,76,41,7,2
51,12,3,89,-61,9,76,38,6,2
56,3,42,85,-71,0,78,28,9,2
56,15,38,80,-75,-14,80,22,9,2
51,14,32,80,-84,-17,79,13,7,2
56,3,21,71,-96,-25,52,3,8,2
50,68,15,59,-103,-31,53,94,2,2
0,62,16,42,-106,-33,29,91,3,2
0,66,16,34,-107,-30,28,91,6,2
1,3,26,27,-95,-20,25,3,1,2
6,14,32,31,-85,-16,25,12,8,2
0,3,37,25,-70,-7,25,31,3,2
50,50,41,50,-46,-1,50,53,9,2
62,63,15,65,-33,22,50,66,10,2
50,69,37,75,-26,45,75,70,6,2
62,66,42,95,-33,42,76,66,1,2
0,63,6,103,-28,60,103,69,9,2
0,68,6,112,-30,58,100,68,6,2
17,50,50,117,-23,64,104,75,0,2
0,53,15,103,-21,65,103,78,3,2
51,66,42,88,-33,48,75,65,8,2
56,56,25,97,-40,25,78,57,7,2
51,18,7,89,-55,7,75,44,6,2
50,3,39,79,-70,-9,78,28,2,2
54,18,25,80,-81,-21,78,18,0,2
54,0,3,66,-100,-44,53,0,2,2
0,69,36,41,123,-67,25,65,7,2
14,63,0,17,119,-82,1,62,1,2
6,63,31,6,-110,-66,0,87,6,2
3,15,0,21,-84,-49,0,15,0,2
4,4,30,30,-64,-13,25,34,8,2
12,13,12,49,-54,19,27,44,6,2
63,50,38,64,-42,41,52,57,0,2
63,53,16,66,-20,66,54,78,0,2
52,14,25,58,17,75,52,16,0,2
6,57,15,48,-13,73,29,85,8,2
50,14,0,64,-62,50,52,35,0,2
50,18,37,50,-79,38,50,19,0,2
7,19,14,47,-80,14,28,19,0,2
2,14,0,40,-84,0,26,13,0,2
0,1,0,41,-92,0,28,6,0,2
10,0,37,45,-98,-12,26,0,8,2
0,51,14,34,-123,-32,28,75,1,2
3,69,0,10,127,-47,3,69,0,2
53,75,25,53,-117,-24,50,81,0,2
50,69,6,53,-101,10,53,97,9,2
56,0,4,66,-99,9,53,0,9,2
50,3,1,51,-88,1,51,10,0,2
50,12,1,50,-84,1,50,15,1,2
6,1,12,32,-64,15,31,34,2,2
0,50,16,21,-50,18,1,50,1,2
1,52,28,26,-48,33,25,50,6,2
6,51,40,43,-48,42,25,50,3,2
50,58,39,78,-37,43,78,60,3,2
0,56,0,100,-42,52,100,56,0,2
7,57,0,112,-41,53,103,56,3,2
1,54,6,115,-36,55,101,62,3,2
1,71,6,114,-26,56,101,71,6,2
0,68,1,114,-28,52,101,71,0,2
43,62,3,94,-34,55,81,65,3,2
50,18,37,94,-51,41,81,47,3,2
50,64,21,88,-30,18,75,69,3,2
50,12,43,81,-61,-2,75,38,9,2
50,18,25,75,-81,-24,75,18,0,2
50,0,12,69,-96,-37,50,0,10,2
53,65,46,61,-108,-51,55,91,9,2
0,56,32,43,-118,-64,25,81,7,2
21,51,31,24,-123,-66,5,75,6,2
25,56,47,26,-116,-50,25,81,10,2
3,0,19,34,-96,-28,31,3,0,2
50,12,1,50,-78,5,50,19,3,2
0,50,25,29,-48,25,28,50,0,2
0,50,28,19,-24,28,0,75,3,2
6,1,26,6,1,26,0,0,0,2
3,50,25,29,-20,35,28,78,6,2
6,18,43,48,-53,46,29,44,9,2
55,13,47,80,-59,48,80,38,9,2
56,12,43,97,-60,46,78,37,6,2
53,6,7,98,-63,57,81,34,7,2
14,20,49,114,-54,49,100,40,0,2
1,21,44,104,-51,44,104,46,6,2
50,7,31,94,-66,31,75,32,6,2
50,19,17,96,-51,17,77,48,1,2
50,50,2,81,-49,2,75,50,0,2
52,3,39,83,-69,-11,75,28,0,2
53,3,34,85,-90,-15,78,9,9,2
50,68,16,81,-105,-33,75,94,3,2
50,62,6,75,-110,-43,75,87,6,2
50,56,50,59,-114,-49,53,84,0,2
0,62,50,39,-110,-47,26,87,0,2
0,0,51,41,-98,-41,28,0,7,2
3,3,50,10,-71,-28,4,28,6,2
1,6,29,13,-55,-20,0,44,3,2
9,50,0,22,-42,2,3,57,0,2
9,50,6,42,-26,18,29,72,3,2
56,52,38,70,-35,38,50,62,0,2
50,51,6,84,-39,56,78,59,6,2
57,20,48,99,-54,49,78,43,8,2
2,14,3,115,-53,53,102,44,3,2
0,57,50,119,-38,60,100,60,9,2
48,53,50,98,-38,57,79,60,6,2
53,53,0,97,-45,51,78,53,0,2
56,50,32,85,-42,32,79,53,0,2
50,19,3,81,-54,3,75,43,3,2
51,15,0,82,-51,1,75,46,0,2
51,1,42,89,-73,-7,75,26,3,2
53,0,44,97,-97,-5,78,0,6,2
55,12,21,92,-87,-27,75,7,9,2
53,64,10,73,-110,-39,53,88,7,2
51,51,10,58,-123,-38,51,75,9,2
0,66,50,40,-108,-41,28,91,6,2
0,0,51,28,-100,-28,28,0,6,2
3,12,28,16,-78,-21,0,25,3,2
7,10,40,10,-51,-8,3,47,0,2
6,62,3,19,-31,3,0,68,0,2
9,50,18,48,-24,21,28,75,9,2
64,53,42,73,-21,48,53,78,9,2
56,64,10,95,-32,60,75,62,0,2
1,50,49,108,-49,49,100,50,9,2
0,13,0,117,-53,50,104,44,0,2
0,55,2,123,-44,52,104,53,0,2
12,64,50,112,-28,63,105,69,0,2
2,63,50,98,-28,51,79,71,0,2
1,54,37,104,-38,37,103,60,0,2
58,53,9,87,-46,11,80,53,9,2
53,12,42,86,-54,-7,78,43,2,2
53,16,32,84,-76,-17,78,21,6,2
52,15,22,82,-91,-25,75,6,9,2
55,65,50,67,-107,-48,53,90,0,2
51,51,47,55,-123,-52,53,75,6,2
1,62,50,37,-112,-49,28,87,0,2
0,62,50,37,-106,-35,25,93,0,2
3,2,24,26,-91,-24,25,6,0,2
6,0,34,6,-67,-14,0,32,10,2
6,50,45,7,-42,-4,0,57,8,2
3,50,9,16,-21,11,3,78,9,2
9,60,37,47,-13,37,28,85,0,2
60,50,3,81,-26,57,75,73,6,2
50,50,15,88,-39,67,75,60,3,2
6,19,9,107,-53,59,100,44,9,2
7,51,7,110,-47,57,103,54,9,2
0,62,12,115,-36,65,103,62,0,2
0,65,50,100,-33,62,100,66,9,2
51,62,8,96,-37,58,76,62,6,2
54,50,25,92,-49,28,80,50,3,2
57,51,6,82,-48,9,75,51,6,2
57,14,31,83,-53,-17,76,44,7,2
57,15,29,82,-82,-20,76,16,3,2
50,0,28,78,-91,-20,78,6,0,2
51,62,14,69,-105,-34,51,94,2,2
50,50,1,51,-117,-48,28,78,7,2
42,57,46,42,-116,-52,29,82,6,2
0,1,15,26,-97,-32,25,0,3,2
6,15,26,20,-84,-20,0,12,3,2
7,3,28,23,-65,-15,3,34,9,2
0,12,1,25,-55,1,25,46,3,2
50,64,15,53,-35,21,50,62,9,2
50,66,38,76,-26,38,76,73,0,2
50,68,3,88,-29,53,75,68,3,2
8,61,1,108,-37,51,101,60,0,2
6,56,7,123,-50,64,104,50,1,2
12,50,14,113,-47,64,100,51,0,2
0,57,7,101,-39,60,101,59,9,2
50,62,43,85,-37,46,79,62,7,2
53,62,29,66,-34,36,53,63,9,2
53,60,26,73,-40,30,55,59,3,2
53,53,25,65,-45,25,53,54,0,2
51,12,1,70,-62,2,50,37,2,2
55,15,6,80,-78,9,76,18,6,2
54,13,0,67,-81,3,54,16,3,2
56,3,39,71,-97,-9,52,1,0,2
57,62,25,58,-109,-23,52,89,0,2
1,58,6,42,-112,-42,29,85,6,2
0,62,47,34,-110,-52,31,93,10,2
0,5,12,17,-87,-36,3,9,0,2
6,16,31,23,-80,-12,3,18,0,2
8,17,0,23,-76,0,4,21,0,2
6,0,6,32,-74,8,25,25,7,2
9,14,14,35,-60,14,28,38,1,2
13,53,17,46,-46,23,25,53,7,2
52,51,39,67,-46,39,53,53,2,2
50,62,42,89,-33,48,75,66,9,2
58,62,44,96,-37,49,76,62,9,2
3,50,47,109,-44,49,104,53,10,2
0,50,43,102,-46,44,101,53,6,2
0,55,48,103,-38,48,103,60,7,2
43,64,2,94,-35,52,75,62,0,2
50,62,0,97,-31,50,78,68,0,2
0,65,29,100,-33,29,78,63,0,2
53,56,12,92,-41,17,79,57,3,2
56,0,41,98,-73,-8,78,25,3,2
50,6,25,94,-89,-25,75,9,0,2
53,56,7,85,-114,-41,78,85,6,2
12,57,1,62,-114,-51,54,84,7,2
41,53,50,41,-114,-43,28,85,6,2
0,3,50,34,-94,-27,28,3,9,2
0,12,31,25,-79,-18,25,18,6,2
4,0,41,10,-73,-6,3,25,3,2
6,12,0,22,-58,5,3,41,3,2
6,53,12,31,-45,14,25,53,0,2
53,51,37,53,-22,38,50,75,0,2
54,51,45,67,-23,46,53,75,7,2
56,63,7,93,-33,61,75,66,10,2
59,51,0,103,-45,60,103,54,9,2
1,14,48,120,-57,48,106,41,9,2
0,55,6,109,-44,57,106,53,6,2
0,64,10,106,-35,60,100,62,7,2
54,50,0,99,-17,54,80,82,3,2
50,66,44,90,-29,41,78,68,3,2
55,56,7,87,-40,8,79,59,6,2
57,15,29,83,-77,-19,75,22,3,2
56,14,16,72,-81,-33,52,9,1,2
50,53,38,65,-115,-58,50,84,3,2
0,64,25,42,123,-75,28,65,0,2
39,53,0,39,-120,-76,26,78,9,2
0,0,47,32,-96,-51,31,3,9,2
0,14,23,35,-85,-26,26,16,0,2
0,1,34,1,-63,-15,0,34,6,2
0,63,41,3,-33,-8,3,66,3,2
7,50,3,24,-24,4,3,75,3,2
14,67,28,42,-25,29,26,72,4,2
53,50,39,80,-40,42,75,59,6,2
1,15,0,105,-53,51,103,46,0,2
4,12,3,110,-62,53,104,37,3,2
7,17,7,122,-51,58,103,46,6,2
1,20,42,121,-54,43,102,43,3,2
50,56,34,96,-41,37,78,56,0,2
52,50,31,99,-42,33,79,57,7,2
53,57,31,84,-42,31,78,57,6,2
50,50,19,87,-43,21,75,56,8,2
50,0,12,83,-69,12,75,28,0,2
50,0,37,79,-67,-9,76,28,2,2
57,15,20,70,-81,-26,50,17,7,2
53,1,8,66,-95,-41,53,3,6,2
51,50,0,64,-124,-50,51,75,0,2
0,58,44,36,-113,-55,28,84,7,2
0,68,4,26,-121,-41,26,78,6,2
0,3,26,39,-96,-23,25,3,1,2
8,0,37,8,-75,-12,0,25,0,2
2,17,44,5,-50,-5,3,46,6,2
2,65,1,17,-34,2,3,65,0,2
2,62,28,27,-12,28,28,81,10,2
51,50,43,52,-25,46,50,75,8,2
51,51,6,89,-38,57,76,58,7,2
55,50,0,92,-45,51,78,53,1,2
6,8,41,106,-62,47,100,34,9,2
3,12,0,115,-61,45,100,37,6,2
1,50,46,108,-47,46,101,50,7,2
50,50,40,99,-48,41,80,50,3,2
46,50,42,97,-49,42,78,50,1,2
53,57,20,85,-37,24,79,60,10,2
51,62,1,80,-37,0,79,60,0,2
16,3,25,66,-70,-24,53,28,0,2
15,12,25,66,-81,-23,53,18,0,2
50,0,12,68,-96,-36,50,3,0,2
51,65,6,63,-103,-41,51,96,8,2
53,64,46,60,-109,-55,54,88,6,2
0,64,42,46,-110,-57,28,88,3,2
0,50,0,35,-121,-63,28,78,9,2
0,63,47,39,-105,-51,26,96,2,2
1,3,23,26,-88,-26,25,10,9,2
0,2,37,14,-65,-12,0,34,0,2
1,51,45,1,-41,-4,0,56,8,2
0,62,18,7,-25,19,0,71,6,2
13,50,26,24,-14,32,4,84,7,2
11,51,44,49,-20,45,27,79,6,2
50,62,0,78,-37,52,78,60,2,2
59,14,6,98,-57,59,79,40,9,2
0,7,10,116,-66,60,103,32,9,2
1,18,1,119,-55,51,105,48,0,2
15,53,0,116,-46,48,103,53,9,2
0,57,46,100,-38,47,100,59,9,2
50,51,35,95,-47,35,76,50,7,2
52,53,15,83,-44,15,76,53,3,2
50,19,31,71,-50,-18,50,44,0,2
31,13,50,81,-75,-27,75,22,9,2
51,3,19,76,-90,-30,76,9,6,2
50,65,10,75,-101,-38,75,97,7,2
50,0,44,66,-99,-55,53,0,6,2
0,64,1,41,-108,-75,28,91,0,2
3,53,25,34,-115,-72,28,84,0,2
0,62,41,31,-110,-58,25,87,3,2
0,3,15,30,-94,-32,28,3,1,2
0,0,32,13,-68,-17,0,31,7,2
0,51,43,2,-42,-1,0,56,9,2
1,51,8,5,-22,8,3,75,6,2
0,50,28,29,-11,34,28,87,9,2
52,62,0,52,-6,51,51,93,0,2
57,53,6,73,-21,56,53,78,6,2
60,53,17,100,-46,65,100,53,0,2
4,15,19,117,-58,69,100,40,6,2
0,18,50,118,-51,57,100,48,7,2
7,62,50,107,-37,54,101,62,3,2
45,62,0,95,-31,46,75,68,9,2
53,56,27,87,-40,28,75,59,0,2
50,53,19,94,-38,19,75,59,6,2
50,18,31,88,-56,-18,75,43,6,2
50,14,50,85,-85,-20,78,12,3,2
53,0,22,85,-99,-27,78,0,9,2
50,50,12,74,-114,-43,51,84,6,2
50,53,0,52,-119,-62,52,78,0,2
0,51,0,43,-122,-72,25,75,0,2
0,52,50,40,-110,-49,28,91,7,2
0,0,50,32,-94,-26,25,3,10,2
0,0,31,19,-63,-14,0,34,9,2
60,57,38,0,-42,-8,-21,56,3,2
2,53,7,5,-21,7,2,78,6,2
12,51,25,14,-7,28,3,91,3,2
12,52,0,45,-16,51,25,83,0,2
65,64,12,76,-30,74,75,69,10,2
57,50,3,96,-48,53,75,50,3,2
1,12,12,114,-55,63,101,43,0,2
1,18,15,120,-52,65,104,51,3,2
1,66,10,114,-31,62,101,66,8,2
41,54,51,91,-32,57,78,65,6,2
53,52,38,96,-41,39,78,57,0,2
52,56,12,80,-43,12,78,56,0,2
50,12,50,75,-58,-16,76,41,2,2
50,0,30,82,-75,-19,75,25,3,2
50,3,19,81,-88,-30,75,9,7,2
51,62,14,77,-104,-35,76,93,0,2
50,67,44,64,-107,-55,50,90,7,2
3,50,33,45,-117,-73,25,81,1,2
25,52,0,25,-116,-73,25,82,0,2
3,12,6,30,-87,-42,25,12,6,2
6,12,25,19,-76,-23,0,21,0,2
3,1,46,15,-73,-2,3,25,9,2
3,12,0,13,-50,3,1,47,3,2
6,58,19,31,-28,23,25,68,9,2
16,2,0,42,2,51,28,0,0,2
60,0,6,60,0,60,53,0,9,2
57,62,20,83,-9,71,77,90,8,2
51,64,15,100,-30,63,100,68,0,2
0,56,12,112,-43,63,100,56,0,2
0,50,3,112,-47,53,100,50,3,2
0,57,3,112,-41,54,100,56,3,2
50,53,0,96,-39,50,75,59,0,2
53,51,39,90,-43,40,78,56,1,2
51,57,28,89,-38,30,75,59,4,2
51,52,10,82,-47,11,81,50,10,2
54,13,0,86,-61,0,81,37,0,2
50,0,41,87,-73,-8,75,25,3,2
53,12,29,83,-88,-18,75,9,6,2
50,62,19,78,-112,-28,78,87,8,2
1,68,50,49,126,-42,28,68,6,2
0,50,5,39,-124,-44,25,78,6,2
3,64,50,34,-104,-35,28,93,0,2
4,13,25,17,-83,-22,4,16,0,2
7,0,31,10,-67,-15,3,31,9,2
6,51,46,7,-47,-1,0,50,9,2
4,63,12,17,-28,12,0,71,1,2
12,51,39,44,-10,45,25,87,6,2
63,62,7,65,-9,60,50,90,9,2
50,50,18,83,-21,70,77,78,6,2
58,51,12,99,-48,67,80,50,3,2
0,18,10,116,-54,60,100,43,0,2
0,50,0,108,-49,50,100,50,0,2
0,50,44,101,-41,46,100,56,7,2
51,15,0,83,-53,52,75,46,0,2
51,51,38,89,-45,39,75,54,0,2
55,12,26,86,-59,26,75,41,10,2
53,7,46,80,-64,-1,79,34,9,2
55,12,40,80,-61,-7,79,37,3,2
52,0,42,71,-68,-7,51,31,3,2
56,15,28,70,-82,-20,50,15,3,2
56,3,21,73,-100,-25,54,97,10,2
57,63,13,60,-105,-36,53,94,0,2
5,53,9,49,-121,-40,29,78,9,2
0,52,1,46,-116,-48,26,81,1,2
3,64,14,37,-110,-34,29,87,1,2
0,13,23,17,-83,-19,3,16,3,2
7,1,28,10,-73,-19,3,25,4,2
0,51,47,0,-47,-1,0,50,10,2
9,61,9,23,-26,9,1,72,9,2
50,57,37,51,-28,41,50,68,3,2
50,51,12,86,-21,68,79,78,6,2
56,52,6,96,-19,59,81,79,9,2
59,62,14,97,-28,67,81,71,4,2
1,57,3,105,-38,59,100,57,0,2
4,56,1,118,-42,55,105,56,3,2
6,55,1,101,-39,53,101,60,3,2
51,62,44,95,-34,44,75,65,7,2
51,50,41,91,-41,41,79,56,3,2
50,62,31,88,-34,33,75,65,3,2
53,51,12,79,-44,13,75,53,0,2
53,12,48,79,-55,-1,78,44,9,2
53,0,37,85,-66,-12,81,31,10,2
53,15,32,80,-82,-16,80,15,6,2
56,3,21,83,-90,-27,75,10,9,2
50,64,16,88,-103,-33,75,94,3,2
50,68,0,72,-104,-56,53,93,4,2
50,62,46,58,-110,-53,56,87,7,2
53,62,7,53,-102,-42,53,96,6,2
1,2,22,42,-87,-26,25,10,10,2
0,0,50,0,-71,-24,0,28,0,2
6,13,34,6,-50,-15,0,48,9,2
0,54,43,0,-32,-5,0,65,6,2
6,51,21,47,-34,22,28,63,9,2
62,62,40,73,-32,42,53,65,3,2
0,51,6,103,-48,56,103,50,6,2
7,51,50,110,-44,66,103,54,3,2
4,50,12,123,-43,63,104,56,0,2
0,62,21,112,-37,72,100,62,9,2
9,50,51,109,-19,64,106,78,1,2
44,65,0,94,-33,43,75,66,5,2
53,64,25,90,-32,25,78,65,0,2
50,50,0,75,-43,4,75,56,4,2
53,0,50,79,-74,-18,78,25,6,2
50,1,33,84,-91,-15,78,6,9,2
50,66,50,78,-102,-22,78,97,0,2
50,62,10,79,-104,-39,78,93,9,2
53,55,50,60,-119,-49,53,75,10,2
0,64,0,47,-104,-55,28,94,6,2
3,2,50,35,-97,-41,29,0,6,2
1,0,50,27,-93,-13,25,6,9,2
3,1,50,16,-66,-14,3,31,9,2
1,12,44,7,-56,-5,0,50,6,2
12,50,12,17,-37,12,2,59,0,2
0,53,32,41,-37,37,26,60,9,2
51,65,0,86,-25,50,78,72,0,2
62,50,15,88,-21,68,75,78,4,2
5,62,15,105,-30,66,103,68,6,2
0,53,50,113,-46,61,101,53,9,2
3,53,50,110,-38,56,104,60,6,2
50,64,50,99,-32,58,80,65,7,2
35,53,50,87,-39,50,80,59,0,2
50,50,38,83,-46,38,55,50,0,2
53,50,21,84,-46,22,78,53,10,2
53,0,50,78,-72,-17,78,25,6,2
50,12,50,79,-83,-14,78,15,9,2
50,64,50,82,-100,-19,75,98,2,2
50,3,19,78,-101,-34,75,95,0,2
52,69,5,62,-103,-44,53,94,2,2
3,53,41,42,-119,-57,29,78,3,2
0,55,0,33,-113,-53,27,84,6,2
0,62,50,25,-105,-28,25,94,9,2
5,3,39,13,-85,-11,0,12,0,2
6,2,42,7,-62,-7,0,34,3,2
1,62,5,14,-33,5,0,66,3,2
6,50,20,32,-14,20,26,84,6,2
50,50,43,59,-8,43,53,90,6,2
51,53,12,98,-19,66,79,78,3,2
0,69,18,101,-28,69,101,70,7,2
1,53,6,108,-40,57,101,59,6,2
0,53,16,125,-38,66,103,62,0,2
1,63,50,104,-27,66,103,72,3,2
3,65,3,103,-26,48,103,71,9,2
50,63,0,94,-28,42,75,69,1,2
50,66,38,89,-33,38,76,66,0,2
51,62,0,83,-34,16,75,62,0,2
53,13,6,85,-50,6,78,47,6,2
56,0,0,81,-74,0,75,25,0,2
59,16,37,85,-83,-12,78,16,0,2
50,50,50,68,-121,-33,50,78,3,2
57,63,8,60,125,-41,50,66,6,2
0,52,53,48,-119,-39,28,78,9,2
39,60,55,40,-102,-25,25,97,9,2
0,0,50,39,-85,-15,26,12,9,2
7,1,0,11,-60,0,5,37,0,2
10,59,0,10,-38,1,4,65,4,2
0,51,12,10,-10,16,3,87,3,2
2,50,43,37,-8,43,26,88,6,2
56,50,50,70,-17,62,51,81,9,2
56,62,16,94,-32,66,75,65,3,2
3,50,16,107,-42,65,101,57,3,2
3,62,50,123,-35,72,104,62,10,2
14,50,53,114,-21,72,102,78,9,2
0,60,53,116,-2,73,100,97,9,2
47,64,51,98,-7,64,79,90,0,2
50,68,0,86,-32,48,80,65,9,2
53,53,2,86,-44,18,78,53,3,2
56,18,3,71,-55,4,52,43,1,2
50,1,50,70,-66,0,51,31,9,2
51,16,0,76,-83,1,75,15,1,2
50,58,5,85,-99,0,75,0,9,2
51,51,34,80,-117,-15,78,81,6,2
50,62,56,53,-112,-40,53,87,9,2
37,50,50,39,-118,-46,28,84,6,2
0,0,50,34,-96,-30,25,3,6,2
1,12,50,21,-79,-12,0,18,10,2
6,3,0,19,-70,0,0,28,0,2
1,0,0,1,-68,8,0,31,6,2
0,1,18,25,-60,19,25,37,6,2
4,57,1,29,-42,32,28,56,6,2
3,57,0,53,-25,36,53,71,10,2
50,50,6,75,-10,56,75,88,6,2
53,62,50,85,0,63,78,98,0,2
53,51,50,90,-12,76,78,84,0,2
0,63,13,107,-33,63,100,66,0,2
0,53,50,113,-44,66,100,53,3,2
0,55,50,122,-37,60,106,60,10,2
2,50,52,102,-43,52,101,56,1,2
51,53,42,85,-39,43,78,59,3,2
51,54,24,76,-38,24,76,59,10,2
50,63,19,75,-36,23,75,62,10,2
50,50,16,81,-48,16,81,50,3,2
53,0,1,73,-68,2,53,31,1,2
50,62,40,79,-107,-9,76,93,7,2
56,50,15,82,-118,-33,76,81,3,2
53,68,0,61,-105,-55,53,94,7,2
50,50,0,50,-113,-53,50,84,7,2
0,64,9,44,-103,-40,25,94,9,2
28,12,50,25,-83,-23,25,16,1,2
0,0,40,13,-75,-8,0,25,3,2
4,12,0,5,-51,0,5,46,0,2
0,63,9,15,-36,11,2,63,9,2
0,66,37,26,-25,37,26,72,0,2
52,53,43,64,-19,46,50,81,0,2
50,50,12,90,-18,62,77,81,0,2
6,65,25,108,-26,75,100,72,0,2
0,50,12,113,-38,62,100,59,0,2
2,21,0,115,-50,52,100,47,0,2
0,53,46,117,-44,46,104,53,8,2
18,57,4,124,-38,54,103,60,4,2
47,50,50,97,-24,51,78,75,0,2
38,62,41,88,-33,43,75,65,3,2
54,67,25,86,-31,25,79,66,0,2
51,51,0,82,-57,-1,75,41,9,2
54,19,45,80,-76,-4,78,22,6,2
50,4,34,75,-94,-15,75,3,9,2
53,7,19,78,-92,-30,78,7,7,2
52,68,16,71,-101,-32,51,96,3,2
51,62,50,51,-116,-42,51,82,7,2
38,62,50,38,-111,-41,25,88,7,2
1,50,50,18,-117,-28,3,81,6,2
5,64,50,18,-101,-19,0,0,9,2
4,13,48,17,-82,-1,5,15,9,2
0,0,19,25,-61,19,25,38,6,2
3,50,33,28,-47,33,25,50,7,2
8,1,36,21,5,36,7,3,10,2
0,14,46,28,20,46,28,21,0,2
50,10,6,50,36,57,50,34,7,2
51,0,31,69,1,82,50,0,6,2
53,56,19,80,-17,69,75,81,7,2
0,50,50,103,-46,74,103,53,10,2
3,51,50,111,-44,74,103,57,9,2
18,62,50,121,-33,65,106,65,3,2
14,62,53,114,-31,53,100,68,3,2
50,62,1,89,-30,46,75,69,8,2
56,66,28,82,-25,30,75,72,3,2
53,50,1,91,-39,10,75,59,3,2
53,0,45,98,-72,-4,81,25,7,2
50,15,51,83,-84,-19,81,13,3,2
57,56,12,86,-114,-32,78,84,3,2
53,57,0,66,-114,-58,53,85,3,2
31,52,1,38,-126,-69,25,72,3,2
0,52,1,46,-116,-62,28,82,9,2
32,64,50,33,-104,-40,31,93,9,2
0,14,50,12,-76,-27,0,21,9,2
50,57,50,-5,-41,-24,-18,56,0,2
56,50,46,-1,-19,0,-21,78,0,2
4,55,14,10,-13,14,4,85,0,2
64,55,40,68,-6,46,54,89,9,2
54,50,32,98,-14,82,79,84,7,2
3,74,28,117,-25,78,103,72,3,2
5,68,23,127,-29,72,126,69,9,2
3,62,20,116,-30,70,103,68,8,2
18,68,53,124,-28,59,103,71,9,2
46,62,50,96,-35,53,75,68,3,2
43,56,37,93,-39,37,79,59,0,2
51,52,32,92,-41,32,79,56,7,2
51,56,14,71,-40,14,51,59,0,2
52,18,50,80,-54,-3,78,43,9,2
52,12,43,89,-66,-10,77,32,1,2
55,16,25,87,-75,-24,79,21,0,2
56,4,10,73,-94,-39,54,3,9,2
50,53,0,66,-114,-55,53,85,6,2
46,50,3,47,-117,-58,25,82,3,2
0,54,50,41,-110,-47,28,87,1,2
0,64,50,39,-109,-33,25,88,3,2
0,12,51,25,-80,-23,25,19,1,2
0,1,50,16,-72,0,3,25,10,2
7,8,0,10,-54,3,3,43,3,2
9,59,17,12,-38,20,0,59,8,2
3,62,28,17,-25,29,4,72,4,2
3,58,0,43,-28,51,29,68,0,2
53,56,3,60,-17,59,53,81,9,2
50,66,12,77,-25,66,77,73,3,2
52,64,21,98,-39,66,81,59,3,2
0,31,16,108,-55,67,100,44,4,2
18,50,51,122,-50,65,103,50,1,2
11,53,21,111,-31,71,104,71,9,2
41,51,50,91,-23,68,78,75,6,2
41,69,1,92,-27,48,80,71,10,2
50,52,25,82,-44,25,81,53,0,2
50,12,7,76,-60,7,76,37,6,2
54,13,4,67,-59,4,53,40,7,2
50,0,3,69,-74,4,50,25,3,2
53,0,51,79,-93,0,78,6,10,2
52,54,34,77,-120,-13,76,78,9,2
50,62,17,73,-112,-32,53,87,3,2
7,62,50,57,-109,-38,50,94,1,2
33,6,50,36,-93,-34,28,6,3,2
30,4,39,30,-87,-10,27,9,0,2
3,2,50,21,-72,-7,0,25,3,2
0,1,7,27,-64,7,25,34,6,2
0,50,17,32,-46,18,25,53,10,2
51,51,37,51,-38,37,50,60,0,2
54,62,0,73,-33,45,54,66,7,2
51,62,7,82,-33,57,81,66,7,2
4,50,7,105,-24,57,105,75,6,2
0,64,18,105,-33,63,103,66,0,2
3,59,18,116,-40,68,100,59,6,2
0,50,50,112,-44,50,100,53,0,2
50,65,50,93,-32,50,75,65,0,2
50,50,48,76,-20,48,75,78,9,2
50,69,43,71,-28,43,51,71,5,2
51,67,31,96,-31,34,76,66,9,2
50,62,14,91,-37,14,78,62,1,2
50,3,0,92,-64,0,75,25,9,2
56,0,25,97,-98,-24,78,0,0,2
50,69,3,75,119,-50,75,63,0,2
7,57,0,57,116,-71,50,60,3,2
47,50,50,47,-125,-49,28,75,0,2
44,51,51,47,-119,-35,27,84,3,2
34,14,50,34,-85,-24,28,12,0,2
0,1,50,3,-62,-17,3,34,7,2
1,58,0,1,-41,0,0,56,0,2
6,50,6,7,-18,6,0,81,6,2
0,50,26,13,-8,26,2,95,3,2
56,50,3,71,-11,53,53,88,3,2
51,52,50,92,-17,67,78,82,3,2
0,50,11,107,-39,61,101,59,9,2
1,50,50,121,-46,60,101,53,10,2
0,51,37,-126,-45,38,103,52,7,2
0,62,54,-121,-33,61,109,66,10,2
3,64,50,111,-35,66,101,64,3,2
7,63,7,110,-33,48,103,65,9,2
0,69,0,100,-30,25,100,69,0,2
50,50,0,89,-47,7,78,50,8,2
50,0,1,98,-66,8,80,32,8,2
51,12,53,85,-81,-7,78,16,3,2
51,3,53,76,-89,-21,76,9,3,2
50,64,53,59,-100,-32,50,96,1,2
50,52,50,48,-112,-33,28,84,3,2
0,64,50,35,-110,-24,28,88,0,2
1,1,50,36,-98,-12,28,0,0,2
2,16,46,27,-77,-3,26,21,7,2
50,3,1,-17,-71,11,-25,28,9,2
4,53,5,18,-44,5,0,53,3,2
0,52,1,12,-35,17,0,62,1,2
7,56,36,49,-41,36,27,56,9,2
50,53,2,82,-44,52,75,53,0,2
56,62,10,96,-35,61,75,63,8,2
3,65,10,107,-34,59,100,62,9,2
5,56,21,111,-39,73,101,60,9,2
0,50,48,109,-46,48,103,53,9,2
0,53,44,108,-38,44,102,60,6,2
37,56,47,89,-41,47,75,56,9,2
0,62,0,98,-33,42,76,66,3,2
39,63,43,89,-36,43,76,62,6,2
50,64,38,89,-29,38,75,70,0,2
50,50,0,88,-45,9,78,44,9,2
29,19,50,79,-75,-16,76,21,6,2
50,3,50,75,-91,-22,75,7,0,2
53,68,50,74,-104,-30,52,93,7,2
50,65,50,58,-102,-46,50,96,3,2
50,62,50,53,-105,-49,28,94,0,2
0,62,50,44,-112,-41,25,87,6,2
35,62,52,35,-105,-32,28,94,3,2
0,0,50,27,-100,-16,26,0,6,2
3,15,46,16,-76,-3,0,21,6,2
0,14,46,12,-50,-3,0,53,10,2
4,50,14,4,-24,15,0,75,0,2
0,61,42,43,-25,42,28,72,4,2
50,51,48,52,-20,48,50,78,9,2
50,56,13,87,-31,63,75,68,0,2
57,64,12,96,-31,64,101,66,6,2
3,53,6,103,-46,56,103,53,6,2
0,50,50,116,-44,58,103,53,7,2
0,57,1,105,-38,52,103,60,0,2
0,62,51,100,-32,51,100,65,0,2
39,54,50,94,-44,54,75,53,3,2
50,56,0,85,-40,41,78,59,3,2
0,53,0,100,-44,8,100,53,6,2
51,50,15,89,-47,15,75,50,3,2
45,1,2,95,-69,2,76,28,1,2
32,13,0,78,-81,0,78,16,8,2
50,15,46,87,-83,-2,75,16,9,2
54,0,50,67,-92,-10,53,6,0,2
51,2,51,61,-97,-13,53,0,9,2
1,53,50,43,-113,-24,28,85,0,2
0,3,50,35,-93,-25,28,6,0,2
0,0,50,19,-98,-17,0,0,6,2
0,14,50,7,-79,-8,0,19,3,2
0,4,50,17,-70,-3,1,28,9,2
56,50,0,0,-48,13,-23,50,0,2
1,50,0,46,-49,25,25,53,7,2
53,53,1,72,-32,42,53,65,3,2
0,62,3,100,-29,53,100,68,3,2
56,62,12,99,-28,64,78,69,0,2
1,63,10,101,-36,62,100,62,10,2
4,54,8,117,-36,53,104,62,3,2
54,50,50,98,-49,58,78,50,6,2
6,62,0,106,-35,46,100,62,7,2
39,63,0,89,-30,42,76,68,4,2
50,50,35,85,-47,35,78,50,9,2
55,56,25,88,-40,25,75,59,0,2
50,65,10,89,-32,10,76,65,10,2
51,3,0,83,-89,0,76,9,0,2
50,15,48,88,-83,-1,75,15,9,2
50,0,50,79,-96,-10,78,3,1,2
51,0,50,78,-96,-28,78,3,9,2
52,51,50,58,-116,-43,51,81,6,2
45,62,50,45,-104,-42,26,93,6,2
0,0,50,33,-98,-31,28,6,10,2
0,12,50,12,-77,-19,0,21,4,2
4,0,50,10,-69,-2,3,28,9,2
3,12,0,16,-55,3,3,44,3,2
3,9,0,47,-50,25,28,46,0,2
56,51,42,68,-44,42,50,53,4,2
50,51,0,94,-35,50,75,62,0,2
1,50,0,100,-23,51,100,75,1,2
4,50,6,105,-21,57,105,78,7,2
3,50,46,103,-25,46,103,75,9,2
0,50,50,121,-22,50,100,75,10,2
0,62,50,100,-12,57,100,87,7,2
0,50,52,104,-23,61,103,75,10,2
0,62,50,114,-35,51,101,63,1,2
50,15,0,98,-53,20,78,44,6,2
50,16,0,88,-52,3,76,46,3,2
50,0,41,81,-63,-8,75,35,3,2
57,0,33,70,-73,-16,50,25,7,2
50,3,24,75,-90,-25,75,9,10,2
53,62,50,60,-108,-31,51,91,6,2
1,62,50,48,127,-38,30,68,9,2
0,62,50,46,-111,-42,26,88,6,2
28,1,53,28,-89,-33,25,9,3,2
1,0,50,10,-75,-24,1,25,0,2
2,9,53,12,-64,-8,3,34,3,2
0,13,51,1,-53,1,0,46,1,2
4,50,0,35,-50,21,29,50,8,2
56,50,31,59,-41,31,53,56,6,2
53,50,43,85,-39,44,78,60,6,2
0,62,0,104,-36,50,103,63,0,2
2,64,10,102,-27,59,100,69,9,2
0,64,12,113,-35,66,100,63,3,2
0,56,3,119,-43,54,100,56,3,2
16,62,5,116,-33,55,103,66,5,2
45,56,7,95,-40,57,75,59,7,2
53,68,12,98,-28,60,78,68,9,2
51,71,40,73,-28,42,54,68,4,2
50,53,12,77,-39,14,76,60,0,2
53,3,31,78,-65,-17,78,34,6,2
50,15,15,69,-81,-33,50,15,3,2
56,0,6,58,-108,-43,50,91,6,2
50,62,2,60,-112,-60,53,87,0,2
45,51,50,45,-122,-50,26,75,0,2
1,56,1,46,-114,-47,28,90,1,2
0,1,7,25,-92,-42,25,6,6,2
0,12,50,1,-87,-23,0,12,1,2
44,13,50,-5,-83,-17,-25,16,7,2
50,1,46,-6,-64,-3,-21,34,8,2
3,51,0,23,-39,15,28,63,3,2
50,50,0,65,-43,31,53,56,6,2
3,64,43,103,-32,46,100,66,6,2
13,51,14,119,-23,64,100,76,0,2
1,52,18,101,-22,73,100,75,10,2
7,62,6,121,-11,57,125,87,6,2
9,50,53,110,-17,66,104,81,3,2
0,63,12,114,-10,63,100,88,0,2
31,71,50,83,-28,55,75,69,4,2
50,62,32,81,-37,33,75,62,7,2
50,51,18,97,-49,12,78,50,0,2
53,7,35,74,-66,-13,53,31,10,2
50,3,28,82,-95,-21,75,3,3,2
50,66,14,88,-106,-32,75,91,3,2
50,70,1,69,-103,-48,50,94,0,2
54,50,46,56,-119,-56,50,78,6,2
0,67,5,46,-107,-44,28,90,3,2
26,3,51,26,-90,-36,25,9,0,2
0,12,29,12,-76,-19,0,25,5,2
0,12,42,0,-59,-6,0,40,3,2
1,62,9,1,-37,15,1,62,0,2
50,59,28,51,-40,28,51,59,3,2
51,50,45,77,-46,45,77,53,6,2
56,62,46,98,-26,49,79,72,10,2
7,68,0,110,-29,51,103,68,0,2
0,64,1,108,-29,55,102,68,4,2
1,62,47,120,-35,49,100,63,10,2
3,50,50,-127,-23,55,-127,75,4,2
6,52,7,108,-22,58,100,78,6,2
6,64,2,106,-32,49,100,65,10,2
37,50,1,87,-49,33,75,50,7,2
50,51,31,89,-41,31,76,56,6,2
53,56,0,91,-42,13,78,57,0,2
50,15,8,89,-58,8,78,37,6,2
55,0,0,99,-89,2,78,9,0,2
53,3,50,80,-90,-15,78,9,9,2
52,12,22,58,-82,-27,52,15,9,2
50,1,22,53,-85,-26,50,12,9,2
1,60,50,45,-101,-24,25,96,9,2
24,50,52,24,-118,-28,3,81,8,2
1,56,50,16,-113,-33,3,84,3,2
0,1,51,17,-98,-22,3,0,0,2
0,12,50,0,-82,-1,0,15,9,2
51,12,1,-16,-57,5,-21,46,4,2
3,50,0,11,-40,9,3,59,9,2
0,50,0,13,-14,24,0,84,10,2
50,56,45,63,-18,46,50,81,7,2
50,53,4,76,-21,54,75,78,4,2
51,56,34,88,-30,80,76,68,5,2
7,53,22,120,-46,73,100,53,9,2
5,12,9,111,-54,60,103,43,9,2
6,54,0,108,-39,55,101,60,3,2
0,56,50,107,-43,50,100,56,0,2
51,62,0,96,-32,49,76,65,10,2
44,50,35,94,-41,35,75,56,9,2
57,64,32,94,-29,33,75,69,7,2
50,50,50,68,-44,-12,50,53,11,2
51,15,50,86,-75,-20,79,22,3,2
51,12,25,81,-87,-26,75,12,9,2
53,1,8,79,-97,-37,78,0,10,2
53,63,0,66,-111,-58,53,87,3,2
51,63,0,55,-111,-69,51,85,6,2
46,53,0,47,-115,-61,28,84,0,2
0,0,50,36,-100,-36,30,0,0,2
0,14,50,31,-85,-22,25,12,1,2
1,12,38,15,-62,-11,1,37,0,2
1,51,4,19,-41,5,1,59,3,2
10,62,26,36,-25,26,28,71,1,2
53,60,0,67,-14,51,53,84,1,2
52,64,12,80,-10,63,78,88,0,2
53,51,12,97,-17,63,78,81,1,2
2,64,50,102,-32,62,103,68,1,2
3,50,53,112,-46,60,103,53,9,2
0,63,50,115,-36,51,103,62,0,2
6,65,1,106,-27,46,100,72,8,2
50,66,0,94,-33,48,75,65,9,2
50,67,43,86,-32,43,75,68,6,2
50,53,0,95,-46,14,75,53,0,2
50,3,50,84,-64,-12,75,34,0,2
50,1,50,79,-73,-24,78,25,0,2
50,13,14,72,-83,-35,50,16,0,2
50,13,50,78,-90,-36,78,9,0,2
53,68,50,67,-103,-49,53,93,0,2
0,50,0,48,-118,-53,28,81,7,2
0,50,50,49,-123,-50,28,75,0,2
1,0,50,32,-99,-32,25,0,3,2
1,12,51,14,-73,-19,1,25,3,2
0,14,41,2,-57,-8,2,40,4,2
0,50,1,12,-38,2,0,59,1,2
6,63,19,23,-30,19,3,68,7,2
54,60,40,62,-27,40,51,71,3,2
56,56,50,86,-17,59,78,82,9,2
56,50,21,97,-24,74,75,75,10,2
1,64,50,114,-35,64,100,62,0,2
2,51,51,105,-39,55,105,59,4,2
2,62,50,111,-36,53,103,62,3,2
0,63,50,101,-24,56,100,75,6,2
48,62,1,99,-34,49,77,62,10,2
50,63,0,87,-33,21,79,65,7,2
50,50,16,76,-42,16,75,51,3,2
51,15,50,76,-58,-17,75,41,7,2
29,14,53,79,-82,-26,78,15,9,2
50,3,50,88,-89,-24,75,7,0,2
50,0,50,75,-95,-35,75,3,0,2
50,54,50,75,-114,-48,75,84,7,2
50,62,0,65,-109,-60,50,90,1,2
0,62,0,43,-106,-52,25,93,9,2
28,66,51,28,-100,-32,28,96,4,2
12,14,50,12,-85,-22,0,12,1,2
3,0,50,11,-62,-7,0,39,7,2
1,50,0,20,-40,3,0,59,3,2
53,50,28,53,-23,28,53,75,3,2
56,56,36,83,-18,36,75,81,9,2
0,64,12,101,-29,64,100,69,2,2
3,68,3,116,-30,54,105,66,6,2
0,62,50,125,-37,52,125,62,0,2
0,51,50,126,-44,56,126,53,6,2
6,56,50,106,-40,54,100,59,3,2
3,50,0,103,-18,47,103,81,9,2
50,63,3,78,-34,51,78,62,1,2
53,69,29,80,-28,29,77,68,3,2
56,12,3,83,-62,3,76,37,3,2
56,10,5,93,-51,5,75,47,4,2
0,12,50,101,-85,-3,101,12,9,2
50,0,50,88,-96,-22,76,3,1,2
50,62,50,75,-108,-33,75,90,3,2
50,3,51,59,-96,-38,53,3,9,2
37,4,51,39,-88,-32,25,9,4,2
0,12,50,23,-79,-25,1,18,0,2
0,0,31,27,-73,-17,25,25,7,2
3,1,51,29,-72,-3,26,25,7,2
50,1,1,55,-72,17,53,25,5,2
50,12,0,71,-62,26,53,37,0,2
2,53,0,102,-38,25,101,59,0,2
53,50,42,92,-20,42,78,78,3,2
4,57,0,110,-13,48,103,85,10,2
1,56,50,101,-16,54,100,81,3,2
0,50,46,126,-24,46,103,72,9,2
1,65,0,101,-27,48,100,71,10,2
4,53,1,104,-21,48,103,78,9,2
50,53,50,90,-21,52,75,78,0,2
52,50,47,93,-21,47,78,78,9,2
3,63,0,104,-28,38,103,69,6,2
0,50,0,107,-46,17,101,53,4,2
0,14,1,109,-79,1,103,19,0,2
49,0,51,99,-100,-23,78,0,0,2
24,68,51,74,-106,-39,53,93,9,2
50,0,50,50,-93,-37,26,9,0,2
50,14,50,52,-76,-27,50,22,9,2
0,15,50,23,-82,-15,3,15,9,2
0,14,50,28,-76,-4,28,22,8,2
4,3,0,49,-71,2,28,28,1,2
0,0,0,31,-65,19,26,37,7,2
52,12,1,74,-57,33,55,40,7,2
50,53,0,76,-44,41,75,53,3,2
53,65,0,91,-31,48,78,65,11,2
56,50,3,94,-18,53,75,81,3,2
53,56,0,97,-18,51,75,77,0,2
0,74,53,106,-25,53,100,72,3,2
0,51,0,113,-17,51,100,82,0,2
0,52,50,100,-7,60,100,90,9,2
52,54,50,80,-8,62,77,88,0,2
38,62,50,98,-8,47,75,90,9,2
0,64,37,102,-32,37,100,65,0,2
1,50,16,105,-49,16,100,50,3,2
0,50,0,102,-47,0,100,50,0,2
40,7,50,92,-67,-8,78,32,0,2
50,6,50,92,-73,-13,78,25,10,2
25,0,50,76,-96,-23,75,3,1,2
7,60,16,58,-114,-33,50,84,4,2
0,62,54,43,-107,-33,25,92,3,2
26,63,53,27,-105,-34,25,94,3,2
12,6,50,21,-87,-17,3,12,7,2
25,14,50,27,-76,-16,26,21,7,2
0,16,1,43,-51,1,28,44,1,2
50,68,0,58,-28,16,51,69,4,2
51,63,16,80,-5,16,75,94,1,2
50,0,40,94,0,41,75,0,3,2
0,62,53,110,-30,53,101,69,3,2
33,55,2,-122,-38,49,127,59,9,2
31,62,50,-124,-29,50,126,68,10,2
12,50,0,112,-17,48,100,81,9,2
3,56,35,104,-16,35,104,81,10,2
51,62,34,98,-37,34,79,62,9,2
50,50,50,99,-49,-2,78,50,10,2
41,3,37,91,-69,-12,75,25,10,2
0,6,50,105,-92,-24,101,6,0,2
40,65,51,90,127,-48,78,71,0,2
21,50,0,72,-126,-68,53,72,6,2
51,63,34,55,-111,-64,54,88,9,2
28,1,56,30,-92,-38,28,6,8,2
12,3,50,12,-70,-21,0,28,3,2
39,51,50,-9,-48,-12,-22,50,0,2
6,67,50,6,-25,-5,0,71,7,2
4,50,25,43,-11,25,28,87,0,2
50,64,47,87,-1,52,75,97,0,2
53,58,20,98,-12,70,78,85,6,2
0,56,12,121,-17,62,100,82,0,2
14,62,50,114,-32,75,100,65,0,2
22,50,0,122,-29,44,103,69,7,2
3,57,37,101,-37,37,101,62,0,2
12,69,1,112,-29,40,100,69,1,2
0,56,42,101,-14,42,101,85,4,2
0,57,48,104,-17,48,104,82,9,2
0,62,38,112,-36,38,100,63,0,2
0,63,15,110,-37,12,103,62,10,2
7,16,0,119,-76,0,100,22,0,2
3,62,53,103,-102,-33,103,96,3,2
51,1,51,85,-91,-48,75,9,1,2
53,11,50,53,-87,-48,53,9,0,2
0,12,50,46,-85,-26,26,13,10,2
1,12,50,33,-84,-12,27,13,0,2
1,0,52,36,-87,-3,29,12,8,2
0,12,1,25,-76,8,5,25,10,2
3,14,0,35,-59,16,28,37,3,2
53,50,34,59,-45,34,53,53,9,2
50,64,41,79,-26,42,78,72,5,2
0,57,9,100,-17,60,100,81,10,2
50,63,13,94,-11,65,75,84,7,2
56,50,6,95,-23,58,75,76,8,2
56,54,0,97,-38,52,78,59,1,2
1,62,39,108,-37,42,101,62,3,2
46,56,3,96,-42,36,76,57,10,2
50,53,39,85,-44,41,81,52,3,2
49,51,34,99,-41,35,79,56,9,2
51,16,26,95,-52,26,76,46,1,2
50,18,50,94,-54,-3,75,43,7,2
51,0,53,85,-66,-25,79,31,11,2
50,0,50,87,-94,-26,80,3,10,2
56,7,6,82,-91,-42,75,6,7,2
53,62,0,65,-112,-56,53,87,6,2
4,54,0,55,-120,-60,53,78,0,2
0,53,50,37,-115,-44,25,84,5,2
24,66,50,22,-98,-26,3,0,9,2
0,12,50,13,-77,-15,0,21,9,2
3,14,44,5,-50,-5,0,46,6,2
1,62,4,8,-30,4,1,69,4,2
3,63,22,46,-27,23,28,71,9,2
56,56,37,77,-28,42,76,68,5,2
0,65,7,101,-27,57,100,71,6,2
1,66,4,121,-33,55,101,65,3,2
1,56,6,-126,-41,56,-127,53,7,2
0,63,50,-121,-36,59,-124,62,9,2
17,53,50,117,-21,58,103,78,6,2
46,50,50,98,-18,58,79,81,7,2
39,51,1,90,-22,33,77,75,6,2
50,50,31,89,-25,31,80,72,2,2
50,57,0,87,-38,5,75,59,4,2
53,1,51,84,-64,-10,78,35,0,2
53,16,50,78,-81,-13,78,15,10,2
51,0,50,77,-90,-24,75,9,0,2
56,62,50,72,-108,-39,50,87,7,2
50,50,0,63,-117,-55,50,82,6,2
1,53,0,49,-115,-55,30,84,6,2
0,63,50,34,-100,-43,28,97,6,2
0,13,51,25,-86,-19,25,12,5,2
0,9,50,7,-69,-6,0,28,6,2
3,50,50,5,-48,-5,4,50,6,2
9,59,20,23,-38,21,3,59,8,2
51,63,39,52,-33,39,50,66,1,2
50,50,50,76,-25,57,76,75,7,2
56,51,11,99,-14,58,79,85,7,2
55,53,50,99,-14,65,79,85,2,2
2,63,14,108,-26,64,102,72,1,2
3,68,10,122,-27,60,103,71,9,2
2,62,50,102,-32,58,101,66,7,2
47,51,2,91,-39,48,75,59,10,2
50,50,0,91,-43,32,75,56,7,2
50,54,31,77,-44,32,77,53,6,2
53,50,18,78,-48,19,78,50,1,2
53,12,50,78,-62,-16,78,37,6,2
53,13,27,78,-80,-22,78,19,0,2
56,0,50,70,-97,-26,51,0,10,2
50,65,6,68,-103,-43,50,96,6,2
50,51,50,63,-116,-39,55,81,7,2
53,52,50,54,-116,-50,50,82,0,2
1,53,0,29,-113,-55,28,84,7,2
25,1,50,25,-97,-35,25,0,1,2
1,13,50,4,-76,-17,4,22,7,2
1,8,50,14,-53,-3,2,46,1,2
6,62,7,7,-35,8,0,64,8,2
1,56,22,39,-18,23,25,81,10,2
57,50,44,73,-23,44,54,76,6,2
57,54,0,96,-14,52,75,84,0,2
0,51,18,105,-13,65,104,83,3,2
3,62,50,111,-32,63,104,66,0,2
2,62,0,124,-37,46,104,62,9,2
0,62,0,-121,-32,41,125,65,3,2
6,64,4,111,-26,48,103,71,9,2
0,65,0,97,-25,48,75,71,10,2
41,64,0,91,-34,28,75,62,3,2
51,20,14,86,-54,14,78,43,0,2
52,50,50,89,-48,-10,77,50,0,2
53,50,42,91,-49,-7,78,50,4,2
50,0,43,94,-71,-7,75,28,3,2
53,15,50,84,-75,-14,78,22,9,2
56,1,50,85,-88,-26,78,9,7,2
50,50,50,62,-115,-41,50,84,6,2
39,64,0,40,126,-68,25,69,6,2
36,51,53,32,-110,-40,25,87,6,2
6,5,50,18,-82,-18,0,16,6,2
0,1,50,15,-60,-1,3,37,10,2
7,50,0,21,-39,9,0,66,9,2
0,53,0,46,-21,18,27,78,5,2
53,50,1,78,-23,41,78,75,3,2
53,50,5,85,-11,55,79,87,4,2
3,51,50,109,-19,62,100,78,0,2
1,51,50,114,-23,69,106,75,12,2
0,64,50,121,-32,58,102,65,8,2
0,62,50,113,-33,57,100,65,6,2
0,50,51,117,-39,54,103,59,4,2
50,55,0,90,-44,46,76,53,8,2
51,62,28,76,-32,29,53,66,5,2
59,55,25,85,-38,27,78,59,1,2
50,53,9,75,-40,9,75,59,9,2
50,10,50,88,-64,-5,76,34,6,2
50,12,37,87,-84,-12,75,15,0,2
58,0,50,82,-98,-29,75,1,8,2
56,64,0,69,-107,-51,50,90,9,2
53,50,0,61,-120,-55,54,78,7,2
0,53,51,45,-108,-41,26,90,7,2
29,1,50,29,-92,-25,28,6,0,2
2,3,53,1,-80,-8,1,19,3,2
0,7,50,8,-66,-3,1,33,9,2
8,63,5,21,-36,5,1,63,5,2
3,56,0,40,-30,27,28,68,1,2
52,62,43,83,-37,43,75,62,6,2
56,63,0,101,-29,49,101,68,10,2
5,50,5,111,-21,55,103,78,5,2
4,50,50,110,-17,53,104,81,0,2
0,68,0,117,-31,41,104,66,3,2
0,57,43,114,-30,43,102,68,6,2
10,67,3,104,-25,49,103,71,10,2
10,62,1,110,-8,45,104,90,7,2
50,52,46,98,-22,46,79,75,9,2
3,50,1,104,-24,26,102,72,7,2
0,50,0,100,-49,1,100,50,1,2
0,12,44,100,-65,-7,100,34,4,2
0,15,40,101,-82,-9,101,16,1,2
55,0,50,93,-92,-30,78,7,6,2
50,66,53,78,-100,-46,75,0,2,2
51,62,50,64,-102,-48,51,97,0,2
3,1,50,42,-88,-30,28,9,7,2
0,10,50,25,-89,-22,25,10,1,2
3,7,50,15,-76,-16,3,21,7,2
52,3,50,0,-56,-5,-20,47,10,2
0,53,1,25,-45,7,25,53,7,2
50,56,0,62,-43,31,50,56,6,2
50,51,0,89,-35,37,75,62,10,2
8,62,10,108,-33,61,100,65,0,2
3,50,0,116,-24,50,106,72,3,2
4,51,0,116,-38,44,103,59,7,2
3,64,50,116,-32,55,103,65,4,2
0,62,53,116,-11,55,103,87,0,2
0,52,50,100,-19,57,100,78,7,2
5,62,3,114,-42,54,101,56,0,2
0,63,6,100,-36,6,100,63,6,2
56,3,50,93,-64,-18,75,35,6,2
56,0,23,97,-89,-26,78,7,9,2
53,65,1,72,-101,-50,53,95,11,2
50,62,0,56,-104,-57,50,93,4,2
0,53,0,40,-114,-56,28,84,4,2
0,1,50,28,-94,-33,25,3,13,2
0,12,53,19,-80,-14,0,18,9,2
5,0,50,12,-75,-1,4,25,9,2
3,14,0,23,-49,10,4,50,10,2
7,57,25,44,-28,25,25,71,0,2
50,56,50,66,-18,53,50,81,3,2
50,65,43,94,-9,43,75,90,6,2
50,51,50,87,-14,53,75,84,0,2
53,64,50,100,-36,55,100,63,5,2
0,50,50,-127,-43,53,125,56,0,2
0,68,52,119,-30,58,100,68,0,2
21,65,0,123,-28,47,107,71,10,2
7,57,50,107,-38,51,100,59,1,2
38,63,0,87,-33,44,79,66,6,2
53,50,28,78,-43,30,78,56,5,2
56,14,1,84,-54,4,78,45,3,2
51,6,1,76,-64,1,75,31,3,2
50,0,1,81,-64,7,75,34,7,2
51,12,50,79,-80,-4,76,19,6,2
50,16,34,79,-75,-15,76,21,9,2
57,16,26,62,-82,-23,50,15,0,2
53,0,19,66,-98,-30,51,0,6,2
50,0,50,54,-99,-28,54,0,8,2
0,67,17,34,-100,-32,25,96,4,2
4,3,21,24,-89,-27,3,9,9,2
0,15,30,25,-83,-19,25,15,3,2
0,0,46,22,-70,-2,3,31,9,2
0,17,14,44,-57,14,25,39,1,2
50,62,31,75,-37,31,75,62,6,2
0,62,38,100,-30,41,100,69,3,2
0,65,46,102,-27,46,100,72,7,2
0,64,0,107,-35,50,103,62,9,2
6,52,4,108,-44,55,106,53,5,2
0,53,3,106,-37,47,100,60,12,2
52,50,42,96,-47,42,77,50,4,2
53,62,9,78,-37,10,75,62,1,2
57,12,13,92,-55,17,79,44,12,2
22,1,0,74,-73,13,57,25,13,2
50,12,21,82,-55,21,81,43,12,2
56,18,3,99,-55,3,82,44,0,2
50,13,39,76,-78,-10,76,19,1,2
50,62,50,86,-107,-29,78,91,7,2
53,62,51,66,-106,-41,53,93,8,2
53,51,34,62,-123,-65,54,75,9,2
50,66,0,50,-108,-50,50,87,0,2
28,0,50,28,-92,-30,28,7,6,2
0,14,28,16,-76,-17,3,21,0,2
54,12,43,-1,-62,-6,-19,34,6,2
0,17,7,19,-50,8,0,46,8,2
0,12,23,44,-52,23,25,47,10,2
53,51,35,78,-48,36,78,50,10,2
56,63,39,95,-33,38,75,66,0,2
0,65,47,125,-27,47,125,71,9,2
1,68,47,108,-29,47,101,68,9,2
1,62,45,127,-35,45,-127,68,8,2
0,65,50,112,-27,55,100,69,5,2
17,56,9,117,-17,59,105,81,9,2
50,62,39,98,-30,39,79,68,12,2
2,50,26,102,-43,30,100,56,5,2
51,50,10,93,-46,10,76,46,10,2
53,0,0,97,-72,2,78,25,2,2
50,18,42,93,-80,-7,75,18,4,2
53,0,31,72,-98,-18,53,1,6,2
53,0,15,55,-99,-34,51,0,1,2
1,67,13,42,-100,-33,28,96,12,2
0,5,50,31,-87,-25,25,9,0,2
0,14,50,21,-79,-18,0,19,6,2
1,14,50,20,-75,-15,1,22,9,2
0,13,49,25,-55,0,25,44,11,2
1,12,11,48,-62,16,28,37,3,2
54,13,21,79,-59,24,78,37,11,2
3,50,31,103,-45,33,103,53,0,2
3,53,34,103,-44,36,103,53,11,2
9,56,0,110,-38,50,103,58,0,2
0,60,43,113,-40,51,100,59,1,2
0,50,0,122,-50,44,103,50,7,2
0,56,1,104,-41,51,103,56,0,2
1,67,44,102,-31,48,102,66,12,2
50,62,37,82,-35,41,75,62,12,2
50,63,18,72,-37,25,53,59,0,2
56,13,12,59,-55,12,53,43,0,2
53,17,3,66,-50,3,54,46,3,2
50,15,14,80,-51,14,75,44,0,2
50,1,3,69,-88,3,50,9,3,2
58,0,37,71,-91,-11,52,8,12,2
56,0,25,73,-99,-24,53,0,0,2
50,3,50,62,-89,-35,50,9,1,2
55,62,50,55,-102,-35,50,94,2,2
0,65,50,40,-101,-26,25,97,10,2
0,62,50,24,-100,-13,4,96,11,2
0,0,50,31,-99,-5,25,0,6,2
0,1,0,37,-73,0,25,25,0,2
50,51,0,57,-48,3,50,50,3,2
51,59,15,71,-40,16,52,59,3,2
57,65,20,103,-25,24,100,75,12,2
0,51,46,103,-17,46,103,81,7,2
0,64,40,108,-28,42,100,69,5,2
3,57,37,116,-41,40,101,56,3,2
0,50,39,120,-46,39,107,53,1,2
48,50,1,98,-48,33,79,51,0,2
5,57,39,105,-41,42,101,56,12,2
42,66,50,92,-33,53,75,66,0,2
50,65,39,89,-33,39,75,62,0,2
50,50,39,88,-49,-10,75,50,12,2
59,14,20,86,-79,-28,81,18,8,2
50,1,2,78,-94,-47,78,3,0,2
53,56,0,61,-115,-64,53,84,10,2
5,56,0,55,-118,-70,54,81,3,2
1,64,34,41,-104,-65,25,93,0,2
0,2,1,23,-97,-48,4,0,1,2
0,12,21,8,-81,-27,2,18,10,2
1,12,31,1,-60,-16,0,37,8,2
6,50,47,18,-38,1,0,59,1,2
50,64,14,50,-29,14,50,70,1,2
59,57,44,85,-26,46,78,70,7,2
9,69,15,109,-27,65,106,71,3,2
4,62,7,104,-37,57,103,62,7,2
0,50,12,120,-44,58,100,53,7,2
1,62,17,105,-36,67,100,62,5,2
10,69,0,110,-28,48,103,69,10,2
32,62,39,83,-33,39,76,66,1,2
50,50,19,81,-43,22,75,56,9,2
50,56,1,83,-44,0,76,53,0,2
50,6,26,78,-63,-23,78,34,1,2
50,2,18,72,-97,-27,53,0,9,2
54,1,12,74,-98,-36,53,96,0,2
50,69,6,62,-105,-43,50,94,6,2
50,50,0,56,-121,-51,50,78,11,2
44,63,0,44,-108,-54,25,90,7,2
0,0,50,25,-99,-39,25,0,10,2
0,15,50,16,-83,-23,3,21,2,2
2,12,42,15,-81,-7,2,18,4,2
6,14,4,20,-58,6,0,40,6,2
4,50,16,41,-39,16,28,59,3,2
51,50,35,65,-18,36,51,81,0,2
56,63,43,81,-6,45,75,91,9,2
0,64,18,103,0,71,103,96,12,2
0,50,19,113,-45,70,101,53,7,2
52,50,0,99,-42,54,78,56,4,2
17,15,32,117,-57,33,104,39,0,2
50,13,43,82,-61,44,78,38,3,2
1,55,39,101,-44,39,100,53,12,2
23,50,37,74,-49,37,53,50,0,2
50,62,18,70,-35,22,51,64,12,2
59,56,3,84,-43,3,78,56,3,2
51,4,26,68,-75,-17,53,21,6,2
50,1,21,65,-94,-25,50,3,10,2
53,69,12,66,-105,-31,53,94,6,2
54,69,12,60,-101,-36,54,98,0,2
0,54,49,44,-120,-50,31,78,11,2
1,6,3,32,-97,-42,31,0,0,2
1,64,15,24,-107,-34,5,91,1,2
0,1,38,25,-92,-8,25,6,12,2
0,17,43,26,-75,-5,26,22,6,2
3,12,7,28,-56,11,28,43,11,2
50,56,19,62,-42,23,50,56,12,2
53,62,25,72,-31,25,53,68,0,2
0,55,38,100,-19,38,100,78,12,2
1,50,5,102,-24,55,101,75,5,2
3,60,45,116,-39,45,100,57,7,2
5,62,3,108,-29,54,100,68,0,2
0,54,14,125,-20,67,125,76,12,2
45,56,50,95,-17,57,76,81,7,2
50,68,43,97,-31,43,75,65,12,2
53,59,26,79,-38,27,79,59,0,2
57,53,3,94,-45,3,76,53,0,2
51,2,37,96,-72,-11,81,25,0,2
54,3,34,73,-96,-15,53,3,0,2
50,1,20,65,-92,-28,50,7,9,2
50,62,15,51,-109,-32,51,87,4,2
4,3,18,35,-96,-31,29,3,6,2
3,55,10,12,-113,-39,3,84,10,2
0,64,16,19,-107,-33,0,90,3,2
51,7,22,-4,-91,-25,-23,9,0,2
3,1,38,10,-66,-11,0,32,1,2
3,64,3,22,-35,3,3,62,0,2
50,64,19,56,-31,21,50,65,12,2
50,56,44,87,-30,49,75,69,12,2
0,68,6,96,-35,61,78,62,11,2
0,51,40,108,-45,41,106,53,3,2
56,56,42,98,-42,48,79,57,12,2
4,50,44,112,-49,47,105,50,9,2
8,50,0,108,-50,34,106,50,9,2
0,56,31,97,-38,27,78,59,0,2
50,58,32,86,-41,35,81,56,0,2
36,65,28,86,-33,28,79,66,3,2
50,53,25,82,-46,25,75,46,11,2
50,19,47,88,-52,-2,75,47,9,2
50,12,38,86,-83,-10,79,15,2,2
54,12,37,87,-81,-11,80,18,12,2
50,6,50,76,-90,-32,75,9,4,2
50,62,7,72,-107,-42,56,90,0,2
51,62,0,57,-111,-59,56,88,3,2
28,62,7,28,-112,-42,28,87,0,2
0,62,21,22,-104,-27,3,94,10,2
1,12,33,17,-85,-16,4,12,8,2
7,1,45,11,-64,-4,4,37,8,2
0,55,12,19,-37,12,0,59,0,2
51,53,22,51,-21,23,51,78,12,2
53,62,43,79,-30,43,79,68,6,2
57,67,8,99,-26,58,79,71,0,2
1,58,43,98,-37,49,78,59,11,2
0,53,2,125,-46,52,125,53,0,2
0,68,50,112,-28,61,100,71,10,2
18,65,3,120,-27,42,101,72,5,2
0,67,1,103,-6,51,103,90,1,2
50,73,37,95,-30,43,76,69,6,2
51,56,0,92,-38,10,79,59,10,2
50,13,26,91,-58,-19,78,40,5,2
50,18,32,77,-77,-17,76,19,7,2
50,0,17,81,-92,-31,75,7,5,2
52,64,7,70,-114,-45,50,85,3,2
50,59,50,60,-115,-50,53,84,0,2
0,51,46,37,-116,-53,25,81,9,2
0,62,50,27,-106,-41,3,94,9,2
1,14,21,14,-85,-28,0,12,9,2
5,0,34,10,-65,-13,3,34,0,2
6,51,45,10,-48,-4,4,50,12,2
3,50,12,40,-17,12,28,81,12,2
56,55,40,71,-19,40,50,84,3,2
52,53,46,96,-14,46,76,84,12,2
54,62,1,92,-32,51,76,65,0,2
0,51,7,125,-48,58,125,50,0,2
3,66,18,117,-33,68,100,65,12,2
0,51,50,-127,-16,55,127,85,2,2
1,50,50,101,-21,52,100,78,0,2
28,63,0,78,-36,26,75,62,0,2
54,67,13,92,-32,13,79,65,0,2
50,13,37,81,-58,-9,75,40,3,2
50,18,34,80,-83,-13,79,15,11,2
50,1,34,82,-92,-12,75,6,11,2
53,64,25,80,-109,-23,79,87,1,2
53,50,12,74,-120,-37,54,78,0,2
50,62,50,51,-108,-48,51,90,0,2
34,66,50,32,-99,-45,25,0,0,2
0,12,50,23,-85,-28,4,14,12,2
4,1,32,18,-72,-17,3,25,7,2
0,12,39,17,-56,-9,3,43,1,2
4,50,6,48,-39,7,28,59,0,2
60,62,26,79,-32,28,78,64,3,2
6,65,0,106,-32,40,100,65,12,2
3,66,48,109,-33,48,103,66,10,2
0,52,1,125,-37,51,125,60,0,2
2,56,8,121,-39,58,106,59,8,2
21,53,50,118,-34,56,100,65,0,2
0,62,1,101,-26,48,101,72,9,2
50,62,35,89,-29,35,76,69,10,2
50,64,32,87,-32,32,75,68,0,2
50,62,9,75,-35,9,75,64,0,2
51,15,5,80,-59,5,79,38,0,2
59,15,0,85,-82,0,78,16,0,2
59,3,31,84,-95,-18,78,3,6,2
53,62,19,72,-112,-30,54,84,2,2
50,68,50,60,-105,-47,54,93,0,2
33,1,50,37,-95,-40,30,3,0,2
21,15,53,21,-84,-26,3,15,10,2
26,14,50,26,-85,-21,25,14,0,2
0,13,50,41,-76,-16,28,21,0,2
50,12,0,50,-61,10,50,38,10,2
50,16,0,92,-58,19,79,41,6,2
54,56,25,99,-40,25,79,59,0,2
3,50,38,110,-22,38,106,75,12,2
0,50,43,120,-21,48,101,75,12,2
1,55,0,111,-13,50,103,84,0,2
50,50,4,99,-17,55,80,81,5,2
0,65,50,109,-9,50,103,88,0,2
33,67,51,83,-7,52,76,89,0,2
54,65,7,87,-32,55,79,65,4,2
58,56,19,96,-43,22,77,56,13,2
50,16,43,96,-58,-4,75,41,7,2
53,12,39,96,-87,-9,78,12,12,2
51,14,25,83,-78,-24,81,18,0,2
54,51,12,64,-115,-38,51,84,0,2
50,70,7,58,-104,-41,50,93,7,2
0,67,50,33,-107,-34,26,90,1,2
0,0,50,14,-92,-19,4,7,0,2
0,14,51,23,-82,-11,3,15,12,2
1,17,46,11,-57,-2,5,40,13,2
0,14,0,41,-51,4,28,47,0,2
50,51,35,69,-41,35,51,56,0,2
0,63,44,100,-28,48,104,71,9,2
50,50,12,92,-17,62,80,81,12,2
0,50,9,107,-25,61,101,75,0,2
3,62,11,115,-31,62,103,68,12,2
0,68,50,104,-30,60,100,68,0,2
0,50,0,102,-25,51,100,71,13,2
51,62,44,82,-37,44,76,62,13,2
50,62,28,89,-37,28,76,62,0,2
50,52,18,88,-44,21,75,54,7,2
54,17,19,87,-50,19,80,47,6,2
52,12,8,85,-64,5,78,34,0,2
55,17,43,80,-82,-6,80,15,6,2
17,50,28,67,-121,-20,54,78,0,2
7,68,50,57,127,-26,51,71,12,2
37,63,50,38,-107,-38,26,90,0,2
0,3,24,37,-86,-25,25,13,0,2
1,13,51,39,-76,-16,26,21,8,2
0,0,50,42,-65,0,29,34,12,2
50,17,14,50,-50,14,50,46,13,2
52,62,0,80,-27,29,79,72,0,2
53,51,46,89,-14,46,76,84,12,2
53,3,0,93,3,46,80,3,12,2
1,65,0,101,-8,48,101,90,12,2
0,51,50,112,-17,51,100,81,1,2
2,53,0,112,-21,45,104,78,7,2
10,51,1,110,-20,50,103,78,0,2
5,64,0,105,-10,41,104,87,12,2
50,62,41,96,-29,43,78,68,12,2
0,56,25,100,-37,26,78,59,6,2
50,6,31,89,-66,-17,76,31,0,2
50,3,50,78,-90,-37,78,9,0,2
52,0,3,64,-99,-46,50,0,3,2
50,50,38,59,-123,-61,53,75,0,2
1,56,0,49,-112,-56,30,81,0,2
39,57,50,39,-116,-44,27,81,0,2
1,0,50,26,-92,-36,25,6,12,2
0,1,25,10,-73,-25,4,25,0,2
0,51,40,4,-48,-8,3,50,12,2
3,64,43,5,-25,-3,3,75,0,2
0,51,27,39,-11,27,26,88,0,2
50,62,0,75,-11,55,75,87,0,2
52,51,1,90,-20,51,76,78,1,2
0,59,51,113,-40,62,100,59,1,2
1,50,21,126,-45,72,106,59,5,2
0,67,50,126,-25,62,126,71,12,2
1,65,0,101,-32,48,101,65,12,2
0,62,0,103,-30,37,100,68,0,2
50,56,40,87,-42,40,75,57,12,2
50,58,12,87,-37,14,76,59,0,2
51,0,47,95,-66,-1,76,31,10,2
56,4,31,94,-95,-18,75,1,0,2
51,0,14,82,-99,-34,75,0,2,2
53,62,0,67,-106,-50,53,93,12,2
51,62,0,49,-109,-50,30,90,0,2
0,64,50,37,-101,-37,25,96,12,2
1,1,50,20,-91,-25,1,6,0,2
0,12,50,19,-81,-19,0,15,5,2
0,8,43,16,-53,-6,4,44,12,2
0,50,9,30,-41,9,31,59,0,2
52,50,0,71,-39,24,52,59,12,2
53,50,38,91,-23,38,78,75,12,2
9,50,12,110,-17,62,106,81,0,2
6,57,46,123,-17,49,104,81,12,2
0,53,50,123,-24,53,104,75,0,2
3,62,9,103,-29,60,103,68,0,2
9,65,0,109,-28,47,103,71,12,2
42,68,1,92,-27,35,75,71,0,2
50,62,33,90,-35,33,75,64,1,2
53,56,25,100,-49,20,100,50,12,2
50,6,47,93,-66,0,79,33,11,2
50,18,50,90,-81,-1,77,18,10,2
54,12,38,80,-87,-11,75,9,0,2
50,62,50,71,-105,-24,52,94,0,2
52,51,50,67,-118,-42,54,81,1,2
0,62,4,44,-110,-44,25,87,4,2
3,3,15,22,-94,-34,3,3,3,2
0,12,50,13,-82,-24,3,18,1,2
1,14,37,1,-60,-12,1,37,10,2
0,53,0,14,-44,0,1,52,0,2
51,51,25,51,-41,26,50,56,0,2
51,52,0,83,-35,50,75,62,0,2
0,50,4,100,-20,55,101,78,0,2
1,52,50,102,-16,52,100,81,1,2
0,71,45,114,-28,48,101,71,12,2
4,66,1,116,-33,51,100,66,1,2
24,66,45,124,-33,45,106,66,12,2
0,53,0,103,-21,52,104,81,12,2
51,64,44,91,-29,46,78,68,7,2
0,64,25,100,-34,25,100,62,0,2
0,65,12,100,-32,12,100,66,12,2
53,0,31,80,-68,-17,79,31,7,2
50,65,19,76,-103,-28,55,91,12,2
51,57,0,70,-114,-53,50,85,12,2
3,50,35,42,-122,-64,30,75,10,2
0,51,43,42,-123,-55,30,75,7,2
0,66,50,28,-108,-48,25,91,1,2
1,0,15,18,-84,-33,6,15,12,2
1,14,29,1,-57,-20,0,41,0,2
58,51,44,-1,-35,-2,-21,62,12,2
0,56,0,0,-12,4,0,84,0,2
1,56,37,42,-18,37,30,81,12,2
56,50,0,77,-14,54,76,84,4,2
53,68,5,97,-31,55,78,68,0,2
1,51,3,120,-48,53,101,50,0,2
0,19,7,-123,-50,57,126,46,7,2
40,55,57,-114,-38,60,-127,59,0,2
21,50,50,119,-14,68,101,84,13,2
44,67,3,96,0,54,77,96,0,2
50,68,0,97,-31,45,81,68,7,2
57,50,0,87,-23,0,80,75,0,2
50,12,25,92,-58,-24,78,40,0,2
53,13,22,85,-86,-27,78,12,9,2
50,66,6,76,-102,-43,76,96,6,2
50,51,37,64,-116,-60,50,81,1,2
50,53,0,56,-121,-66,50,78,0,2
0,54,0,28,-114,-60,28,84,12,2
0,65,50,23,-96,-39,5,3,10,2
0,12,50,7,-81,-23,0,18,0,2
7,1,37,7,-60,-11,0,39,12,2
6,62,0,7,-28,1,0,71,0,2
0,60,19,31,-14,21,25,84,12,2
50,50,0,64,-7,48,50,89,12,2
60,62,12,85,-5,64,79,93,1,2
8,59,6,108,-39,61,100,59,0,2
3,20,0,122,-54,53,103,43,6,2
1,51,7,120,-42,58,100,56,8,2
7,56,50,107,-38,54,100,59,0,2
50,64,37,95,-34,41,76,62,12,2
50,59,25,91,-40,25,75,59,0,2
56,20,13,94,-54,14,76,44,6,2
53,6,28,80,-68,-21,79,31,0,2
53,0,18,80,-92,-30,78,6,6,2
51,3,0,76,-96,-50,75,3,0,2
51,63,28,58,-111,-71,52,88,0,2
52,57,16,52,-116,-83,31,81,12,2
2,62,26,24,-110,-72,4,88,0,2
0,67,0,13,-100,-48,0,97,0,2
0,12,21,0,-83,-28,0,15,12,2
1,12,34,1,-54,-13,1,43,0,2
0,62,0,13,-32,1,3,69,3,2
57,50,25,60,-10,25,53,89,0,2
53,12,6,79,13,57,78,13,7,2
53,6,12,92,9,62,79,9,0,2
0,62,19,113,-33,69,100,65,12,2
3,50,12,117,-40,62,125,56,8,2
18,56,18,119,-43,70,106,56,12,2
22,20,1,122,-54,51,106,44,0,2
50,12,0,98,-59,53,81,40,0,2
56,50,39,84,-47,43,78,50,12,2
50,53,8,78,-43,4,75,56,0,2
51,12,25,64,-57,-24,51,42,0,2
50,9,15,51,-65,-34,51,34,12,2
50,62,12,56,-104,-35,50,93,0,2
50,52,49,51,-122,-50,51,75,11,2
0,52,44,31,-107,-54,25,90,12,2
25,50,45,25,-121,-53,25,75,8,2
12,0,0,18,-91,-61,0,8,13,2
39,14,50,-9,-79,-41,-23,20,0,2
0,12,29,0,-55,-19,0,44,4,2
1,56,37,23,-39,-2,4,57,12,2
51,51,19,76,-19,21,75,78,8,2
0,53,1,113,-14,52,100,85,0,2
5,64,8,-125,-9,62,-124,84,6,2
1,69,50,-122,-30,71,-124,69,12,2
1,64,50,101,-35,63,100,62,0,2
0,50,46,-120,-20,49,-124,78,12,2
50,68,51,89,-6,51,76,93,0,2
52,69,47,90,-2,47,75,81,0,2
50,50,8,96,-23,58,76,75,7,2
0,62,25,106,-30,25,106,68,0,2
0,50,41,100,-43,-6,100,56,4,2
63,6,28,99,-78,-19,79,21,5,2
50,13,5,88,-78,-44,75,12,10,2
50,50,32,53,-117,-66,53,81,8,2
0,54,1,43,-114,-63,28,84,11,2
21,3,1,21,-96,-51,1,3,13,2
14,3,50,14,-96,-32,1,3,12,2
3,13,37,13,-78,-12,0,18,12,2
23,6,51,23,-80,-1,3,18,10,2
26,3,0,26,-62,4,25,35,0,2
51,50,14,54,-47,14,50,52,12,2
53,67,31,78,-26,31,78,71,0,2
0,52,0,101,-21,44,101,78,13,2
0,66,0,107,-27,50,100,69,0,2
9,50,3,123,-23,54,103,75,3,2
5,64,50,112,-32,50,104,64,0,2
29,65,50,-125,-8,50,126,90,0,2
0,68,14,110,-8,62,103,91,0,2
50,50,0,89,-19,49,76,78,11,2
6,68,25,108,-31,26,100,68,0,2
50,50,45,88,-49,0,79,41,10,2
50,1,43,89,-72,-6,75,25,6,2
51,50,25,82,-124,-29,75,75,7,2
50,65,0,62,121,-48,50,65,1,2
26,62,6,30,120,-65,29,62,9,2
2,50,0,30,-124,-50,29,84,0,2
7,0,50,23,-98,-17,3,1,6,2
3,10,50,3,-76,-10,3,22,1,2
56,50,0,-4,-50,1,-18,50,1,2
50,59,0,-11,-15,0,-25,84,0,2
0,50,25,0,-12,28,-18,84,0,2
12,64,39,16,-10,48,0,87,12,2
56,62,15,57,-5,67,50,94,12,2
60,56,13,74,-26,63,53,71,0,2
62,65,25,99,-33,75,82,66,0,2
6,15,50,109,-53,78,107,47,12,2
0,62,51,-119,-36,73,-125,62,12,2
0,62,50,112,-36,66,100,62,12,2
1,62,47,108,-37,47,106,62,12,2
50,50,32,94,-44,32,75,54,6,2
54,50,12,76,-43,8,76,56,8,2
50,7,38,89,-62,-10,75,35,12,2
56,4,37,86,-70,-12,79,28,0,2
57,3,16,74,-94,-33,54,3,4,2
53,55,40,72,-113,-58,53,84,3,2
50,69,32,52,-100,-65,51,0,0,2
0,69,38,46,-103,-61,26,93,12,2
3,62,8,30,-105,-41,25,94,8,2
0,62,20,21,-105,-28,0,93,12,2
3,14,31,9,-85,-18,3,12,6,2
4,0,38,2,-51,-9,1,47,12,2
8,63,0,23,-28,0,3,69,0,2
51,62,19,65,-9,20,50,90,7,2
50,50,0,93,-10,49,75,87,12,2
0,62,50,121,-12,62,102,87,12,2
2,53,7,125,-21,51,125,78,1,2
2,64,5,115,-26,55,100,70,0,2
34,62,53,-121,-30,53,-127,69,3,2
12,64,50,112,-9,54,105,96,0,2
50,62,42,90,-11,42,75,88,12,2
1,63,22,117,-30,23,100,69,13,2
50,56,41,94,-43,-8,75,56,3,2
56,1,18,86,-72,-31,78,25,6,2
50,17,12,63,-81,-36,50,16,9,2
51,1,46,64,-97,-53,51,2,9,2
50,62,47,56,-105,-52,50,93,9,2
50,62,3,50,-112,-46,50,87,3,2
2,56,50,42,-115,-42,29,84,7,2
1,63,14,18,-98,-34,0,0,12,2
4,12,26,4,-77,-23,1,21,1,2
50,16,31,-4,-50,-16,-24,46,0,2
2,64,0,2,-29,1,1,68,0,2
9,64,12,35,-25,13,28,71,0,2
51,57,37,88,-26,37,75,70,12,2
0,50,19,101,-24,70,101,75,12,2
10,53,15,122,-21,65,103,78,3,2
9,65,0,123,-34,57,104,65,7,2
0,63,50,-111,-35,57,125,62,7,2
25,63,50,116,-7,64,103,90,1,2
41,53,1,92,-7,46,80,89,12,2
56,50,50,58,-40,0,56,59,12,2
53,3,8,97,-58,8,75,40,1,2
57,51,43,82,-41,-5,75,56,6,2
0,12,25,92,-82,-25,75,16,12,2
56,6,15,73,-93,-34,53,6,12,2
57,62,46,72,-108,-52,53,90,9,2
52,50,3,62,-122,-63,54,75,0,2
50,66,0,50,-108,-78,50,91,12,2
0,63,1,24,-102,-57,4,96,5,2
0,1,50,9,-87,-45,3,9,0,2
0,10,27,0,-64,-22,0,34,0,2
7,50,42,7,-46,-6,0,56,12,2
3,62,14,46,-31,14,28,68,12,2
50,51,37,87,-19,37,75,78,12,2
13,66,18,113,-7,72,100,90,12,2
7,53,50,120,-20,71,101,78,9,2
10,50,15,123,-22,65,102,78,1,2
5,51,13,118,-22,63,105,75,0,2
0,65,53,104,-33,60,103,65,10,2
50,62,0,91,-36,35,78,63,0,2
59,53,38,84,-37,44,81,59,13,2
50,50,16,58,-23,7,51,75,7,2
53,12,25,80,-54,-19,75,43,0,2
57,12,50,58,-78,-42,50,21,7,2
59,62,6,60,-105,-38,54,94,10,2
7,70,42,47,-126,-57,28,71,4,2
0,65,40,42,-126,-62,28,72,0,2
1,56,46,44,117,-53,25,59,12,2
1,1,13,26,-92,-36,25,6,12,2
3,13,14,11,-80,-31,6,25,12,2
0,12,38,3,-60,-5,0,37,13,2
7,50,41,7,-43,3,0,56,3,2
0,62,15,27,-35,17,27,64,14,2
50,62,40,75,-35,42,75,62,5,2
50,62,0,82,-30,58,76,65,10,2
0,56,0,107,-40,50,100,56,0,2
19,53,0,-109,-46,53,125,53,3,2
8,62,3,123,-34,59,104,62,0,2
0,53,6,-127,-19,58,125,78,1,2
51,66,0,80,-26,53,82,72,0,2
50,65,25,76,-32,26,75,65,0,2
50,50,1,79,-44,1,75,53,0,2
56,52,6,59,-47,-38,56,50,0,2
56,0,3,70,-74,-44,56,25,0,2
55,13,39,55,-82,-59,53,12,5,2
53,3,28,54,-96,-71,50,3,0,2
53,57,39,53,-114,-60,53,84,1,2
0,50,44,44,-121,-55,26,78,12,2
1,50,38,45,-118,-58,31,81,4,2
3,1,0,42,-98,-46,26,6,8,2
3,1,21,18,-73,-27,1,26,9,2
6,51,32,7,-48,-14,6,51,0,2
1,64,0,4,-29,3,0,69,0,2
6,50,12,23,-23,14,6,76,14,2
50,50,38,66,-21,41,50,75,3,2
53,65,12,91,-28,67,78,71,14,2
3,56,1,116,-15,54,103,84,4,2
4,50,0,123,-17,50,103,82,0,2
6,70,43,-124,-29,45,125,69,14,2
0,55,0,-120,-37,47,-127,62,12,2
25,63,39,125,-36,40,125,63,13,2
0,56,40,125,-14,40,125,82,12,2
51,68,26,96,-29,26,76,68,1,2
50,69,15,89,-30,15,76,69,12,2
57,53,31,81,-27,-20,75,72,3,2
53,0,25,92,-72,-17,78,25,7,2
58,0,0,86,-96,-49,78,3,0,2
57,65,38,74,-102,-61,50,93,0,2
50,3,34,69,-96,-64,56,3,10,2
53,0,28,50,-96,-67,50,3,0,2
3,14,1,29,-78,-45,25,19,4,2
0,14,50,10,-82,-32,3,14,12,2
3,14,25,22,-79,-24,25,18,0,2
0,17,50,33,-76,-19,26,20,4,2
54,0,8,73,-68,11,53,31,0,2
57,51,26,98,-41,26,78,57,0,2
6,53,39,120,-21,39,101,78,12,2
3,53,46,117,-13,49,104,78,12,2
3,68,43,116,-30,43,104,69,6,2
0,54,40,100,-38,43,100,59,12,2
0,63,28,107,-25,29,101,72,0,2
50,56,28,82,-16,30,75,82,5,2
53,69,31,65,-25,34,50,66,0,2
52,22,25,93,-50,26,80,47,1,2
55,20,28,92,-51,-15,78,47,9,2
53,15,28,78,-83,-19,78,15,4,2
53,66,13,86,-106,-34,79,90,12,2
56,64,2,79,-113,-48,78,85,1,2
50,75,37,57,-124,-62,50,75,12,2
3,62,26,47,-109,-73,28,90,1,2
0,63,0,34,-108,-47,25,90,1,2
1,13,25,21,-84,-25,1,12,0,2
6,0,44,22,-69,-4,3,27,7,2
0,51,5,14,-48,5,0,51,0,2
0,65,14,26,-32,14,26,64,1,2
54,50,39,68,-25,39,55,75,12,2
57,67,1,69,-25,51,50,72,0,2
60,67,0,99,-26,55,78,71,0,2
0,59,1,101,-40,57,100,59,7,2
57,12,1,95,-55,52,76,43,2,2
0,19,1,115,-51,55,100,50,11,2
5,50,2,105,-32,52,103,65,0,2
50,18,39,85,-48,41,78,51,12,2
51,18,25,82,-56,26,76,43,0,2
51,18,40,76,-51,-7,75,46,4,2
6,12,14,48,-60,-35,51,34,4,2
58,12,13,71,-85,-33,50,12,12,2
50,50,8,62,-120,-41,50,78,8,2
53,68,42,59,126,-51,56,69,12,2
0,72,43,46,-125,-55,27,72,7,2
3,64,0,34,-104,-55,25,96,12,2
0,0,14,12,-93,-35,0,6,2,2
3,13,28,5,-78,-19,3,18,5,2
1,0,41,8,-67,-8,0,31,3,2
0,53,1,19,-44,1,1,53,0,2
56,50,9,60,-24,10,53,78,3,2
51,60,44,93,-13,45,79,84,8,2
4,63,12,117,-9,62,104,87,0,2
0,56,12,125,-17,62,125,82,11,2
0,63,12,106,-36,63,106,62,12,2