107,25,-61,101,-127,-6,1,25,-47,3
40,4,0,96,-113,1,0,3,0,3
103,26,-53,116,83,0,112,33,-39,3
62,0,-38,63,50,0,12,50,-29,3
28,6,-21,34,34,0,6,31,-17,3
3,1,3,8,3,8,0,3,8,3
67,0,-87,67,31,-33,50,25,12,3
107,1,-82,124,40,-82,122,13,1,3
118,14,59,124,45,-71,11,6,-100,3
7,7,-90,107,108,-40,106,102,-46,3
50,29,0,40,100,0,1,0,22,3
3,0,0,22,75,18,9,75,12,3
25,1,-20,26,57,-6,25,7,-33,3
9,0,-48,84,53,-7,25,53,-50,3
108,8,3,108,-122,4,7,0,3,3
114,0,0,126,119,-3,101,12,-47,3
101,0,-55,108,62,-2,100,12,-40,3
50,9,0,51,36,0,50,0,0,3
25,7,0,26,19,0,25,6,0,3
25,14,-18,25,14,-1,0,14,17,3
16,21,-49,41,22,-11,6,0,32,3
25,51,-87,125,54,-61,100,50,-86,3
124,3,89,124,110,-54,100,104,-56,3
25,33,-91,87,-72,-16,12,106,-49,3
77,9,-75,80,109,-19,55,100,0,3
3,27,-48,53,35,-17,0,10,25,3
0,2,-37,31,18,-10,25,16,25,3
50,6,-34,69,56,-8,50,56,-49,3
0,35,-48,87,98,-6,87,56,-34,3
106,12,-43,111,114,-16,10,12,-48,3
110,58,-87,115,92,-26,103,50,-49,3
81,0,-50,81,53,-12,6,53,-50,3
5,12,-25,30,23,-10,25,4,-10,3
1,8,-15,8,11,-3,1,0,5,3
25,25,-21,25,25,-9,25,0,-9,3
0,50,-96,112,57,-47,0,57,0,3
16,50,-62,91,-96,-6,75,100,-75,3
-122,75,-100,-122,-56,-23,125,112,-48,3
6,62,-99,96,92,-46,39,37,1,3
6,10,-49,48,60,-18,25,53,0,3
7,14,-47,32,20,-16,25,12,8,3
25,0,0,30,12,0,26,12,0,3
50,25,-48,89,42,-32,50,28,-35,3
118,50,-98,118,50,-32,28,66,-98,3
-112,50,-52,-109,66,-51,109,53,-52,3
0,37,-75,78,45,-25,0,43,-75,3
0,0,-42,47,33,-17,19,1,-23,3
0,6,3,22,19,9,22,18,6,3
26,16,-6,39,22,-2,45,4,27,3
50,16,108,81,-112,-16,81,43,-17,3
100,65,-90,126,-83,-40,126,-83,-40,3
100,50,106,-123,-80,-48,31,50,-100,3
89,32,-82,89,96,-25,76,31,-49,3
0,22,-48,32,43,-15,0,0,25,3
6,12,-37,-2,18,-1,47,6,48,3
1,26,-19,20,29,-7,0,26,-7,3
59,0,-37,59,26,-12,9,26,-50,3
100,40,-84,-119,41,-33,32,15,-49,3
-118,4,-74,-115,116,-23,37,0,-48,3
115,3,-52,123,103,-2,123,3,-43,3
3,3,-46,28,85,-19,25,60,-20,3
25,14,0,35,42,3,33,37,0,3
17,3,0,49,30,1,30,30,0,3
75,0,-99,81,77,-11,25,50,-12,3
103,70,-85,103,-85,-34,100,101,-36,3
106,4,95,120,-112,-51,6,17,-75,3
113,50,-81,113,87,-53,100,50,-49,3
3,34,-49,28,48,-19,0,0,3,3
7,16,-35,20,41,-7,6,15,29,3
6,25,0,8,25,7,0,25,7,3
57,25,-48,73,34,-12,62,31,-69,3
114,45,-71,114,46,-21,0,69,-43,3
126,50,0,127,-101,1,101,51,0,3
112,56,-87,112,94,-10,100,31,-48,3
32,18,0,45,73,10,18,18,9,3
39,0,0,43,50,0,37,50,0,3
7,0,6,22,26,6,29,25,1,3
16,12,-42,43,44,-2,42,44,28,3
95,56,-70,96,-95,-7,46,60,-23,3
2,50,118,77,-80,-36,77,125,-99,3
109,0,-98,-96,118,-57,100,118,-96,3
56,19,-80,56,71,-26,30,15,-24,3
12,19,-31,12,46,-2,0,26,-5,3
25,3,-46,30,30,-15,2,29,9,3
9,25,-14,10,26,-1,9,1,29,3
62,0,-42,74,53,-17,66,53,-42,3
6,51,0,91,101,-2,88,0,-74,3
100,100,1,110,-98,23,100,0,0,3
118,31,-50,122,-122,-24,103,1,-75,3
0,63,-41,60,64,0,6,50,-45,3
42,25,-24,48,38,-2,39,0,-5,3
0,9,13,15,21,11,0,1,9,3
3,7,-25,71,48,-24,65,19,25,3
50,51,-96,51,76,-38,50,75,6,3
112,87,-73,116,94,-73,100,94,-98,3
125,0,-124,-127,90,-103,3,0,106,3
109,50,-87,102,72,-75,101,15,-77,3
1,41,-46,42,48,-28,3,6,6,3
5,32,-24,30,35,-7,26,4,30,3
12,13,0,16,13,6,3,12,0,3
8,50,-34,71,59,-9,50,9,-34,3
0,13,17,61,124,21,3,0,13,3
39,100,-66,96,-100,-4,76,50,-56,3
32,8,0,96,-122,6,95,31,6,3
75,40,0,75,91,1,25,50,0,3
6,12,0,49,45,2,18,12,1,3
26,3,-23,31,33,0,25,25,0,3
29,4,0,30,24,6,28,20,6,3
75,3,-93,76,46,-40,76,46,6,3
100,56,-74,114,68,-63,14,68,-97,3
126,1,56,127,101,-83,101,1,-100,3
0,2,-84,88,105,-20,13,102,-46,3
3,28,-28,47,91,-3,37,0,21,3
1,26,0,16,42,15,12,12,0,3
6,1,-18,11,55,-1,9,3,-8,3
18,50,6,46,78,7,26,75,7,3
8,3,1,52,-119,7,51,34,0,3
51,62,7,82,-88,10,75,53,4,3
18,1,12,94,117,13,6,4,0,3
50,25,0,62,75,0,12,50,0,3
37,19,-22,40,46,-7,15,44,-23,3
18,7,3,21,32,3,17,25,7,3
1,0,0,19,15,0,12,12,0,3
88,14,-96,96,49,-58,89,1,0,3
109,62,-68,109,70,-68,103,70,-93,3
126,4,94,-116,110,-61,114,3,-62,3
63,3,-71,60,-120,-20,56,106,-21,3
3,40,-35,49,91,-10,2,75,0,3
0,25,2,12,33,5,0,26,3,3
27,21,-34,33,24,-9,25,8,28,3
50,54,-37,50,62,-5,50,53,-43,3
0,0,12,55,-111,13,50,12,0,3
118,50,-85,119,-93,-29,6,62,-41,3
102,0,-73,102,100,-11,2,0,-49,3
62,12,-37,67,62,-8,4,50,-37,3
1,28,-25,35,35,-10,6,10,-25,3
25,0,-14,21,23,0,21,21,0,3
25,0,0,25,25,0,25,0,0,3
81,51,-98,82,61,-48,0,59,1,3
107,76,-67,108,83,-64,7,75,-93,3
12,57,-123,87,-73,-22,0,82,-72,3
100,50,-98,86,-90,-30,35,65,-36,3
0,56,-33,34,83,-27,3,1,9,3
26,0,-44,26,15,-19,0,0,4,3
18,0,-12,21,19,-4,12,12,25,3
17,38,0,42,44,0,4,25,0,3
8,0,-67,83,112,-5,91,3,-60,3
110,102,-74,123,-112,-23,7,40,-50,3
-124,65,-49,-111,96,-19,106,46,-44,3
62,38,-49,68,48,-5,12,19,-49,3
3,3,-46,35,28,-8,7,25,-34,3
1,2,-23,8,30,-8,1,25,3,3
25,30,-11,26,30,-8,25,30,28,3
81,51,-99,95,58,-27,57,7,-84,3
25,0,-86,94,102,-36,38,1,-87,3
28,67,-109,86,-56,-6,0,-122,-46,3
104,56,-96,92,-123,-30,54,31,-43,3
6,0,-50,31,51,-23,6,1,1,3
25,1,-25,25,14,-5,25,0,31,3
0,1,0,2,23,1,1,25,1,3
51,62,-43,73,67,-16,66,0,-47,3
103,28,-73,107,-127,-19,100,3,-46,3
110,7,-89,-95,120,-25,54,6,-41,3
26,68,-43,95,70,-17,6,56,-49,3
65,46,-49,74,46,-34,3,18,-47,3
28,27,-49,28,27,-21,0,1,-21,3
15,25,-17,15,32,-3,3,26,14,3
39,25,0,39,26,0,1,26,0,3
75,50,-100,83,75,-27,27,25,9,3
16,61,-34,91,-69,0,2,112,9,3
-127,87,111,-127,-60,-44,125,100,-47,3
50,65,-71,51,98,-20,0,7,-45,3
0,1,-25,33,55,-8,8,51,0,3
25,25,-34,30,38,-9,26,37,37,3
28,25,-23,35,38,-7,37,28,0,3
87,63,-44,87,68,-25,12,51,-35,3
103,0,-84,117,102,-33,101,1,-48,3
125,52,-48,125,83,-25,100,32,-76,3
6,50,-50,82,50,-16,26,50,-50,3
56,8,-48,58,38,-12,57,13,-14,3
25,32,0,29,32,-7,3,32,-20,3
20,17,7,45,74,7,26,14,0,3
1,25,6,26,75,11,0,75,10,3
106,0,-125,110,101,-24,0,0,-25,3
3,87,-69,58,-57,-21,0,22,-46,3
118,53,107,119,-101,-47,100,103,-49,3
64,0,-75,73,100,-21,23,0,-25,3
19,5,-30,24,55,-5,12,5,7,3
7,28,3,8,30,5,6,30,0,3
0,25,1,10,25,0,0,25,0,3
28,53,-87,78,60,-33,0,60,-37,3
109,62,-47,111,66,-22,109,65,-47,3
-105,0,-75,-105,116,-21,100,16,-71,3
12,29,23,69,-119,24,12,5,2,3
75,25,-49,55,76,-13,50,25,-42,3
0,27,-34,13,27,-8,12,26,-21,3
0,0,-12,28,26,-2,3,25,0,3
3,6,25,16,32,30,3,25,28,3
100,3,0,100,-102,0,0,-102,0,3
25,87,-75,94,-59,-26,56,63,-92,3
-119,17,120,-119,117,-35,-119,115,-85,3
50,7,-46,50,71,-19,0,13,-21,3
5,20,-37,5,45,-2,0,28,22,3
6,31,-21,7,32,-8,6,25,37,3
5,0,-11,14,27,-1,1,2,-11,3
1,50,-49,63,53,-11,12,53,-49,3
25,62,-55,89,-89,0,77,50,-63,3
42,62,25,92,-56,38,87,30,44,3
0,17,3,89,117,11,0,3,2,3
25,1,-49,40,44,-10,28,38,-35,3
14,0,-24,21,28,-8,7,28,-11,3
0,15,1,12,18,7,0,13,6,3
0,37,0,41,38,6,62,26,3,3
100,53,109,-117,-102,-34,0,100,-34,3
26,101,-93,119,-101,-42,6,0,-99,3
102,0,95,-122,124,-57,107,118,-96,3
25,33,-43,39,83,-18,14,0,-18,3
19,1,-43,23,57,-14,0,50,12,3
7,45,-30,10,48,-5,3,30,37,3
31,52,-35,32,62,-10,25,55,-23,3
12,25,-68,89,83,-17,1,51,-42,3
100,65,12,107,-65,12,106,53,12,3
106,25,0,-96,127,2,64,3,0,3
14,1,-57,67,39,-7,65,39,-50,3
21,0,-21,21,3,-21,18,3,-25,3
25,26,-18,30,-3,-18,30,38,0,3
1,0,0,32,6,1,6,0,1,3
50,37,-25,76,40,-16,3,6,3,3
25,57,81,-112,-94,-71,106,60,-74,3
114,100,-100,-116,-102,-71,14,50,-71,3
100,70,-100,122,95,-81,116,31,-81,3
56,48,-68,56,98,-64,50,9,-73,3
28,25,-49,35,69,-34,10,62,14,3
4,25,-48,36,28,-22,0,3,27,3
0,18,-48,54,20,-11,51,7,-36,3
79,19,0,80,69,0,50,68,0,3
39,56,-46,92,-98,-15,12,56,-65,3
125,1,-87,126,95,-10,26,1,-36,3
67,50,0,68,57,0,12,7,0,3
50,14,-48,59,14,-10,0,14,-50,3
8,12,-25,71,44,-22,7,43,-74,3
26,32,-44,77,32,-19,50,6,29,3
18,57,88,111,80,-46,6,0,-46,3
100,101,-85,-123,102,-82,101,101,-96,3
100,50,81,118,96,-73,100,96,-73,3
81,62,-62,96,88,-62,50,5,-58,3
0,15,-37,50,66,-30,0,54,6,3
18,37,-24,44,41,-12,19,3,25,3
15,0,-34,65,51,-9,62,0,0,3
0,14,0,89,74,0,26,3,0,3
113,56,-38,114,58,0,12,56,0,3
114,51,-61,114,54,-5,100,4,-43,3
92,53,-50,92,66,-5,0,0,-37,3
51,0,-47,80,64,-19,27,14,-47,3
12,28,-36,62,34,-3,50,28,1,3
34,3,-46,47,72,-19,33,50,1,3
3,75,-99,103,99,-59,100,83,-85,3
125,100,-66,125,104,-66,0,103,-72,3
106,0,81,-121,105,-69,109,100,-72,3
0,58,-81,102,83,-55,100,81,-61,3
19,0,-48,73,55,-20,1,1,7,3
0,12,-36,58,37,-1,51,37,25,3
14,7,-26,70,58,0,7,0,21,3
65,39,-30,66,45,-3,3,14,-48,3
37,50,-40,91,50,-1,66,0,-65,3
112,53,-68,112,61,-5,100,18,-48,3
9,56,-65,110,85,-2,103,25,-43,3
69,2,-47,94,105,-22,44,0,-47,3
47,31,0,49,49,2,33,26,0,3
14,0,-18,45,61,-3,43,53,37,3
9,57,-50,76,67,-39,0,5,4,3
6,68,-98,106,69,-57,106,68,-71,3
100,90,-99,-102,92,-85,50,12,-87,3
114,50,87,-112,80,-67,117,28,-67,3
0,37,-48,100,88,-34,100,13,-35,3
0,0,-39,54,62,-8,3,62,15,3
0,9,-43,65,60,-15,50,0,34,3
3,12,-21,54,20,-7,50,18,-11,3
3,0,-33,79,12,-8,75,0,-48,3
25,50,-35,95,50,-7,93,0,-46,3
100,0,-55,117,123,-19,3,0,-70,3
91,0,-62,92,107,-9,4,7,-50,3
50,41,-25,64,97,-12,51,63,-37,3
25,0,-35,34,63,-10,0,0,25,3
4,3,1,35,53,1,7,53,0,3
28,47,-76,57,35,-30,0,26,12,3
107,51,-67,122,69,-67,116,7,-75,3
125,0,56,-106,103,-85,14,103,-85,3
119,17,-96,-109,117,-46,38,112,-92,3
66,0,-67,91,106,-17,91,6,-24,3
3,29,-30,54,42,-1,0,25,31,3
3,28,-18,40,30,-5,40,5,38,3
6,3,1,58,17,-10,51,17,-35,3
32,25,-96,97,35,-21,1,50,-38,3
37,18,0,92,118,1,3,17,1,3
113,18,6,116,119,7,113,0,6,3
57,31,2,85,81,2,25,31,2,3
0,28,1,39,34,2,13,25,2,3
41,0,-23,42,50,-10,41,31,-48,3
9,0,-25,48,52,-21,0,51,25,3
0,57,-83,101,61,-33,0,50,-34,3
125,3,-62,-124,105,-62,31,5,-62,3
125,28,-93,-114,-107,-42,115,116,-43,3
13,4,-65,113,-125,-15,106,21,-25,3
50,0,-24,57,46,-16,6,8,1,3
32,43,-25,45,-5,-13,12,106,30,3
25,51,1,25,-11,-17,25,-117,-18,3
62,0,-36,69,25,-10,12,25,-61,3
107,57,-36,94,-56,-11,88,53,-49,3
100,57,-47,123,-98,-9,100,0,-48,3
62,53,5,69,91,5,0,16,3,3
7,19,-16,49,69,-13,32,6,-23,3
25,28,-21,26,30,-8,0,30,-25,3
0,3,-34,30,42,-27,4,37,6,3
91,78,-100,97,85,-69,46,10,2,3
102,5,-49,108,93,-49,7,40,-100,3
6,0,-89,98,111,-39,60,110,-46,3
80,1,-96,80,110,-46,52,9,-50,3
6,54,-31,25,64,-10,0,0,0,3
12,18,-21,63,47,-21,13,16,28,3
4,47,-24,48,47,-2,35,46,-3,3
4,28,0,92,98,1,18,13,-56,3
101,65,-43,126,92,-14,26,65,-50,3
100,28,-37,-127,35,-3,125,3,-43,3
59,9,-48,72,23,-10,6,3,-62,3
12,34,-43,42,36,-15,17,28,-40,3
31,0,-23,33,19,-10,0,0,-35,3
0,25,-23,38,31,-22,37,31,27,3
88,50,-84,94,62,-33,0,0,-33,3
103,7,-96,117,107,-44,117,107,-94,3
18,34,-90,96,-108,-27,39,107,-42,3
63,50,-64,74,-127,-5,21,103,-11,3
0,25,-41,38,78,-16,37,25,6,3
27,25,-21,39,31,-2,25,6,34,3
3,12,-18,53,24,-2,50,8,-21,3
108,27,-24,108,80,-17,108,54,-68,3
103,15,-98,127,106,-21,27,0,-50,3
100,75,-45,-102,76,-25,100,26,-42,3
78,0,-36,78,42,-5,3,37,-56,3
51,35,-28,52,35,-26,51,0,-33,3
0,0,0,7,30,0,0,28,0,3
26,7,-9,52,27,-14,51,27,4,3
53,28,-126,84,30,-25,56,26,-41,3
101,6,-96,-109,119,-44,37,106,-98,3
106,75,-121,109,-60,-20,116,103,-87,3
1,33,-83,96,-122,-33,50,33,-50,3
6,0,-46,37,55,-7,8,1,12,3
31,25,-24,44,47,0,37,25,28,3
0,26,-25,27,40,-11,2,12,38,3
22,1,-42,73,52,-17,68,53,-36,3
95,5,-58,98,55,-8,0,55,-36,3
125,37,-67,126,47,-17,101,19,-68,3
126,1,-71,-110,51,-59,101,1,-96,3
75,25,-75,84,30,-25,6,3,-50,3
50,28,-48,50,36,-7,52,40,-32,3
25,25,0,45,38,7,31,38,0,3
13,19,9,44,48,9,32,17,3,3
55,50,-43,61,84,-16,1,0,8,3
104,15,-100,104,116,-20,103,116,25,3
112,50,109,119,-96,-40,103,50,-87,3
102,7,-77,102,-109,-25,100,106,-78,3
69,6,-41,69,70,-3,57,70,-11,3
20,26,0,24,39,7,0,26,0,3
4,1,-18,17,17,-4,1,1,50,3
15,27,-36,48,30,-32,31,1,-50,3
7,0,-75,83,25,-23,0,0,-50,3
121,57,-71,124,58,-19,20,52,-70,3
127,50,-73,127,81,-23,25,31,-48,3
87,51,-62,94,71,0,13,6,-40,3
53,28,-48,57,84,-5,6,9,-37,3
26,28,1,26,42,1,25,0,1,3
0,4,-29,62,55,0,12,50,-3,3
58,51,-80,71,74,-5,14,0,6,3
106,70,-93,106,-82,-40,6,107,-90,3
101,12,112,123,-126,-41,107,28,-91,3
100,53,-96,-121,86,-46,125,0,-46,3
14,0,-75,42,51,-20,0,1,-23,3
25,26,-43,25,37,-17,25,9,8,3
1,25,-25,21,31,-21,21,31,3,3
1,18,-50,45,19,-17,44,6,-23,3
89,0,-57,89,16,-7,39,0,-57,3
100,57,-71,116,82,-21,0,25,-75,3
104,4,0,123,124,1,101,25,-46,3
75,0,-61,78,109,-7,3,0,-32,3
19,6,-43,44,69,-14,19,50,-46,3
32,0,0,32,50,0,31,0,0,3
25,28,-24,41,30,-3,12,0,13,3
62,56,-98,91,98,-23,21,100,1,3
106,107,-48,-123,-111,-38,31,25,-48,3
30,75,110,-125,88,-44,-126,0,-99,3
100,57,-81,102,83,-52,2,0,-96,3
50,10,-90,52,60,-39,50,3,-43,3
28,41,-43,35,47,-27,5,25,0,3
22,12,-25,23,15,-3,7,3,31,3
39,25,-50,49,33,-7,37,7,1,3
87,2,-50,89,58,-4,37,51,-42,3
0,11,0,75,-106,11,75,7,3,3
-126,32,-65,-125,-122,-1,100,1,-50,3
0,59,-62,76,86,-9,0,28,-62,3
50,28,-50,50,48,-15,0,45,-43,3
0,0,-39,50,50,-14,0,0,-14,3
27,12,-12,42,37,-8,25,25,29,3
53,29,-85,83,42,-29,83,42,1,3
52,56,-87,74,56,-37,51,56,-50,3
-116,56,-99,-116,56,-90,26,50,-100,3
125,56,62,-117,60,-81,125,1,-81,3
69,0,-83,71,32,-33,50,1,-33,3
37,21,-25,44,39,-4,0,39,25,3
15,16,0,16,41,0,0,25,0,3
14,20,3,23,70,4,0,20,4,3
14,64,-75,70,96,-6,12,64,-37,3
37,100,14,90,-115,14,51,12,1,3
45,51,0,103,-95,2,3,3,2,3
0,0,0,82,101,3,0,0,3,3
60,31,-42,60,49,-3,60,3,-42,3
26,25,-31,30,26,-4,5,25,-29,3
6,2,-20,23,24,-1,21,3,10,3
0,25,-40,51,41,-22,0,0,27,3
89,0,-100,89,50,-25,39,50,25,3
112,69,-100,117,70,-50,3,57,-50,3
126,14,-100,-122,120,-59,107,120,-74,3
50,25,-59,57,-122,-7,50,101,-20,3
6,28,-40,32,78,-12,32,3,5,3
25,38,0,39,49,1,1,17,1,3
0,0,1,32,22,1,7,12,0,3
6,18,0,81,70,3,0,57,3,3
100,28,0,103,-107,5,0,36,4,3
125,25,-71,-125,123,-12,104,20,-37,3
100,60,-61,101,74,-5,100,23,-50,3
3,18,-46,43,46,-7,42,6,-33,3
25,12,-25,26,37,-11,21,0,-8,3
1,0,5,20,25,5,12,25,4,3
21,28,-35,62,31,-10,12,6,26,3
100,50,-98,125,50,-47,25,50,-49,3
26,2,-82,93,-122,-7,18,100,-84,3
114,51,-100,-109,-88,-68,100,50,-96,3
31,39,-74,44,89,-22,19,25,-25,3
38,25,-36,40,26,-9,25,26,1,3
17,3,-18,42,16,-5,1,0,25,3
6,28,-12,36,29,0,9,25,-21,3
15,50,-37,121,82,-8,-124,53,-46,3
-102,102,-86,-96,127,-35,59,0,-85,3
118,84,-100,-86,84,-30,106,31,-42,3
1,41,-40,77,41,-14,26,3,-67,3
48,16,-43,48,42,-26,8,0,-39,3
0,3,-37,0,28,-5,-10,28,-11,3
5,7,1,18,12,5,1,0,0,3
0,0,-81,102,28,-28,0,28,9,3
125,62,-99,-116,71,-47,0,71,-49,3
100,51,-93,110,-91,-31,110,64,-81,3
100,63,-89,68,-95,-29,18,103,-48,3
10,42,-37,35,92,-12,6,37,0,3
28,25,-31,34,29,-3,34,1,21,3
6,0,0,10,25,4,3,0,3,3
7,25,0,32,42,7,31,40,1,3
31,6,3,101,-115,7,101,12,0,3
100,106,-53,102,-97,-1,2,8,-49,3
-118,79,-68,-113,85,-15,40,4,-40,3
3,50,-48,85,58,-14,3,58,-45,3
12,31,-43,38,46,-18,37,0,-43,3
25,12,-43,29,41,-17,29,0,-43,3
13,20,3,19,24,3,13,17,0,3
62,6,-50,73,32,-13,7,7,0,3
0,28,-85,112,46,-29,0,43,8,3
19,28,-49,97,-125,-22,68,30,-72,3
101,50,101,121,-109,-57,109,109,-86,3
51,57,-49,63,99,-24,50,10,-49,3
0,44,-37,37,44,-8,25,38,0,3
0,28,-17,50,35,-1,51,25,39,3
12,2,-23,45,58,-10,12,7,-35,3
100,6,-61,115,58,-11,115,6,-50,3
125,75,-75,-118,85,-23,12,75,-73,3
-125,50,-96,-118,57,-46,105,0,-50,3
78,50,-46,79,53,-33,26,3,-48,3
5,31,-50,42,31,-17,41,25,-42,3
39,7,-41,46,32,-13,31,25,-21,3
0,4,0,37,17,8,12,12,8,3
53,53,-18,80,73,-5,75,57,6,3
100,3,-93,108,-126,-22,1,-126,50,3
112,7,106,113,-123,-37,12,107,-93,3
101,20,112,114,-109,-43,14,100,-93,3
0,1,-93,75,108,-27,0,100,-33,3
39,6,-39,42,60,-14,39,59,10,3
25,28,-25,30,32,-9,29,31,40,3
0,21,0,25,22,6,0,12,0,3
87,25,-72,87,26,-22,50,26,-47,3
113,25,-93,114,41,-17,13,15,-67,3
-117,15,-100,-112,41,-36,28,41,-86,3
101,50,-48,114,51,-23,112,0,-48,3
50,31,0,53,44,5,0,43,4,3
15,1,-37,71,58,-12,51,51,-12,3
16,8,0,-2,74,1,76,57,0,3
3,50,-37,47,89,-4,7,89,0,3
3,12,-96,92,121,-15,90,102,-18,3
25,50,-95,77,-102,-14,50,50,-71,3
100,18,112,120,-108,-43,114,125,-43,3
57,46,-71,71,96,-21,58,13,-21,3
38,0,-50,40,50,-15,26,50,3,3
21,25,-23,22,26,-4,21,26,43,3
30,6,-31,30,19,-5,26,6,-5,3
0,25,-72,78,25,-19,53,0,-50,3
100,2,-75,120,47,-16,1,9,-75,3
125,50,-68,-126,76,-16,100,26,-48,3
91,64,1,91,73,1,16,7,1,3
56,31,-34,56,93,-8,0,25,-34,3
25,1,-29,29,57,-4,29,1,-23,3
18,0,6,24,51,5,12,1,1,3
50,66,-43,66,73,-3,3,73,69,3
87,25,-100,94,-119,-22,37,32,-49,3
12,51,116,91,-104,-39,25,50,-90,3
103,12,-99,-127,118,-49,100,100,-49,3
55,51,-86,63,63,-23,51,62,-25,3
32,26,-50,32,48,-17,7,45,1,3
25,25,-35,25,26,-9,0,25,38,3
32,25,-37,33,28,-9,39,25,0,3
0,8,-50,96,36,-13,46,11,-48,3
3,54,0,86,54,0,76,50,0,3
107,16,-50,-122,116,-12,101,16,-50,3
3,0,-49,80,117,-12,4,12,-44,3
50,37,-46,54,91,-7,26,34,-22,3
4,0,1,30,62,1,26,0,1,3
25,12,-21,41,39,-2,26,2,34,3
53,41,0,53,48,0,50,12,0,3
100,0,-85,113,127,-28,113,125,-41,3
100,25,-86,107,-126,-34,101,18,-90,3
117,75,-91,-113,96,-50,125,0,-93,3
57,14,-87,58,65,-27,51,0,-46,3
0,31,-48,34,47,-17,28,3,1,3
25,26,-42,32,26,-14,25,26,25,3
44,25,-36,44,26,-11,31,25,-24,3
14,31,-50,93,44,-9,27,6,-50,3
114,88,-58,120,91,-1,14,53,-49,3
100,3,0,100,-114,1,100,28,1,3
75,6,-47,75,110,-9,0,1,-47,3
2,27,0,32,76,1,31,25,1,3
41,0,-28,41,54,-3,13,3,21,3
4,12,-8,30,37,-2,3,32,59,3
75,63,-39,91,63,-14,16,50,34,3
25,1,-99,125,113,-43,100,101,-93,3
119,87,99,-105,84,-58,50,84,-99,3
113,64,-86,116,70,-56,103,1,-98,3
50,0,-93,66,50,-43,65,0,-43,3
12,25,-30,18,41,-26,6,38,12,3
0,6,-18,25,19,-15,0,0,59,3
40,26,-46,56,26,-1,50,25,-18,3
0,43,-37,85,47,-5,1,22,-50,3
101,3,0,112,-118,0,7,0,0,3
100,56,-62,101,-99,-1,0,6,-50,3
100,69,-58,102,98,-8,102,36,-62,3
25,0,1,37,60,-2,37,50,-27,3
39,16,-23,39,41,-7,1,25,-21,3
13,25,-12,44,39,-3,19,39,6,3
50,37,-50,75,41,-13,0,41,31,3
100,50,113,100,59,-42,100,59,7,3
125,81,-75,118,78,-75,2,50,-75,3
100,56,-87,122,60,-76,103,10,-84,3
50,1,-91,64,52,-41,50,2,-49,3
25,25,-37,35,37,-12,25,34,4,3
0,26,0,37,26,1,7,25,0,3
41,0,6,43,53,6,16,3,6,3
51,115,-75,86,115,-3,6,15,-46,3
48,100,0,98,-104,0,73,50,0,3
116,3,-60,116,-126,-10,100,0,-46,3
78,28,-43,80,78,-1,0,28,-40,3
51,25,-35,61,43,-9,0,31,-22,3
38,5,-35,40,36,-9,12,34,1,3
31,6,1,31,34,1,25,3,0,3
54,0,-50,61,41,-15,62,14,27,3
3,57,-100,98,57,-45,45,1,1,3
118,56,-85,121,58,-57,7,6,-94,3
115,57,-100,116,82,-62,100,32,-99,3
50,50,-50,65,97,-16,64,0,-25,3
0,0,0,39,102,2,4,75,1,3
25,25,9,27,75,9,25,0,9,3
28,12,6,30,63,7,5,1,0,3
8,17,1,61,74,8,10,6,6,3
0,1,0,75,120,7,75,12,7,3
26,6,5,77,-124,5,0,28,1,3
1,51,3,89,96,3,14,32,0,3
51,12,0,66,62,0,0,0,0,3
50,29,1,52,41,2,50,37,0,3
37,6,0,47,33,1,47,31,0,3
50,0,-54,51,26,-4,50,0,12,3
7,51,-75,108,55,-56,107,0,-68,3
103,53,-85,110,65,-57,0,58,-62,3
106,50,-98,107,75,-47,101,0,-49,3
50,8,-68,63,108,-17,50,100,-23,3
25,32,0,25,94,3,25,82,0,3
5,3,0,55,59,0,1,3,0,3
52,0,4,58,45,6,6,0,0,3
32,10,0,83,74,0,1,57,0,3
28,50,-33,85,-103,-8,84,2,-58,3
100,1,-74,100,113,-7,100,0,-50,3
75,13,-50,75,63,-3,25,1,-53,3
50,26,-37,50,39,-8,50,25,-24,3
3,29,-18,28,48,-1,25,19,-30,3
34,2,0,35,17,0,35,17,0,3
82,10,-95,99,35,-44,11,9,3,3
107,0,-70,-123,37,-58,32,0,-96,3
-125,50,94,-118,55,-61,100,12,-64,3
8,3,-68,108,103,-53,102,3,-85,3
0,25,-48,31,85,-9,6,0,12,3
0,6,0,27,72,4,0,56,1,3
12,41,2,22,41,5,9,29,5,3
75,50,0,78,76,9,50,54,1,3
0,19,1,68,123,7,63,21,6,3
30,7,0,80,-123,3,1,31,3,3
1,1,3,77,102,3,1,0,3,3
62,0,-43,69,54,-3,0,0,-24,3
0,9,-24,50,34,-11,51,0,-35,3
25,23,-29,44,23,-4,12,9,33,3
66,6,-91,70,35,-23,70,9,-23,3
121,3,-100,123,53,-73,116,3,-98,3
125,28,84,125,46,-69,100,43,-98,3
103,18,-73,121,47,-61,118,50,-98,3
68,0,-43,68,50,-15,0,0,3,3
35,26,1,36,76,2,33,75,1,3
25,3,-33,48,60,-1,48,53,13,3
6,31,6,31,85,8,6,53,6,3
8,54,-74,108,99,-17,103,9,-43,3
0,25,7,55,126,10,53,25,0,3
113,60,-43,122,99,-2,109,25,-46,3
87,50,-43,87,67,-1,12,12,-49,3
51,25,-37,58,38,-1,7,38,-34,3
25,10,-19,35,36,0,28,28,3,3
22,12,7,23,16,8,23,12,7,3
76,40,-100,77,40,-30,1,12,6,3
109,50,-74,110,55,-58,107,4,-74,3
125,68,88,126,69,-67,25,50,-100,3
112,63,-83,125,92,-51,100,26,-93,3
25,28,0,49,-126,0,39,100,0,3
44,1,-42,44,65,-1,12,51,17,3
0,1,0,25,51,0,25,1,0,3
31,3,-23,35,42,-1,4,42,-24,3
0,32,0,58,96,11,1,56,3,3
0,100,7,65,-106,7,2,50,0,3
25,28,10,86,-125,10,6,29,7,3
78,60,-44,85,98,0,28,38,-39,3
56,2,-39,56,52,0,0,1,-36,3
37,25,0,47,42,3,41,0,4,3
31,1,3,33,23,3,26,14,0,3
56,13,-92,69,43,-27,68,41,-42,3
100,57,-93,126,60,-77,101,60,-77,3
103,54,-97,116,55,-47,100,51,-99,3
100,53,-100,85,99,-28,26,6,-50,3
50,26,-48,75,126,-10,50,100,-10,3
35,12,-46,37,64,-13,1,64,-15,3
25,46,-37,32,49,-6,25,4,18,3
39,32,-28,48,35,-2,15,3,47,3
62,18,0,67,79,4,14,25,4,3
101,0,-74,101,-123,-8,0,31,-71,3
100,66,-100,-102,97,-23,50,6,-75,3
88,55,-51,88,62,0,38,3,-37,3
8,26,3,45,44,4,43,32,3,3
32,25,-17,41,26,-5,41,25,12,3
25,1,-17,38,27,0,12,27,42,3
51,1,-92,73,33,-17,60,31,25,3
100,63,-99,127,73,-49,2,53,-49,3
100,21,-93,106,123,-42,100,17,-92,3
91,7,-96,98,-114,-32,31,112,-35,3
75,50,-84,81,93,-33,56,0,-49,3
50,0,-43,57,50,-27,7,50,0,3
0,25,-50,62,32,-24,56,3,28,3
31,25,-18,44,25,-4,12,0,-10,3
13,39,-71,97,39,-14,82,0,-50,3
100,53,-88,114,65,-25,1,12,-78,3
125,60,-78,-112,73,-28,42,5,-42,3
77,11,-46,87,48,-8,3,12,-42,3
62,25,-47,64,34,-3,12,6,-30,3
0,6,-37,53,32,-5,53,6,-12,3
0,1,-27,25,58,-2,0,58,-15,3
56,0,-74,70,103,-8,69,103,25,3
3,25,-85,97,-123,-29,100,-113,-36,3
10,5,122,86,-119,-25,28,100,-45,3
5,1,-99,99,114,-43,16,2,-43,3
53,19,-50,53,70,-23,53,14,0,3
27,34,-46,36,34,-14,33,25,26,3
0,25,-17,24,25,-4,9,0,32,3
6,6,-42,44,36,-4,0,11,-48,3
0,0,-75,100,52,-12,100,52,-25,3
115,18,-41,117,68,-3,112,18,-53,3
-126,62,-58,-113,87,-2,105,37,-52,3
81,1,-47,69,104,-9,0,3,-46,3
68,25,-48,69,96,-7,19,50,-21,3
0,12,0,28,64,0,3,51,0,3
31,26,-37,44,30,-9,0,4,15,3
50,3,-34,50,35,-8,0,32,53,3
0,50,-93,98,119,-28,81,106,-47,3
100,37,-82,101,-114,-26,100,13,-76,3
100,25,-99,126,125,-49,101,100,-49,3
0,50,-96,102,75,-40,39,12,-50,3
3,32,-50,36,49,-25,0,43,0,3
25,25,-25,23,25,-9,20,25,25,3
5,7,-18,24,10,-5,19,6,7,3
50,16,-34,50,16,-6,50,13,-48,3
0,6,-99,101,44,-20,100,62,-43,3
104,61,15,117,-69,16,117,56,15,3
100,12,-75,-105,119,-19,100,6,-72,3
78,50,-48,78,55,-10,3,53,-35,3
7,25,-35,35,38,-10,31,38,-25,3
3,1,0,22,26,0,21,28,0,3
31,6,-14,32,23,-2,1,23,41,3
87,0,-98,99,50,-22,13,0,1,3
44,57,-60,-111,-97,-60,38,50,-60,3
106,25,81,-112,-118,-66,100,100,-93,3
8,63,-92,108,92,-41,18,0,-37,3
3,43,-42,36,45,-26,3,7,-31,3
25,26,-43,30,39,-17,26,39,7,3
18,28,-30,19,29,-4,6,26,37,3
51,34,0,51,48,0,50,19,0,3
0,8,-71,86,69,-7,2,50,-59,3
108,39,0,121,-113,3,101,37,3,3
12,12,13,93,-110,13,6,26,0,3
50,0,3,51,106,3,0,0,0,3
56,35,-37,59,35,-12,6,28,-37,3
3,19,-18,23,14,0,1,0,-20,3
31,13,-2,44,38,-2,38,25,31,3
101,12,-75,-122,114,-16,8,14,1,3
105,104,-67,-125,104,-66,3,101,-92,3
-123,76,84,-123,88,-65,25,37,-71,3
0,64,-75,79,71,-52,51,14,-78,3
14,0,-43,14,53,-18,0,53,0,3
0,1,-5,15,32,0,12,0,32,3
12,0,3,21,16,3,6,1,0,3
0,0,-41,72,41,-12,72,37,-39,3
9,64,6,81,-61,19,75,44,12,3
102,82,-65,108,-68,-1,101,33,-51,3
11,72,0,86,97,1,79,9,0,3
50,12,-32,60,66,-6,9,12,-24,3
0,6,-25,37,37,-6,0,25,-43,3
33,12,-15,33,18,-5,1,18,-25,3
25,25,-37,33,25,-4,0,25,37,3
83,53,-96,86,72,-46,2,3,0,3
109,5,-93,121,73,-52,6,11,-96,3
100,0,87,-120,113,-62,100,100,-90,3
7,0,-100,91,105,-32,50,0,-48,3
6,7,-43,44,107,-17,19,100,1,3
3,25,-49,54,35,-19,51,3,25,3
0,21,-25,33,24,-9,1,18,0,3
96,37,-38,98,46,-25,56,40,-78,3
100,8,-83,102,60,-37,1,9,-87,3
115,53,-96,115,74,-33,112,17,-45,3
0,60,-46,100,60,-21,100,0,-46,3
53,28,-48,60,41,-7,0,13,-46,3
39,17,-37,40,17,-9,25,14,-25,3
26,0,-18,40,14,0,1,0,78,3
50,0,-49,60,40,-12,0,0,12,3
1,76,-90,95,-66,-15,51,-66,-46,3
0,90,-83,58,-56,-7,3,87,-67,3
103,32,-98,116,-119,-42,100,32,-43,3
0,15,-50,30,73,-18,1,20,-25,3
25,28,-23,28,34,-10,3,28,25,3
6,14,-10,32,20,-4,0,20,31,3
12,28,-19,40,29,-7,6,6,-23,3
3,0,-91,91,51,-12,87,51,-43,3
125,3,-50,-118,98,-19,100,46,-49,3
103,69,-62,123,69,-3,103,6,-49,3
87,53,-42,92,65,-1,17,3,-45,3
0,26,-37,37,80,-5,31,25,-25,3
28,6,-25,29,56,-5,1,6,-18,3
42,12,-42,48,40,-12,3,39,6,3
50,1,-56,60,60,-6,50,60,93,3
6,78,-75,94,-77,-25,6,0,-75,3
100,56,123,103,-86,-25,103,120,-48,3
6,12,-93,98,114,-18,25,114,-43,3
0,6,-37,37,57,-8,12,6,-11,3
18,32,-24,22,32,-8,6,25,-8,3
28,15,-20,28,22,-14,0,18,25,3
12,40,-50,52,46,-13,52,43,-21,3
0,1,-43,76,64,-5,26,0,-49,3
103,0,0,109,110,6,6,6,6,3
100,9,0,100,-119,7,100,28,7,3
0,0,0,91,109,0,25,9,0,3
31,25,10,40,72,8,25,60,1,3
1,0,-35,39,53,-3,26,53,-31,3
32,26,-25,37,39,-3,28,37,-6,3
1,0,0,39,53,0,12,50,0,3
50,29,-50,65,79,-11,63,25,-48,3
87,0,-75,92,106,-18,68,100,-48,3
125,1,-89,-111,107,-38,-123,7,-47,3
103,76,-99,-100,76,-44,105,75,-46,3
112,10,-99,120,49,-38,107,18,-89,3
50,37,-49,67,38,-37,67,12,0,3
1,25,-50,44,33,-22,12,31,0,3
31,29,-49,32,29,-23,6,4,1,3
10,27,-46,35,30,-21,28,0,3,3
56,26,-48,60,46,-32,53,12,0,3
81,7,-23,85,58,-13,57,8,-39,3
0,51,6,91,63,8,87,50,6,3
100,1,-35,-104,108,-3,100,2,-48,3
27,51,6,77,-103,7,1,51,7,3
7,2,3,82,-122,3,1,0,6,3
50,26,0,50,90,6,0,52,6,3
0,22,1,26,43,0,0,40,0,3
33,0,-30,36,28,-1,25,28,-2,3
37,0,0,39,27,4,37,27,1,3
72,6,-50,72,72,-16,0,12,26,3
3,6,-47,115,111,-35,100,11,-49,3
103,67,-100,-109,70,-35,-116,50,-48,3
126,69,-93,-119,72,-41,126,53,-98,3
115,53,-75,117,59,-53,114,50,-92,3
81,26,-81,83,30,-29,25,0,-45,3
55,32,-48,67,32,-30,0,32,0,3
53,28,-81,64,42,-30,50,30,-49,3
51,25,-50,51,41,-23,51,40,-24,3
50,3,-40,61,53,-14,54,53,9,3
51,0,0,51,53,0,0,62,37,3
75,28,0,81,79,0,50,75,0,3
41,1,6,52,118,25,2,18,0,3
14,12,0,70,114,28,19,14,0,3
6,0,20,82,117,21,6,1,12,3
25,3,13,75,111,15,0,5,14,3
2,4,3,55,104,18,3,4,16,3
62,25,12,64,86,16,13,58,12,3
50,0,12,52,76,13,51,51,13,3
56,0,0,57,53,8,7,53,1,3
54,18,0,62,46,0,53,6,0,3
51,26,0,54,37,0,50,3,0,3
51,14,-48,61,39,-9,10,12,25,3
59,37,-44,73,45,-19,9,33,5,3
87,50,-85,90,53,-35,78,50,-35,3
106,11,-93,122,49,-43,116,26,-49,3
122,50,-87,123,52,-35,16,50,-50,3
112,53,-97,-118,62,-29,-127,62,-48,3
88,18,-75,92,69,-12,37,6,-37,3
75,28,-62,77,84,-6,50,3,-12,3
12,39,-48,37,89,-7,11,75,-24,3
0,30,-42,30,80,-5,28,76,-17,3
0,7,6,23,69,5,19,56,0,3
1,3,1,26,67,11,25,1,6,3
31,28,6,31,91,18,25,1,18,3
25,38,3,25,93,22,25,77,7,3
6,0,22,47,112,22,16,10,19,3
0,25,19,58,-125,20,8,0,1,3
25,12,14,80,116,15,3,0,13,3
0,32,9,88,94,11,13,63,3,3
75,8,7,75,74,8,25,51,6,3
66,0,0,67,50,0,14,50,0,3
57,28,-23,55,40,0,52,37,-4,3
50,2,-35,50,30,-4,50,0,-18,3
50,12,-75,75,41,-24,75,3,0,3
56,25,-50,73,30,-21,17,28,0,3
3,1,-96,98,45,-44,10,20,-46,3
109,2,-97,121,41,-39,114,28,-43,3
101,50,-94,-126,54,-37,-126,53,-39,3
101,19,-68,108,69,-18,100,69,-43,3
83,38,-74,83,88,-10,50,90,-24,3
14,25,-54,39,89,-3,25,0,-6,3
3,37,-47,22,90,-3,0,65,-4,3
0,28,11,16,79,12,15,0,6,3
7,6,0,11,73,18,4,17,16,3
0,50,19,32,75,19,25,51,22,3
4,2,6,17,112,44,17,9,0,3
3,0,44,7,125,46,7,0,14,3
3,25,0,53,125,27,0,0,25,3
39,1,1,39,114,17,26,12,0,3
50,3,0,63,86,13,12,30,0,3
81,9,3,81,59,3,31,6,0,3
75,12,1,76,46,3,50,7,0,3
75,21,0,75,23,0,25,17,0,3
75,6,-30,81,19,-2,31,18,-12,3
71,16,-37,74,23,-7,1,3,-7,3
87,25,-73,91,28,-22,38,3,-23,3
0,25,-75,101,42,-24,101,26,0,3
91,41,-81,97,43,-28,46,26,-34,3
77,46,-71,86,46,-21,58,0,-46,3
75,16,-75,89,73,-24,62,66,-49,3
51,12,-71,62,73,-13,58,68,-23,3
50,10,0,62,114,0,62,12,0,3
26,14,0,26,117,9,0,100,9,3
0,39,18,26,98,18,26,89,0,3
22,37,21,22,89,23,18,87,20,3
7,25,1,23,84,23,14,84,0,3
5,31,1,5,88,35,0,75,25,3
7,15,0,23,122,25,6,9,25,3
3,51,0,62,-100,14,5,3,0,3
7,3,11,71,105,11,7,104,6,3
90,0,-45,90,50,0,15,0,-42,3
50,0,3,66,31,3,0,25,0,3
37,10,0,41,24,10,16,23,3,3
25,7,3,25,11,3,25,7,3,3
75,4,-96,75,55,-45,50,51,50,3
88,31,-48,96,35,-44,64,3,-98,3
103,50,-98,103,62,-48,101,4,-100,3
112,53,-99,-118,92,-40,37,75,-49,3
0,3,-64,98,115,-12,22,15,-44,3
64,0,-53,64,101,-1,64,1,-20,3
8,25,-49,46,79,-2,45,76,-18,3
0,25,-50,21,80,-1,1,3,8,3
0,18,6,13,68,6,12,67,0,3
7,28,1,7,80,17,1,25,3,3
0,25,0,7,89,31,0,62,6,3
0,0,10,0,125,49,0,25,3,3
12,5,6,12,-113,35,3,14,6,3
3,13,0,53,113,25,0,0,0,3
51,32,10,55,89,11,5,26,4,3
51,11,0,57,62,7,6,2,6,3
53,15,0,55,40,6,51,0,0,3
50,4,7,50,30,7,50,25,0,3
62,31,-39,66,47,0,54,16,28,3
84,50,-50,86,66,-10,58,3,12,3
82,50,-45,82,77,-7,51,1,-9,3
97,50,-67,98,81,-13,62,81,-40,3
100,0,-75,112,101,-18,112,1,-43,3
62,14,-55,64,114,-2,51,12,-30,3
50,3,-66,58,110,-15,57,3,-15,3
52,38,-48,52,88,-7,1,87,3,3
57,3,-79,82,53,-28,50,0,13,3
0,0,-48,53,23,-11,1,20,25,3
51,26,3,55,26,4,52,26,1,3
0,0,1,77,54,5,27,51,3,3
106,68,0,111,69,6,7,62,0,3
103,75,1,117,89,14,116,12,0,3
112,25,0,114,78,0,100,3,0,3
54,4,0,54,74,15,1,17,12,3
31,9,12,26,55,16,1,4,12,3
9,32,15,11,49,22,7,0,3,3
32,28,0,36,79,0,1,53,0,3
25,0,1,37,102,1,0,2,0,3
19,3,0,19,-125,16,12,28,16,3
7,23,19,37,-107,21,32,1,12,3
6,23,25,44,-106,26,31,46,0,3
43,0,0,45,-127,12,7,3,12,3
17,0,3,42,100,3,1,100,3,3
0,1,0,41,64,0,12,50,0,3
0,3,-43,41,53,-5,3,52,25,3
3,38,-43,41,47,-3,40,0,15,3
51,3,-42,60,70,-15,60,20,9,3
62,0,9,62,60,10,50,59,10,3
13,66,0,97,66,16,0,66,15,3
117,70,3,117,95,10,112,44,8,3
1,52,7,83,90,7,32,39,6,3
60,27,10,55,76,10,3,25,0,3
12,0,3,45,66,9,39,50,3,3
0,0,0,38,55,16,25,0,0,3
12,15,0,37,73,14,0,50,0,3
0,7,12,14,107,19,14,0,6,3
12,26,14,14,-115,17,1,0,3,3
5,28,1,24,-108,14,1,-109,2,3
0,50,3,37,-105,3,12,50,3,3
50,3,0,56,110,0,0,100,0,3
26,50,-51,45,76,-1,26,76,-11,3
31,9,-48,32,60,-4,7,50,-4,3
27,31,0,27,45,1,27,1,1,3
10,16,0,47,49,8,35,8,8,3
9,0,18,61,66,21,11,50,19,3
0,26,3,85,127,28,78,0,0,3
0,6,0,76,-120,30,25,34,3,3
0,0,25,57,109,25,0,9,0,3
50,26,0,50,80,16,0,28,16,3
13,4,13,43,60,16,40,9,15,3
37,3,0,45,54,10,6,50,10,3
37,0,0,41,53,9,25,57,3,3
32,28,6,44,80,7,25,79,0,3
50,9,3,62,-123,5,62,25,5,3
50,4,0,76,123,0,51,105,0,3
100,103,25,101,103,-20,101,0,-50,3
32,25,-25,87,83,-17,33,2,-25,3
0,59,-21,57,61,-13,50,3,-13,3
2,3,-18,36,49,-7,0,33,-20,3
0,28,-24,40,49,-1,39,48,18,3
53,51,0,54,64,10,0,51,7,3
37,60,25,48,99,25,20,74,0,3
8,12,6,70,-113,22,58,25,15,3
0,1,0,75,-124,19,0,31,12,3
0,7,10,51,110,12,1,10,0,3
31,75,1,48,76,8,29,25,0,3
20,0,0,45,55,8,43,3,0,3
0,3,3,50,55,3,50,5,0,3
0,53,9,50,53,9,0,9,2,3
76,75,1,80,75,-10,51,50,39,3
100,0,-36,100,104,-36,0,0,-87,3
103,63,3,109,89,-39,100,27,-45,3
76,70,2,92,74,-28,15,57,-31,3
50,2,-25,77,49,-23,56,0,-21,3
0,3,-49,51,42,-16,0,40,-24,3
51,37,-50,52,39,-10,2,1,14,3
6,34,-11,60,47,-5,0,47,37,3
66,75,6,74,75,7,60,75,7,3
0,5,0,102,105,0,7,0,-80,3
100,106,-36,106,106,-2,106,6,-49,3
51,53,78,77,85,-7,25,9,-44,3
14,1,64,64,58,-3,0,6,-36,3
15,18,0,46,47,0,25,21,0,3
29,40,0,41,43,2,15,45,1,3
1,50,0,64,66,1,1,15,1,3
3,0,-102,92,115,-9,16,103,-12,3
5,103,57,80,-127,-14,1,25,-48,3
13,100,70,117,101,-29,114,101,-43,3
1,75,76,80,77,-23,26,72,-49,3
0,52,100,63,55,-20,51,53,-20,3
12,31,55,41,44,-13,12,37,4,3
12,25,83,39,38,-3,37,38,51,3
50,43,0,71,44,0,50,0,0,3
25,9,7,89,60,7,28,15,3,3
25,7,113,125,124,-3,25,0,-50,3
7,0,109,120,100,-3,106,0,-40,3
25,10,84,85,61,-3,25,10,-34,3
1,28,54,67,28,-7,15,3,-37,3
0,25,25,50,25,-1,0,25,13,3
4,25,0,48,32,3,42,32,0,3
6,0,81,82,62,-5,75,0,44,3
2,103,100,115,-127,-25,112,100,-50,3
3,0,106,116,122,-28,112,103,-78,3
3,53,101,109,92,-22,103,87,-46,3
0,3,78,75,65,-19,50,65,-19,3
14,39,56,49,45,-5,45,45,-12,3
2,32,37,37,48,-6,7,31,12,3
31,32,3,32,45,4,32,18,3,3
12,0,0,67,60,0,65,53,1,3
1,0,0,54,101,27,3,0,26,3
16,0,3,49,-104,28,28,50,25,3
0,40,9,77,-109,24,1,46,8,3
20,0,0,71,105,11,21,0,8,3
1,29,68,65,91,-4,3,29,-29,3
25,2,43,49,52,-1,44,1,-36,3
15,15,37,46,19,-5,27,1,-18,3
2,0,1,52,23,1,51,3,0,3
10,2,75,60,8,-1,9,7,70,3
125,1,108,125,30,-41,25,3,-50,3
22,25,100,124,38,-50,104,38,-50,3
3,50,112,121,67,-52,8,67,-96,3
26,56,50,80,99,-29,78,18,-29,3
17,1,0,24,105,4,18,3,0,3
3,1,0,16,70,12,8,51,15,3
3,7,0,3,57,16,3,56,12,3
12,10,7,21,66,10,1,53,3,3
29,32,3,36,94,16,26,56,13,3
7,45,26,58,-107,29,51,17,26,3
31,4,0,86,-100,25,86,5,0,3
25,25,6,80,126,18,4,25,12,3
6,25,1,69,72,1,7,22,0,3
3,6,46,53,33,-2,50,26,-28,3
0,19,39,43,23,-3,12,16,-22,3
12,0,43,37,15,-2,25,15,-2,3
6,12,50,59,18,-12,59,0,25,3
12,25,75,96,32,-31,37,32,-95,3
0,50,125,-109,50,-60,121,0,-60,3
6,64,100,109,89,-35,103,25,-48,3
21,9,103,97,-121,-38,62,31,-43,3
18,25,59,68,78,-13,50,3,-17,3
7,25,12,18,75,15,0,50,1,3
0,14,6,19,68,7,18,62,7,3
0,6,18,14,56,20,0,0,1,3
16,40,6,23,98,18,17,39,0,3
8,42,0,58,-113,18,6,41,13,3
29,3,3,92,-116,5,78,37,0,3
0,49,0,101,99,4,101,17,3,3
13,4,1,66,60,2,16,3,2,3
14,28,0,42,34,7,37,3,0,3
13,6,35,41,32,-1,0,26,-18,3
25,25,40,46,25,-2,46,24,50,3
14,28,56,64,29,-6,64,29,43,3
89,55,100,96,61,-24,14,4,-25,3
14,69,100,124,98,-29,108,81,-87,3
19,107,100,98,-109,-37,14,106,-87,3
0,50,82,71,-102,-14,7,103,-49,3
12,50,0,23,96,0,3,6,0,3
1,0,6,10,58,6,7,50,0,3
6,25,6,10,32,10,7,31,3,3
0,33,3,25,45,9,25,37,9,3
50,50,85,72,96,-1,31,6,0,3
93,50,0,95,-99,0,56,6,0,3
28,6,-118,-126,119,-10,100,7,-50,3
1,51,101,104,70,-1,103,1,-40,3
1,14,48,60,23,-1,0,7,-29,3
28,10,34,43,11,-1,44,0,-37,3
6,20,25,33,24,-10,25,0,1,3
3,0,52,53,23,-16,0,23,25,3
87,0,67,94,44,-32,63,0,-49,3
0,75,-127,-118,89,-58,125,77,-75,3
12,0,114,113,112,-29,10,7,-50,3
3,12,76,103,119,-22,100,18,-23,3
21,28,0,48,78,3,37,78,0,3
0,6,34,36,57,-3,5,57,15,3
0,37,20,22,40,-4,9,25,50,3
6,0,46,32,50,-3,28,57,-12,3
25,12,12,38,90,12,0,25,12,3
75,31,1,81,-69,5,50,28,5,3
109,52,6,109,-103,7,109,0,1,3
0,50,3,93,75,10,18,0,0,3
0,32,0,58,44,0,0,27,0,3
12,0,43,39,25,-5,37,25,-43,3
0,18,37,36,25,-6,1,25,18,3
1,25,50,39,25,-5,1,0,25,3
0,59,62,105,60,-32,4,9,14,3
123,5,100,123,123,-41,1,1,-49,3
13,68,112,63,-86,-12,50,119,-45,3
3,3,62,104,109,-30,103,3,-50,3
14,50,51,49,69,-23,32,0,-23,3
0,31,26,53,33,-23,0,32,0,3
40,7,25,40,12,-10,33,3,37,3
14,14,0,40,17,2,14,12,0,3
50,8,4,88,78,4,88,28,4,3
0,55,-106,117,-56,-4,5,43,-60,3
28,6,0,-107,106,4,-127,6,1,3
9,1,1,85,51,5,31,39,3,3
0,2,1,57,12,1,0,10,0,3
13,12,36,42,15,-3,5,1,-35,3
12,12,37,39,22,-9,12,15,-9,3
0,10,53,60,23,-6,0,1,65,3
69,25,81,73,47,-18,53,46,0,3
0,12,101,-120,121,-48,103,18,-50,3
19,100,100,61,-84,-19,0,107,-46,3
7,0,75,108,-122,-17,102,100,-49,3
8,20,50,46,70,-17,1,6,-17,3
58,37,32,58,39,-16,6,25,-17,3
0,25,31,39,44,-12,2,0,12,3
0,38,31,41,47,-5,28,25,19,3
6,7,59,49,32,-14,37,0,-67,3
125,51,101,-121,58,-25,6,50,-43,3
3,6,-123,-125,106,-14,113,2,-48,3
3,40,112,109,91,-7,100,15,-45,3
0,50,54,75,53,-7,0,0,-35,3
6,26,39,34,39,-7,3,12,-35,3
0,0,1,26,55,1,25,5,1,3
4,2,60,54,62,-1,4,25,25,3
2,7,0,55,110,0,54,107,0,3
66,16,101,80,-111,-17,75,6,-67,3
3,50,116,84,-105,-8,50,100,-37,3
29,12,81,79,115,-15,3,1,-46,3
17,14,63,67,67,-11,59,0,-12,3
0,26,40,34,33,-8,3,26,3,3
0,25,25,36,39,-14,10,14,35,3
39,40,31,40,40,-13,14,25,50,3
0,28,65,58,46,-9,7,12,-48,3
0,52,-127,111,96,-21,100,6,-74,3
12,0,7,113,-126,7,0,28,0,3
0,12,0,99,105,1,37,0,1,3
12,28,0,68,85,0,18,26,0,3
1,25,0,35,41,4,28,13,0,3
13,13,6,49,41,6,4,12,0,3
0,0,0,50,50,0,0,50,0,3
59,2,66,62,102,-8,62,112,43,3
2,10,94,58,-119,-3,58,107,-66,3
0,37,112,91,-115,-12,62,125,-50,3
0,7,101,100,110,-22,100,1,-48,3
0,50,56,60,66,-16,60,1,-25,3
0,37,39,37,46,-10,3,38,1,3
28,26,37,28,42,-12,25,3,25,3
39,41,42,42,41,-6,37,1,50,3
3,6,75,66,68,0,50,18,-51,3
28,8,9,92,-97,10,79,51,0,3
0,50,6,107,-112,18,6,31,16,3
6,35,8,69,85,8,6,32,2,3
0,2,0,56,52,0,0,2,0,3
0,31,46,50,44,-3,0,18,-25,3
19,0,37,69,51,-12,62,50,-50,3
8,34,52,58,34,-10,61,29,1,3
87,50,75,94,50,-23,75,50,50,3
100,65,102,104,72,-34,3,66,-49,3
7,68,107,110,98,-41,9,28,-48,3
4,64,64,92,74,-35,92,71,-49,3
6,50,71,64,55,-23,50,53,-23,3
3,0,50,53,57,-10,3,56,2,3
25,7,0,25,69,0,25,6,0,3
3,3,0,15,66,12,12,3,12,3
64,0,0,67,108,8,3,100,1,3
10,1,16,73,-113,23,65,51,0,3
28,8,0,80,-106,12,80,33,0,3
0,1,7,75,101,7,0,0,6,3
0,7,0,55,57,0,5,7,0,3
6,0,0,47,10,0,6,3,0,3
26,1,1,30,1,1,28,1,0,3
6,1,50,61,24,-17,1,15,57,3
81,18,66,92,51,-37,53,1,5,3
106,81,116,109,81,-33,109,50,-50,3
3,31,122,-127,-120,-50,125,103,-54,3
12,3,90,69,-125,-9,6,30,-46,3
12,1,62,69,101,-11,62,100,-25,3
3,0,41,41,46,-5,15,31,0,3
0,37,25,37,40,-7,0,15,30,3
0,40,43,51,49,-6,0,39,12,3
25,12,3,44,69,10,31,62,7,3
0,50,1,73,-104,8,69,1,1,3
7,51,0,82,-111,12,0,18,0,3
2,3,9,80,103,9,5,0,0,3
0,0,56,56,51,0,0,1,-30,3
16,2,44,49,21,-2,30,14,-9,3
12,16,44,47,17,-5,34,17,18,3
9,31,50,64,37,-11,14,12,13,3
0,53,87,81,66,-7,0,53,14,3
84,5,100,84,-125,-22,34,100,-75,3
9,65,121,84,-88,-26,84,100,-50,3
7,28,81,82,-126,-18,1,100,-43,3
4,28,62,44,77,-4,44,77,-6,3
3,25,6,34,38,8,0,38,6,3
39,42,2,39,42,-10,26,25,52,3
1,1,0,30,49,0,2,38,0,3
4,37,107,60,97,0,56,41,-29,3
75,52,0,91,-84,2,66,20,1,3
1,14,12,102,-116,16,101,12,3,3
12,62,0,90,70,0,25,18,0,3
0,37,51,51,45,-1,0,37,-25,3
19,25,32,44,38,-4,43,37,-23,3
3,21,3,28,21,3,25,7,0,3
1,26,41,51,26,-8,50,26,12,3
0,15,75,103,40,-25,0,40,50,3
15,0,100,122,113,-23,119,0,-74,3
7,125,115,85,-68,-33,6,125,-50,3
3,17,100,103,118,-27,25,101,-50,3
26,31,1,26,81,1,25,0,0,3
0,50,37,39,72,-1,14,69,4,3
0,5,8,30,61,8,4,7,8,3
12,3,0,13,48,25,0,3,25,3
19,6,7,47,106,8,1,12,10,3
42,28,1,92,-113,7,76,3,0,3
0,0,0,112,113,0,106,0,0,3
22,50,0,98,55,1,21,5,1,3
0,30,0,57,30,7,7,30,0,3
22,12,0,48,23,0,29,16,0,3
12,3,0,43,28,0,31,3,0,3
0,32,0,58,35,-2,6,10,25,3
4,50,64,80,57,-10,75,0,-10,3
0,15,100,114,118,-32,114,1,-35,3
0,103,109,75,-115,-14,50,28,-50,3
18,44,89,94,-110,-10,6,108,-37,3
0,58,69,40,93,-4,38,0,-18,3
0,50,38,35,59,-5,35,0,12,3
1,33,0,33,36,2,2,8,2,3
7,45,0,45,45,0,43,7,0,3
55,62,69,80,98,-5,5,62,-55,3
0,3,9,90,116,9,76,3,0,3
7,81,125,-97,84,-13,106,0,-48,3
5,50,0,87,51,2,7,0,0,3
6,28,3,82,35,5,32,31,1,3
7,33,0,37,33,12,11,7,0,3
1,7,25,26,32,-5,3,31,17,3
8,26,26,49,30,-23,15,4,0,3
14,41,51,95,49,-24,76,41,0,3
7,0,113,-123,125,-33,100,100,-84,3
6,-108,115,61,-56,-3,6,76,-46,3
12,16,80,114,-114,-13,100,110,-48,3
58,58,51,58,58,-22,1,58,-23,3
1,37,26,30,38,-7,25,37,39,3
0,26,17,28,33,-7,25,0,29,3
16,26,50,91,26,-20,25,25,-46,3
5,50,57,118,60,-13,-127,56,-43,3
3,67,121,-114,74,-1,37,7,-43,3
1,51,-124,120,54,-18,100,1,-68,3
31,3,100,96,28,-30,19,3,-87,3
0,7,50,57,8,-12,0,2,-37,3
4,0,36,35,6,0,0,0,0,3
0,15,19,53,15,-5,3,15,37,3
26,36,27,92,49,-16,42,16,27,3
12,22,12,21,-107,22,3,20,12,3
12,75,4,62,-80,5,50,50,0,3
25,-106,100,94,-92,-11,0,112,-43,3
31,100,64,81,-107,-26,0,46,-48,3
2,50,53,52,75,-8,51,0,0,3
0,31,21,33,36,-1,0,25,15,3
0,12,0,27,19,-1,1,19,25,3
39,23,-12,43,23,-1,13,23,-18,3
56,25,39,70,26,-3,0,0,-25,3
9,0,12,110,51,17,9,51,4,3
34,7,0,-121,83,3,106,26,0,3
3,56,0,103,56,13,103,56,0,3
7,65,25,58,96,-3,14,39,-31,3
26,51,0,39,58,6,39,7,0,3
0,0,0,21,63,7,0,50,0,3
0,69,1,51,72,0,0,22,28,3
33,112,23,83,122,0,32,121,25,3
25,117,76,84,-88,-17,59,1,-73,3
27,100,51,127,113,-48,126,100,-49,3
37,0,25,73,64,-17,13,0,-25,3
31,0,21,43,38,-1,0,0,-4,3
12,25,0,37,25,1,12,25,0,3
12,0,12,40,26,-3,27,1,18,3
0,8,37,55,33,-1,4,7,-36,3
37,64,1,99,78,5,21,50,5,3
12,112,22,94,121,24,88,6,21,3
25,107,0,80,-97,10,5,6,7,3
26,100,12,79,101,16,25,0,13,3
31,53,12,45,60,12,26,0,3,3
12,45,0,40,47,8,12,46,7,3
25,26,7,28,39,10,28,39,3,3
13,0,31,69,109,-13,50,9,-23,3
50,-123,28,91,-107,-21,37,-114,-21,3
0,65,1,-112,92,-50,25,67,-55,3
25,0,50,117,59,-44,104,3,-46,3
6,26,25,56,46,-23,50,14,-23,3
23,0,4,24,46,-7,15,32,-10,3
3,28,6,28,29,-2,0,0,28,3
25,6,0,48,35,0,21,35,0,3
50,28,2,72,57,5,0,57,3,3
0,103,9,122,-100,10,9,51,3,3
50,112,7,93,-86,11,14,0,7,3
50,0,48,85,88,-1,0,25,-43,3
9,13,18,61,44,-3,1,44,-35,3
0,25,0,50,27,1,0,27,0,3
28,7,0,35,23,12,25,10,12,3
0,62,0,72,74,-14,56,17,9,3
50,103,1,83,116,-10,51,112,14,3
0,117,12,126,117,-61,1,15,-61,3
0,50,3,127,82,-56,114,28,-100,3
37,1,0,87,64,-43,50,0,-50,3
26,51,9,30,52,-15,3,50,-18,3
6,26,1,35,33,-1,7,27,11,3
4,13,7,29,16,7,29,16,6,3
53,51,3,54,54,-8,59,19,-37,3
54,101,3,67,-104,10,62,50,1,3
3,100,0,103,-104,0,0,0,0,3
53,100,7,84,101,10,9,1,3,3
15,53,0,66,54,12,0,3,12,3
1,0,6,54,44,6,0,38,6,3
31,38,1,33,38,5,32,38,4,3
26,0,3,42,57,5,3,56,0,3
13,88,1,69,91,-4,19,91,-112,3
1,109,15,107,-120,-34,6,10,-46,3
3,125,64,104,125,-28,103,100,-43,3
50,18,35,88,94,-14,1,0,-21,3
22,51,0,47,58,0,40,58,0,3
0,37,0,27,44,3,0,32,3,3
5,0,-6,17,51,-3,3,0,56,3
32,71,19,35,73,-5,29,16,-55,3
0,112,0,100,116,0,100,4,0,3
34,127,10,90,-105,8,65,0,6,3
3,106,0,124,108,3,113,2,3,3
29,53,6,79,55,6,26,5,0,3
0,0,0,57,32,3,51,32,0,3
28,17,3,41,17,4,41,17,4,3
32,19,10,47,23,-1,31,14,47,3
0,26,4,62,35,-6,0,31,3,3
10,37,57,111,89,-37,2,14,-47,3
15,119,52,122,119,-47,103,100,-99,3
28,125,25,78,126,-15,28,26,-43,3
25,51,6,48,-115,2,42,114,0,3
12,66,3,37,73,-9,25,51,3,3
3,3,-9,24,41,-8,22,28,37,3
0,6,9,51,43,-2,50,0,-25,3
51,50,0,67,75,7,4,50,0,3
0,107,72,124,94,3,1,32,0,3
51,0,0,-104,69,4,101,6,3,3
28,38,16,80,41,23,28,25,6,3
0,6,0,63,23,7,12,12,6,3
26,2,0,26,14,2,0,14,0,3
1,4,1,26,12,4,5,0,0,3
3,37,6,60,39,-14,3,26,50,3
0,101,-48,-107,108,-44,34,107,-44,3
27,-115,37,30,-56,-8,0,105,-71,3
39,121,1,-116,-109,-45,100,44,-48,3
28,89,3,48,90,-26,0,4,-24,3
25,0,3,39,25,-15,12,25,-25,3
18,6,6,23,6,-3,22,0,25,3
32,0,7,33,7,0,32,7,2,3
50,15,41,52,43,0,0,2,-49,3
50,100,6,-106,127,-18,52,6,-50,3
25,100,56,77,126,69,1,25,18,3
0,28,0,100,-127,14,100,3,2,3
50,1,3,75,108,-7,25,8,-44,3
0,40,0,50,40,-6,50,0,-12,3
0,1,0,15,12,2,12,0,0,3
33,50,12,83,55,-10,7,55,50,3
100,51,-49,98,106,-50,54,6,10,3
28,100,39,-127,100,-60,3,0,-73,3
3,106,31,103,106,-54,103,100,-54,3
14,78,7,73,79,-41,62,7,-33,3
29,4,-10,36,35,-9,31,31,-11,3
14,13,2,24,17,5,21,17,2,3
15,13,0,41,23,5,16,3,4,3
60,66,0,60,91,19,9,78,6,3
15,102,28,40,-72,28,31,76,26,3
63,103,7,64,-89,7,64,3,0,3
50,4,4,63,99,5,13,38,1,3
3,62,6,55,64,6,4,12,6,3
0,37,5,54,37,5,50,0,0,3
39,3,6,49,15,6,40,0,3,3
0,21,0,62,21,4,12,6,4,3
51,1,-18,95,64,-23,6,1,1,3
0,103,39,106,109,-50,6,0,-98,3
2,110,18,105,124,-55,100,112,-56,3
32,100,13,83,105,-34,56,101,-48,3
26,53,12,35,85,0,10,1,1,3
2,20,1,29,66,10,25,66,4,3
9,56,16,24,59,16,23,9,13,3
10,75,16,24,88,16,12,62,15,3
50,103,10,50,-121,10,50,0,1,3
12,116,0,43,-114,14,0,25,1,3
53,0,12,71,90,14,2,25,1,3
12,50,0,62,53,12,12,0,12,3
37,25,8,48,26,11,39,1,0,3
0,7,6,50,21,10,50,20,3,3
1,15,0,51,40,3,1,15,0,3
62,17,0,89,99,-21,43,101,-48,3
1,-105,6,101,-104,-43,101,50,-99,3
62,-127,12,91,-114,-12,15,116,-62,3
0,32,4,32,-123,5,31,106,1,3
14,50,1,42,88,1,15,75,1,3
0,0,0,20,35,0,8,34,42,3
7,12,0,32,21,0,0,15,0,3
17,57,15,92,58,-7,37,56,-37,3
90,109,0,92,109,1,67,6,1,3
32,103,0,-122,112,0,106,10,0,3
14,1,6,115,74,8,100,16,4,3
4,1,12,54,40,13,4,40,13,3
43,38,-10,48,46,-4,15,20,-4,3
32,7,0,33,23,3,8,7,0,3
31,3,-12,47,35,-7,32,3,64,3
4,3,-74,-126,67,-19,40,0,-30,3
70,106,29,98,-97,-19,31,100,-74,3
81,-111,-41,81,-58,-29,0,87,-48,3
62,105,-39,66,-125,-39,50,100,-42,3
25,50,-23,33,51,-23,1,51,0,3
2,0,3,52,19,-15,45,0,31,3
3,26,-3,42,27,-3,17,0,14,3
60,56,-7,86,56,-7,31,0,-57,3
90,6,-23,91,69,-16,78,56,-48,3
28,39,-43,-114,89,-42,112,25,-99,3
75,1,1,85,51,-15,9,0,-71,3
64,0,-8,73,19,-6,7,19,-57,3
28,16,3,28,22,3,28,0,3,3
9,1,0,22,20,1,15,20,0,3
0,56,0,51,-97,14,1,-105,14,3
25,103,0,49,-95,0,56,-106,1,3
62,-87,31,64,-83,-15,62,69,-71,3
84,-127,-46,84,-77,-46,9,103,-46,3
57,91,0,61,91,-23,50,16,-23,3
25,34,-24,40,35,-11,0,26,12,3
0,0,6,8,19,7,7,4,0,3
12,0,15,22,12,15,3,12,3,3
0,28,-25,83,41,-21,1,16,-25,3
32,58,63,-122,73,-35,108,72,-85,3
3,44,0,85,44,0,6,25,0,3
28,37,0,-127,-118,-12,100,6,-52,3
50,67,0,50,99,0,0,43,0,3
34,0,1,36,61,2,3,11,0,3
10,10,-19,22,36,0,6,3,11,3
3,33,-19,53,33,0,50,7,38,3
76,9,7,83,110,7,12,112,6,3
79,-67,50,80,-67,-35,50,37,-85,3
112,112,-68,-118,119,-66,125,112,-92,3
52,78,-27,62,78,-27,10,3,-40,3
21,0,-5,21,32,-5,15,31,0,3
13,3,6,13,16,6,10,13,0,3
3,28,0,29,28,0,28,25,0,3
0,18,-25,85,44,-3,32,0,-60,3
10,114,0,110,124,1,1,0,0,3
0,107,37,65,-56,-6,12,13,-56,3
0,4,3,100,92,-8,1,0,-50,3
3,6,6,53,31,6,0,25,6,3
0,25,23,59,25,30,6,25,27,3
4,1,0,35,21,25,25,13,0,3
50,78,-50,77,91,-23,25,91,126,3
66,-127,-37,91,-77,-34,0,25,-87,3
28,118,-100,-126,124,-56,-126,114,-93,3
64,1,-46,80,79,-38,1,26,-43,3
40,58,-17,47,58,-16,28,2,-16,3
16,0,-15,24,39,-1,18,25,16,3
7,31,-21,24,32,0,1,3,1,3
25,26,3,44,39,10,12,26,3,3
100,82,1,108,95,1,108,68,1,3
12,-105,7,113,-65,8,0,51,0,3
125,126,-12,-115,126,-1,103,0,-62,3
76,56,3,80,69,3,25,0,0,3
13,25,-24,66,26,-3,53,25,-30,3
6,1,-9,31,2,-3,6,2,-12,3
18,25,2,19,-3,5,13,-59,5,3
25,40,-42,85,42,-30,75,42,106,3
87,33,-40,93,83,-40,3,0,-100,3
101,111,-85,117,112,-56,105,104,-87,3
77,10,-49,80,87,-22,30,3,-47,3
3,25,-50,73,-123,-50,6,31,-50,3
3,53,0,-21,78,7,28,50,0,3
0,6,0,25,56,0,41,0,0,3
13,26,0,38,32,10,12,26,3,3
105,5,-58,117,112,-8,115,1,-74,3
67,100,43,92,-75,-6,37,25,-68,3
-90,87,-18,-89,91,-15,53,25,-65,3
82,0,0,83,35,9,1,31,9,3
6,6,0,44,31,3,0,31,0,3
3,31,6,3,31,7,0,6,0,3
0,7,-9,19,24,0,12,5,43,3
0,2,-71,62,14,-14,12,14,0,3
-108,25,-87,-108,25,-57,119,0,1,3
-124,51,-100,-122,-98,-45,31,6,-96,3
101,81,-37,117,-74,-32,114,-124,-46,3
14,6,-24,45,106,-22,43,100,0,3
30,0,-18,30,26,-3,2,25,33,3
7,7,13,8,20,13,5,0,6,3
18,0,-33,70,42,-1,57,15,-43,3
115,89,-25,117,92,-24,101,67,-49,3
100,68,-35,-112,69,-28,25,18,-48,3
100,25,4,107,78,-19,100,28,-48,3
103,39,-15,104,43,-14,26,0,-43,3
31,8,-23,44,23,-13,44,20,-40,3
0,4,-19,31,10,-13,0,6,-25,3
38,1,-6,38,10,-2,38,7,21,3
13,14,0,67,42,0,2,1,0,3
6,1,-37,73,-103,-10,62,-76,1,3
100,87,9,104,-68,-26,3,50,-77,3
118,6,-50,120,-108,-36,107,100,-86,3
3,25,-35,73,87,-29,53,12,-37,3
0,0,-22,32,25,-10,1,25,14,3
3,5,6,0,11,8,75,9,0,3
1,0,-18,11,25,-5,0,25,-12,3
100,50,-75,100,76,-19,100,50,-46,3
101,56,-24,126,68,-17,0,50,-75,3
114,7,-37,-116,-122,-9,39,0,-62,3
100,34,-37,112,86,-1,101,32,-43,3
7,4,0,32,79,12,25,26,12,3
31,1,0,31,54,3,6,4,0,3
12,46,1,12,47,8,0,19,8,3
12,9,1,49,47,1,16,22,0,3
25,25,3,84,92,9,69,7,1,3
50,62,-32,88,-87,-7,25,54,-71,3
105,1,-98,-125,-126,-47,100,103,-49,3
12,0,-25,91,65,-25,28,14,-25,3
0,1,-40,25,33,-13,25,33,5,3
38,25,-23,-8,35,-12,53,31,37,3
26,10,3,32,35,3,7,10,0,3
8,1,3,71,33,4,51,1,4,3
107,3,17,-122,-101,17,25,54,0,3
107,29,3,122,-76,3,103,26,0,3
103,3,-10,89,94,-6,12,18,-56,3
0,4,-23,75,54,-13,0,0,-50,3
21,0,-17,47,38,-4,37,38,-31,3
0,26,-12,39,26,-3,1,26,-22,3
42,3,-11,48,10,-7,40,4,29,3
13,3,-37,78,21,-17,75,18,32,3
-99,51,-98,-94,83,-63,51,83,-65,3
117,53,-95,123,97,-62,121,21,-67,3
103,3,-37,105,72,-37,105,12,-37,3
12,7,-24,46,94,-8,28,88,3,3
6,12,12,14,70,15,14,0,15,3
26,3,0,29,54,5,25,50,0,3
7,6,-25,44,82,-8,0,31,-59,3
53,12,-50,91,120,-3,75,6,-53,3
67,1,0,92,-91,-12,4,12,-62,3
110,8,-17,108,69,-4,106,19,-49,3
75,4,0,76,42,0,1,42,0,3
0,0,0,25,26,14,25,25,14,3
34,0,0,36,22,14,29,18,0,3
15,10,-14,46,24,-1,46,24,37,3
101,0,-46,122,43,-42,15,0,-48,3
-125,78,-100,-125,85,-90,26,85,-90,3
43,0,-37,94,126,-30,25,101,-43,3
1,43,-49,54,-61,-19,51,87,-21,3
50,3,-50,75,55,-29,25,4,18,3
36,3,-5,55,19,-5,51,0,38,3
37,0,7,49,28,7,32,25,7,3
110,57,-19,110,69,-13,110,69,-40,3
125,51,0,-116,63,-36,50,12,-48,3
100,0,-17,112,75,-13,100,0,-44,3
109,12,-24,111,42,-23,107,29,-49,3
54,0,-12,54,12,-9,1,12,-46,3
2,3,-10,36,3,-10,10,0,-35,3
25,7,0,30,11,1,32,12,4,3
62,31,0,63,43,0,13,6,0,3
100,0,-71,113,-122,-8,112,126,15,3
53,54,-19,78,-56,-19,53,41,-71,3
107,9,-100,121,-118,-53,106,104,-84,3
0,26,-23,62,89,-23,52,10,-23,3
2,1,-25,37,37,-17,1,36,0,3
8,6,0,8,10,3,2,10,0,3
37,7,0,40,12,3,15,3,3,3
82,1,-37,85,29,-12,82,4,-62,3
-97,59,0,-84,62,-48,53,6,-96,3
112,26,-50,112,36,-22,112,7,-72,3
1,14,-25,86,64,-3,26,0,-49,3
51,1,1,64,66,5,12,3,5,3
3,51,1,10,51,5,3,1,0,3
19,0,-33,19,63,-2,33,64,0,3
34,50,-65,84,87,-14,25,25,-18,3
7,71,3,73,-83,10,12,-102,9,3
125,50,-98,127,-81,-35,127,110,-37,3
25,5,-43,83,105,-29,32,0,-31,3
7,0,-14,33,50,-14,0,13,1,3
0,30,0,1,30,2,0,28,0,3
0,12,1,28,23,3,28,3,3,3
50,25,-25,69,32,-10,56,31,-50,3
114,32,-48,120,46,-41,18,25,-100,3
75,37,-22,92,39,-6,91,13,-60,3
100,6,6,-105,-112,-2,100,31,-43,3
50,25,6,50,99,10,0,34,10,3
0,1,12,40,64,14,40,12,12,3
11,39,0,24,39,11,16,0,6,3
0,15,-15,42,41,0,15,46,12,3
0,3,-68,80,116,-14,75,13,-23,3
17,13,0,68,-89,-16,62,62,-42,3
50,32,-75,93,-123,-23,56,107,-49,3
0,3,-46,81,105,-15,50,3,-46,3
50,3,-25,54,53,-5,51,46,-12,3
8,0,-25,48,30,-6,12,25,6,3
0,3,-20,37,29,-7,37,1,39,3
4,26,-35,42,37,-10,26,1,0,3
38,51,-37,88,57,-12,37,0,-50,3
114,52,-16,117,90,-13,5,23,-57,3
115,0,0,115,114,3,103,1,0,3
21,26,0,97,98,0,22,46,0,3
50,6,0,51,83,3,1,27,0,3
12,0,0,39,51,0,12,50,0,3
0,0,7,27,48,7,2,39,0,3
1,3,1,39,54,1,12,51,0,3
60,26,3,72,86,0,56,86,0,3
29,6,-11,87,-122,-10,3,33,-60,3
100,46,-49,101,-106,-32,100,103,-87,3
100,1,-50,110,107,-24,107,6,-50,3
80,12,-23,80,63,-19,53,63,-44,3
50,8,-24,51,37,-9,50,37,-23,3
13,3,-23,40,28,-9,12,28,15,3
7,7,-37,44,35,-12,37,3,37,3
51,9,-22,51,48,-9,55,1,-22,3
0,4,-9,83,79,-1,31,76,-14,3
31,9,-5,89,-124,-7,0,31,-37,3
100,0,3,101,116,16,100,0,13,3
15,3,0,67,116,23,3,3,16,3
50,3,12,51,103,19,1,0,18,3
28,3,0,41,66,6,0,50,0,3
14,13,0,40,39,1,12,14,0,3
4,6,0,35,36,0,4,3,0,3
51,12,-9,61,73,-1,7,73,73,3
101,4,-12,101,-100,-6,0,53,-37,3
-105,14,-37,-98,115,-34,-105,114,-87,3
-123,25,-49,121,70,-34,1,1,-35,3
0,18,-31,71,44,-28,62,0,-48,3
6,0,-30,35,41,-25,4,0,11,3
1,10,-17,14,35,-16,1,32,25,3
37,28,-18,37,41,-17,25,0,25,3
65,1,-12,67,37,-2,54,37,-43,3
37,0,-24,87,56,-7,0,50,-32,3
51,0,17,91,-82,24,91,23,7,3
106,31,8,106,-112,8,106,0,6,3
3,17,10,49,92,12,21,62,2,3
25,4,0,41,51,0,40,1,0,3
28,2,1,29,39,1,3,37,1,3
37,66,-1,45,66,-1,8,15,4,3
68,14,-25,93,67,-22,37,1,25,3
125,41,-98,126,48,-48,25,32,-48,3
101,40,-83,-126,45,-64,104,25,-90,3
100,25,-99,105,44,-74,102,32,-100,3
3,32,-50,90,32,-49,40,7,-50,3
1,19,-20,29,23,-13,25,25,0,3
33,2,-14,33,27,0,8,26,20,3
25,3,-11,37,43,0,37,13,0,3
3,125,18,42,125,18,28,25,0,3
0,3,25,50,-96,25,0,53,0,3
76,26,12,89,-110,19,76,7,0,3
3,25,8,54,125,12,50,25,8,3
46,0,1,53,76,6,3,26,6,3
50,71,-15,50,71,-2,50,18,-24,3
3,50,-21,53,51,-14,50,50,-24,3
57,9,-21,73,-1,-7,0,-93,0,3
0,2,1,69,17,11,6,1,6,3
100,18,-99,121,26,-63,0,25,-92,3
107,7,-96,121,61,-57,107,11,-100,3
100,26,-80,102,29,-55,102,26,-98,3
80,13,-46,80,39,-26,54,50,-23,3
0,6,-9,39,82,0,14,81,12,3
12,26,3,23,88,11,21,13,8,3
0,51,1,0,77,14,0,2,0,3
0,53,0,50,85,0,50,50,0,3
50,3,7,50,123,10,50,10,9,3
6,19,14,33,-82,14,26,19,0,3
12,0,16,57,-104,24,0,50,4,3
50,3,9,51,103,11,0,3,0,3
3,3,5,47,53,5,41,3,0,3
37,0,-12,48,29,-3,15,25,-24,3
3,0,0,35,12,1,7,12,1,3
0,14,-25,57,21,-16,6,20,56,3
103,37,-70,110,39,-70,3,0,-75,3
101,11,-86,126,36,-55,101,11,-81,3
107,12,-85,-122,67,-60,32,67,-62,3
6,26,-23,93,80,-23,18,79,-23,3
64,15,-23,53,83,-4,0,82,-6,3
0,7,6,4,82,6,1,81,0,3
12,0,0,16,53,12,4,53,0,3
12,3,0,38,59,0,38,50,0,3
0,39,12,50,99,19,0,17,19,3
2,15,14,36,-90,20,37,16,21,3
102,32,0,102,-106,0,0,42,0,3
0,28,2,84,91,2,9,28,1,3
56,0,0,68,51,3,50,51,3,3
14,2,0,46,33,4,27,7,1,3
39,6,-5,39,34,0,10,4,10,3
0,1,0,32,20,2,6,6,2,3
53,1,-23,77,23,-12,2,6,62,3
115,12,-62,117,43,-52,1,25,-77,3
118,54,-96,123,85,-57,118,26,-99,3
103,26,-30,111,-110,-30,102,101,-46,3
37,1,-29,38,114,-4,0,14,-12,3
0,25,0,0,75,10,0,75,6,3
1,25,8,8,48,8,6,3,1,3
3,27,0,17,46,5,15,6,0,3
25,14,0,37,89,12,25,63,0,3
0,0,0,56,-85,23,56,50,6,3
66,3,1,104,-107,9,0,40,0,3
100,12,-8,114,68,-2,114,50,-40,3
50,19,0,53,44,1,0,43,0,3
3,0,-18,28,43,-4,3,6,-23,3
34,3,-6,36,28,-2,36,3,-5,3
0,12,0,42,16,0,15,0,0,3
3,30,-48,91,30,-26,63,3,-26,3
125,7,-50,125,48,-48,25,43,-98,3
101,12,-93,126,112,-42,101,12,-49,3
18,25,-36,95,-111,-26,26,100,-27,3
5,0,0,12,111,6,12,10,0,3
38,0,3,-10,70,16,64,70,12,3
0,33,7,12,33,10,12,26,7,3
15,31,6,23,36,9,1,32,6,3
51,127,3,71,-122,10,1,0,9,3
51,42,25,51,-56,25,51,51,12,3
100,2,0,125,111,2,25,10,2,3
75,0,0,78,50,1,0,0,1,3
0,43,3,27,43,3,0,37,3,3
25,3,-14,25,30,-2,0,4,-8,3
0,0,-23,35,25,-6,25,0,25,3
0,9,-50,75,23,-24,75,17,-24,3
112,0,-65,121,28,-51,6,25,-94,3
100,51,-100,-118,83,-74,-118,1,-99,3
31,40,-25,83,-113,-25,0,42,-50,3
62,25,2,69,-122,2,55,14,6,3
1,3,0,26,72,3,26,65,3,3
25,25,-18,31,40,-5,25,28,50,3
1,4,6,29,37,6,25,29,0,3
10,8,5,60,99,12,10,43,8,3
37,50,1,44,-74,11,33,69,0,3
62,18,7,87,-110,10,0,26,7,3
28,10,-7,85,72,0,32,57,-42,3
65,19,-29,65,49,-4,12,43,-25,3
0,48,0,32,49,0,32,16,0,3
0,31,5,26,33,5,0,29,4,3
16,12,5,41,14,5,16,1,1,3
3,34,-37,97,42,-17,71,37,6,3
-124,53,-46,-120,53,-39,28,53,-98,3
100,0,-37,-123,119,-34,125,107,-47,3
12,0,-18,44,-98,-6,3,101,0,3
56,15,-42,58,115,-4,50,100,1,3
5,0,0,18,69,1,4,62,1,3
25,34,0,25,48,0,25,10,0,3
7,40,1,45,41,2,7,40,1,3
53,78,0,59,92,22,67,3,2,3
0,50,1,50,-70,17,50,34,12,3
117,0,2,122,107,-1,107,7,-49,3
0,3,0,80,60,0,27,7,0,3
56,3,-15,56,35,-2,6,32,-34,3
17,7,-11,42,22,0,39,10,-32,3
15,3,-9,49,22,-8,28,13,3,3
56,13,-15,64,25,-15,12,25,9,3
7,0,-50,87,38,-25,36,37,-25,3
105,53,3,118,85,-58,16,57,-59,3
37,38,-46,93,-115,-14,42,127,-43,3
21,6,-49,71,-99,-24,0,106,-25,3
25,1,-25,16,92,-12,3,91,-12,3
1,0,-12,26,57,-10,25,50,1,3
25,26,6,25,26,6,25,25,6,3
50,1,12,51,60,12,50,19,1,3
39,-105,4,96,-103,5,96,52,0,3
101,9,0,-120,99,-7,25,43,-57,3
-116,0,-11,-113,57,-9,104,1,-48,3
29,6,5,42,32,5,37,32,5,3
25,0,-25,41,21,-10,37,28,-25,3
20,22,-25,24,24,-12,3,6,0,3
0,0,-10,38,12,0,37,12,23,3
3,1,-50,93,21,-21,12,8,3,3
126,62,-59,127,62,-59,27,50,-59,3
112,31,-46,112,-111,-21,75,117,-50,3
0,37,-46,58,-64,-21,6,75,-46,3
43,3,-24,46,116,-8,37,100,-21,3
6,3,-25,7,65,-5,6,50,-5,3
37,25,-25,42,34,-10,15,6,39,3
37,1,-25,37,51,-5,41,50,18,3
25,76,0,93,83,-22,43,50,-73,3
110,50,-42,124,57,-25,3,50,-82,3
-101,0,-11,-101,58,-11,101,2,-61,3
25,13,-9,91,38,-7,28,25,-48,3
58,12,-21,62,41,-20,12,0,-36,3
0,0,-5,37,7,-5,37,6,-30,3
25,1,0,35,8,3,35,8,0,3
62,4,-24,69,29,-7,62,29,26,3
87,0,0,89,112,0,62,12,0,3
0,41,-24,10,-56,-17,0,-108,-75,3
53,51,-48,78,-73,-17,3,50,-50,3
0,25,-24,52,-127,-9,2,28,-35,3
51,0,-15,51,76,-1,0,1,-7,3
31,21,1,33,48,1,6,37,0,3
25,0,-33,28,50,-8,28,0,37,3
6,32,-25,43,35,-5,18,25,-5,3
26,6,-43,92,82,-16,42,32,-43,3
103,32,45,105,82,-4,1,50,-43,3
100,25,0,116,76,-4,103,25,-55,3
28,3,-12,96,68,-5,20,53,-47,3
75,6,-15,76,68,-2,25,18,-27,3
3,81,12,10,81,14,3,50,14,3
3,4,6,41,73,-1,28,53,3,3
17,1,6,43,62,6,4,1,0,3
39,33,0,48,83,0,3,10,1,3
14,0,-21,89,125,-13,26,0,-63,3
56,25,-47,96,-123,-16,21,100,-50,3
38,13,-34,88,121,-26,12,15,-40,3
81,0,-25,84,67,-21,75,64,-21,3
0,25,-17,41,37,-1,12,25,0,3
40,12,0,41,23,1,28,9,0,3
50,32,-24,56,35,-11,6,3,25,3
1,52,0,83,52,-18,33,0,-68,3
42,51,-21,99,64,-7,87,50,-50,3
122,30,0,123,80,-17,124,37,-50,3
100,31,-11,100,96,-9,100,39,-48,3
59,26,-14,61,85,-14,7,34,-23,3
50,1,-14,55,57,0,54,6,-26,3
0,12,9,32,63,9,26,63,6,3
14,3,0,49,66,12,16,25,0,3
13,1,-67,63,-125,-14,1,0,4,3
38,53,-25,92,-95,-25,75,100,-79,3
101,16,-43,114,117,-43,13,13,-93,3
0,12,-50,83,69,-38,50,6,-39,3
12,28,-24,37,36,-10,0,25,2,3
7,5,0,20,24,-2,12,17,25,3
26,25,-1,30,28,-1,3,3,1,3
0,15,-22,63,48,-16,12,44,-42,3
32,31,1,97,48,1,9,23,0,3
-106,0,0,-96,116,3,101,0,0,3
38,28,6,93,-125,9,90,3,6,3
6,1,-12,61,107,-9,3,6,-25,3
28,6,6,41,57,7,38,51,6,3
26,13,6,33,42,9,25,3,9,3
25,14,12,28,39,14,25,37,13,3
6,34,0,34,97,1,6,21,0,3
14,7,1,39,-98,4,14,50,4,3
37,50,-48,87,-104,-10,37,100,-37,3
40,3,-44,99,112,-19,17,101,-49,3
75,12,-23,75,72,-17,51,63,-23,3
12,29,-18,39,49,-5,0,39,-6,3
0,31,-6,26,32,-6,26,31,31,3
19,11,-17,48,36,-5,3,28,7,3
20,51,-14,71,51,0,21,51,-49,3
109,1,19,109,107,19,12,12,19,3
30,25,0,87,-117,10,8,25,4,3
12,6,13,62,106,14,12,0,0,3
39,19,4,45,74,11,39,10,5,3
0,0,0,39,50,6,39,0,0,3
0,12,1,37,42,13,14,21,0,3
25,12,13,38,92,13,25,50,0,3
0,51,0,59,-104,3,50,100,0,3
37,0,7,46,-102,7,46,53,0,3
100,0,-21,101,109,-20,100,100,-48,3
70,17,-19,70,67,-19,53,64,-24,3
21,0,-20,48,37,-8,6,37,-8,3
50,1,-15,50,26,-1,0,26,32,3
50,0,0,50,28,0,0,25,0,3
76,0,-15,76,52,-1,75,52,-25,3
102,10,13,102,85,13,100,20,0,3
39,1,9,99,108,9,2,0,0,3
100,1,-9,105,95,-3,105,25,-50,3
1,0,-19,79,81,0,25,25,-35,3
50,9,0,53,60,0,3,6,0,3
62,12,4,71,42,5,63,39,0,3
56,0,3,57,61,5,50,8,1,3
75,25,-31,69,95,-5,0,26,25,3
15,0,-45,67,105,-20,55,2,-73,3
100,32,-46,109,83,-33,103,25,-46,3
12,0,-50,88,73,-25,12,65,-50,3
63,0,-37,66,51,-12,50,50,-12,3
54,15,-31,58,44,-3,0,37,12,3
0,12,0,44,39,2,18,0,1,3
50,17,0,50,68,2,50,55,0,3
18,9,1,68,111,1,56,101,1,3
9,31,12,73,-122,14,60,31,1,3
50,25,4,96,119,5,96,18,1,3
12,13,1,89,89,1,14,14,0,3
62,10,0,69,48,0,0,37,0,3
50,0,4,51,25,4,0,25,1,3
50,0,0,54,28,3,1,28,3,3
50,0,0,53,54,1,6,50,0,3
6,25,-25,82,81,-12,57,0,-25,3
100,1,-18,106,-123,-18,106,107,-50,3
37,25,-50,89,-124,-12,1,100,-62,3
0,0,-44,62,112,-12,50,100,-37,3
51,0,-17,52,69,-14,7,62,12,3
0,18,0,19,46,1,6,43,1,3
31,28,0,35,48,3,3,12,3,3
65,25,0,73,97,0,51,94,0,3
26,0,-6,93,124,-6,89,5,-50,3
100,50,-20,-114,69,-19,102,4,-65,3
25,0,0,91,50,0,0,0,0,3
0,12,-6,75,40,-7,25,40,-33,3
50,0,-23,50,38,-13,0,0,-39,3
10,4,-8,35,30,-1,6,26,-11,3
50,25,-12,51,44,-12,3,7,12,3
78,0,-24,91,53,-11,16,50,25,3
2,25,-29,39,-114,10,1,41,4,3
2,51,3,52,-62,3,50,117,0,3
3,41,-37,53,-113,-9,0,41,-46,3
1,31,-24,52,96,-9,51,14,-8,3
7,9,-17,32,62,0,25,50,6,3
32,12,0,30,40,6,27,12,6,3
3,14,0,40,43,1,0,41,0,3
3,86,4,73,87,5,6,34,3,3
107,63,2,107,88,-7,0,50,-50,3
105,7,-6,-119,87,-6,101,8,-50,3
25,2,8,89,57,8,12,7,6,3
53,6,0,59,36,3,3,35,0,3
7,3,-10,35,23,-1,0,9,-40,3
2,44,-23,40,44,-4,15,0,12,3
40,1,1,41,58,8,16,57,0,3
0,0,10,43,117,13,38,3,0,3
37,66,0,44,-63,4,38,92,4,3
50,51,3,62,-95,9,12,101,3,3
32,38,0,44,-112,9,26,38,3,3
62,25,-12,66,88,-1,50,88,-20,3
0,0,2,34,53,2,31,37,1,3
7,0,4,35,35,5,10,32,1,3
9,12,-14,36,40,-2,29,28,47,3
0,62,-6,59,62,-3,59,62,-25,3
12,29,0,63,85,9,0,31,9,3
39,8,0,92,111,17,88,16,1,3
7,0,1,58,-103,32,6,0,6,3
31,9,9,31,109,23,25,0,23,3
12,12,1,37,68,17,37,5,17,3
0,4,1,25,48,5,0,40,3,3
1,7,0,26,46,5,0,13,0,3
12,13,-35,47,90,-3,34,90,76,3
12,0,12,37,-122,16,25,25,3,3
1,21,0,18,-83,13,0,100,13,3
0,38,13,53,-108,15,3,40,0,3
6,12,12,48,112,16,6,12,12,3
0,1,3,34,60,10,28,53,3,3
0,6,6,28,33,8,28,6,1,3
0,0,0,25,26,6,25,0,6,3
0,50,17,26,67,-7,26,54,-58,3
8,1,0,71,107,0,63,1,0,3
31,1,25,81,-104,25,0,0,0,3
25,26,19,40,126,47,12,25,12,3
23,16,6,23,123,44,21,18,19,3
62,12,34,-10,65,34,-62,51,31,3
57,0,25,-1,51,27,20,50,2,3
0,7,1,9,58,15,3,56,1,3
27,28,7,27,91,7,2,3,6,3
0,37,3,7,-115,16,6,-127,0,3
0,25,-10,32,-80,-7,26,75,-57,3
50,0,-9,88,-103,-8,88,50,-36,3
0,7,-12,65,82,-8,65,6,-12,3
9,0,0,46,28,0,12,25,1,3
14,2,3,21,15,4,12,2,0,3
7,6,-12,50,44,-3,0,0,26,3
0,2,0,50,61,6,0,56,6,3
18,12,17,94,87,17,6,75,1,3
38,0,26,88,106,33,13,6,0,3
28,3,4,91,-126,17,13,29,17,3
3,6,0,44,108,18,25,1,2,3
26,1,3,45,57,3,39,50,3,3
4,15,0,29,41,1,1,3,0,3
1,8,0,26,49,3,25,28,3,3
58,3,15,58,103,22,7,103,22,3
3,25,2,74,-68,2,55,100,-40,3
-106,50,0,-80,89,-49,125,12,-99,3
106,1,-46,119,52,-46,119,51,-46,3
37,6,-10,47,33,-10,12,1,-12,3
1,10,-15,33,24,-14,26,21,3,3
29,24,-25,28,22,-23,28,15,1,3
3,0,-25,42,15,-17,25,0,7,3
6,1,15,85,21,-8,29,18,-58,3
106,13,18,107,66,-3,0,50,-59,3
102,6,9,105,-99,22,100,6,21,3
114,4,13,117,-89,-5,100,16,-49,3
8,12,4,21,94,24,21,43,3,3
58,0,25,-3,50,25,-50,0,25,3
7,1,6,7,27,20,0,2,18,3
0,3,11,3,59,11,0,50,0,3
6,37,16,31,-115,17,25,43,22,3
46,37,3,46,-68,11,0,87,6,3
104,53,-37,-125,-102,-35,105,103,-48,3
12,6,-34,93,57,-27,42,0,-33,3
50,1,4,50,35,-7,50,35,-7,3
6,12,0,20,18,-3,1,6,3,3
4,8,-24,35,37,-22,4,7,50,3
50,25,-20,54,29,-19,53,29,-21,3
15,2,0,90,46,-20,28,1,-75,3
100,16,1,100,22,1,100,7,0,3
100,14,3,-104,123,3,113,1,1,3
0,26,1,80,127,8,28,27,0,3
53,2,0,53,89,3,0,63,3,3
13,7,0,15,73,6,14,66,0,3
0,2,9,27,43,11,26,25,3,3
13,7,12,13,71,13,15,25,0,3
11,9,7,61,-120,11,50,110,2,3
118,0,1,121,-109,-37,107,20,-98,3
105,75,-46,-113,79,-46,100,1,-50,3
19,18,0,96,46,-30,25,3,-31,3
25,0,-9,47,28,-3,14,3,0,3
20,0,-10,21,25,-7,1,25,26,3
25,10,-10,28,23,-10,0,4,26,3
0,25,-37,57,26,-12,56,0,-50,3
100,25,-17,107,29,-14,107,3,-42,3
-118,28,9,-112,-125,21,58,28,20,3
6,25,6,58,-73,31,6,7,6,3
0,3,3,55,-121,3,4,34,3,3
7,3,0,8,78,0,2,50,0,3
0,4,8,12,42,8,0,14,8,3
6,6,-3,43,33,-1,31,13,23,3
80,7,0,80,83,1,0,6,0,3
100,50,-34,113,-109,-29,13,21,-50,3
100,54,-47,-114,54,-44,-126,1,-50,3
105,5,8,105,61,-38,105,56,-42,3
2,12,-46,58,41,-38,53,14,-49,3
31,0,-22,47,25,-22,3,25,-22,3
5,0,-21,36,26,-9,31,0,15,3
7,25,-6,46,28,-4,13,0,26,3
50,20,-4,63,46,-4,51,32,-16,3
25,-93,0,83,-86,13,2,54,30,3
3,25,20,47,-57,20,12,34,18,3
112,1,1,113,117,1,100,3,1,3
49,15,-5,49,66,-2,22,13,-27,3
15,6,-10,48,35,-10,34,32,-24,3
50,1,-10,50,43,-3,0,3,0,3
50,3,-18,75,80,-14,25,25,28,3
109,18,-49,110,71,-35,3,12,0,3
100,51,-48,108,64,-35,1,62,-85,3
100,0,-73,102,67,-63,100,65,-89,3
26,6,-65,92,32,-53,26,2,-87,3
68,18,-50,73,21,-39,64,7,-48,3
23,6,-17,49,6,-17,3,6,-25,3
50,5,-8,50,18,-1,0,5,44,3
64,0,-12,64,78,-12,0,0,37,3
12,1,0,15,-122,28,0,104,6,3
25,43,6,81,-110,7,75,45,0,3
50,37,0,81,-112,3,0,43,0,3
5,4,18,74,105,-1,14,0,-39,3
50,0,0,64,78,0,0,25,0,3
56,0,0,69,57,-8,18,2,-12,3
50,1,0,51,14,-8,50,0,3,3
56,26,-50,61,30,-4,51,30,12,3
13,21,-50,66,24,-39,1,1,6,3
100,44,25,100,48,-70,0,11,-71,3
103,3,-73,117,28,-72,112,0,-96,3
18,28,-48,94,28,-48,38,3,-50,3
50,7,-18,58,108,-16,8,7,-17,3
8,25,0,33,89,0,0,75,0,3
12,3,1,12,73,14,12,16,12,3
3,6,0,29,81,1,6,31,6,3
25,1,0,28,118,19,28,16,19,3
16,25,0,75,-122,12,50,31,0,3
25,7,0,91,-123,3,13,6,3,3
53,7,0,65,83,0,15,32,-32,3
62,1,-6,68,33,-6,12,27,-8,3
0,8,-4,44,20,-4,44,20,14,3
25,0,-23,51,26,-4,1,1,6,3
25,37,-40,93,41,-40,0,41,0,3
101,38,1,112,38,-41,2,0,-91,3
106,0,-67,121,49,-53,113,40,-56,3
114,14,-35,118,70,-35,104,0,-49,3
51,1,-18,67,75,-10,3,0,1,3
0,6,0,44,57,0,31,50,0,3
0,0,3,12,64,9,12,1,9,3
34,13,4,34,63,11,9,0,3,3
65,101,1,65,110,14,15,7,14,3
62,6,0,88,-99,14,50,50,12,3
106,17,9,107,-113,10,100,26,0,3
78,17,1,84,68,11,34,12,4,3
62,0,0,62,30,0,50,25,0,3
0,6,6,37,19,6,12,0,6,3
9,0,1,34,23,1,0,19,0,3
59,0,9,59,17,-2,50,15,12,3
21,1,-37,105,41,-33,105,41,13,3
114,10,6,114,60,-43,14,7,-99,3
34,1,0,85,115,-9,32,0,-48,3
104,27,-23,111,-125,-23,102,103,-47,3
50,9,3,52,86,3,52,79,0,3
18,0,-7,24,79,-1,3,76,-6,3
0,4,0,41,73,0,3,9,0,3
50,25,-12,63,78,-9,62,25,63,3
90,34,26,90,34,-4,37,23,0,3
101,2,-21,-126,52,-21,26,51,-46,3
101,26,56,114,46,-21,14,25,-75,3
100,29,0,109,35,-23,100,0,-48,3
62,3,-8,66,10,-2,0,3,-46,3
7,45,6,49,45,6,31,50,-25,3
45,34,8,45,35,11,0,25,5,3
6,9,0,32,60,12,26,50,12,3
31,3,-37,97,-127,-29,16,103,14,3
4,53,15,67,-102,17,0,53,15,3
56,7,-46,57,-98,-15,0,100,-49,3
0,0,0,69,100,0,6,0,0,3
12,7,-12,42,56,-3,25,56,-3,3
3,0,-15,47,32,-3,0,0,21,3
25,0,0,33,25,4,1,0,1,3
103,50,-12,103,55,-10,103,50,-74,3
103,54,0,124,85,0,6,35,0,3
100,16,0,125,88,6,100,25,6,3
75,14,9,78,67,10,25,4,0,3
53,6,-10,53,60,-4,50,0,-29,3
0,3,1,47,41,11,25,3,7,3
0,0,3,35,62,5,7,12,4,3
5,10,0,51,94,1,0,0,0,3
0,37,16,57,94,17,57,25,14,3
26,6,-9,80,-99,-3,4,106,-37,3
100,1,-25,100,-123,-23,100,100,-50,3
15,26,-24,91,82,-24,75,0,-25,3
50,1,-15,50,53,-13,50,0,-13,3
12,5,-5,43,37,-4,12,28,-10,3
37,28,-9,40,35,-3,2,6,59,3
12,25,-15,46,32,-1,21,0,31,3
10,42,1,85,42,2,53,12,0,3
100,18,0,119,93,7,0,6,0,3
116,12,3,116,-113,10,116,26,6,3
0,20,8,70,121,11,14,13,9,3
31,12,1,43,73,15,25,1,0,3
1,19,4,48,44,5,0,44,0,3
25,1,1,31,39,12,1,37,0,3
50,1,6,67,86,-15,54,86,28,3
100,0,-92,112,110,-41,112,9,-42,3
102,16,-37,121,66,-37,113,53,-87,3
103,0,-40,122,66,-37,113,62,-46,3
6,0,-48,85,51,-36,51,18,-49,3
52,25,-21,55,27,-21,4,25,-25,3
0,25,-18,28,31,-16,0,25,-17,3
7,17,-9,46,43,-9,38,12,25,3
50,1,3,65,76,5,51,25,3,3
13,125,6,41,-126,33,0,37,25,3
42,37,21,92,-111,21,67,44,18,3
40,12,0,91,118,1,0,0,0,3
0,26,0,57,77,6,0,25,6,3
51,2,-8,51,58,0,0,7,-14,3
0,5,0,46,55,0,48,1,0,3
53,7,-18,59,44,-6,53,25,31,3
95,26,-47,99,44,-21,10,13,25,3
112,4,1,120,48,-42,12,16,-49,3
109,0,-50,-121,28,-50,-121,28,-100,3
114,40,-62,114,41,-55,102,39,-92,3
66,3,-25,66,28,-19,66,3,-21,3
57,12,0,58,44,0,8,25,0,3
27,0,0,30,59,9,4,56,9,3
0,3,10,16,85,12,15,51,1,3
0,6,0,27,109,13,2,103,0,3
50,26,0,80,-122,17,1,0,17,3
56,2,18,83,-97,19,75,6,19,3
6,25,0,82,126,6,7,25,0,3
75,0,-4,75,50,-4,25,0,-29,3
51,1,-21,54,19,-8,53,0,-11,3
3,0,0,35,17,3,10,12,0,3
25,19,-12,39,22,-16,12,12,7,3
4,34,-46,80,36,-33,53,29,0,3
117,1,16,123,32,-51,20,6,-80,3
109,1,-63,123,39,-51,101,39,-96,3
107,4,-23,110,110,-23,103,4,-24,3
25,1,-9,20,103,-1,7,103,0,3
31,4,0,35,80,3,29,75,3,3
0,31,9,11,45,12,5,8,3,3
50,6,0,53,59,1,50,56,1,3
25,-118,4,78,-112,10,75,6,0,3
103,6,2,117,-93,6,15,6,0,3
125,26,12,127,82,-6,100,32,-50,3
69,16,-11,69,49,-9,0,45,-37,3
6,27,0,33,27,1,33,26,0,3
25,1,-12,25,26,-12,25,25,-25,3
10,12,-9,38,12,-7,37,0,0,3
68,8,-23,69,8,-14,18,7,26,3
125,0,-62,127,34,-55,26,6,-92,3
106,3,-41,-124,103,-37,125,100,-44,3
-118,25,-49,-113,-120,-30,126,35,-30,3
35,28,-24,42,89,-6,28,13,-7,3
4,20,0,30,70,0,25,51,0,3
25,0,7,25,58,8,0,2,2,3
0,14,3,28,64,4,28,50,1,3
0,106,12,64,106,18,50,0,0,3
25,0,0,99,-110,7,72,39,6,3
100,7,6,-115,82,-13,115,0,-47,3
1,3,0,94,37,1,19,12,0,3
32,0,-1,45,35,0,31,25,-35,3
3,0,0,30,17,-8,0,1,0,3
10,15,-12,37,23,-11,0,16,12,3
82,7,-49,83,19,-23,82,7,26,3
-124,6,-75,-107,33,-56,43,26,-56,3
106,0,-50,-111,100,-35,100,100,-87,3
100,7,-49,-104,119,-30,100,13,-31,3
28,0,0,21,98,2,7,96,1,3
8,18,-4,23,73,0,14,68,14,3
25,26,1,25,49,2,0,15,2,3
6,0,0,35,53,13,6,0,0,3
28,100,0,80,101,8,30,0,1,3
106,0,43,121,-117,-3,10,3,0,3
101,25,25,-115,75,-15,102,25,-50,3
7,17,0,86,42,0,25,3,0,3
52,3,0,52,35,0,2,35,0,3
1,6,-5,39,23,-5,0,20,-18,3
12,3,3,40,16,-6,28,0,-5,3
50,3,-10,59,11,-7,6,9,17,3
14,28,-39,102,47,-30,1,7,0,3
100,33,12,121,96,-29,6,95,-98,3
100,51,-43,-118,-104,-31,112,101,-50,3
27,28,-17,77,-127,-16,12,100,-45,3
14,19,0,17,121,-4,2,100,-6,3
12,0,-12,47,67,-11,21,54,0,3
45,0,-21,45,52,-8,0,2,40,3
67,0,0,73,31,-13,73,6,-21,3
25,14,6,94,21,-15,28,0,-67,3
112,0,7,121,53,-13,12,3,-71,3
125,25,4,125,48,-31,125,14,-84,3
0,0,0,87,17,-23,12,3,-50,3
51,1,0,64,1,-11,13,0,-37,3
55,0,-6,61,22,-3,0,12,2,3
50,31,0,56,34,0,50,3,0,3
52,12,0,61,76,-2,51,25,3,3
1,18,0,71,119,0,18,119,0,3
100,21,-20,110,-82,-20,109,62,-46,3
100,1,-25,108,-90,-25,106,114,-75,3
15,1,-25,97,102,-20,34,100,-48,3
56,0,-12,59,28,-5,6,25,7,3
25,25,-17,25,27,-3,0,27,32,3
34,0,-23,35,26,-9,25,26,25,3
50,22,-49,51,23,-14,50,3,-48,3
103,0,3,104,28,-19,101,3,-46,3
103,25,16,122,29,-7,110,28,-57,3
-127,18,21,-127,69,-3,100,12,-42,3
0,4,0,86,92,-5,36,51,-36,3
52,6,-1,64,62,-1,42,50,0,3
0,0,15,21,62,16,6,62,0,3
3,6,0,33,66,4,0,66,0,3
12,20,-31,70,95,-3,7,45,45,3
18,32,2,72,-123,-3,53,0,-67,3
100,38,-43,125,-114,-26,100,113,-76,3
108,32,-43,108,82,-28,107,82,-36,3
62,0,-25,65,50,-12,64,50,-12,3
10,0,-5,35,37,-1,25,37,20,3
32,0,-6,33,31,-6,26,25,50,3
31,0,-10,49,25,-7,57,25,-24,3
104,31,-12,110,33,-10,100,31,-50,3
105,39,0,117,95,7,2,51,7,3
100,0,0,107,-125,5,100,0,3,3
1,31,3,64,98,3,12,36,3,3
14,9,-3,42,73,0,25,3,0,3
0,3,15,14,42,17,14,4,14,3
6,4,-18,26,43,1,25,30,0,3
3,7,-19,78,107,-7,53,101,63,3
124,37,12,-106,-116,-26,0,14,-48,3
-99,68,-44,-98,98,-12,117,28,-50,3
116,0,0,116,53,-35,16,3,-50,3
0,20,-37,55,46,-32,55,2,-35,3
5,12,-24,30,37,-24,5,37,0,3
25,26,-23,26,26,-13,0,1,32,3
7,0,-12,45,19,-6,2,7,0,3
3,28,0,78,29,2,28,3,0,3
-127,0,0,121,101,23,14,1,1,3
101,1,0,-116,120,9,100,6,0,3
0,0,6,75,100,7,0,0,0,3
26,3,-5,46,67,-5,20,13,-30,3
7,0,0,23,66,4,1,3,3,3
6,0,0,21,55,10,20,3,3,3
0,9,0,56,73,4,0,1,3,3
3,40,-10,84,-106,-9,59,112,-36,3
103,42,-24,111,-113,-24,106,26,-49,3
-116,26,-50,-113,76,-35,114,0,-37,3
0,18,-25,62,40,-18,55,1,-25,3
9,0,-25,34,35,-8,28,35,-11,3
1,3,-25,39,35,-14,39,35,6,3
7,9,-23,44,35,-13,38,0,29,3
77,0,0,77,38,-6,25,25,-62,3
48,27,1,98,33,1,0,28,7,3
103,29,25,-102,-119,-5,100,34,-48,3
26,18,1,92,123,11,12,0,10,3
42,15,-12,49,96,-4,30,37,-29,3
6,1,6,32,52,9,25,0,3,3
6,6,-4,43,46,-1,28,1,-1,3
51,11,-2,57,61,-1,0,5,22,3
62,0,1,69,106,1,50,6,0,3
103,2,-35,103,114,-25,0,13,-28,3
-127,38,-32,-127,89,-32,100,50,-45,3
103,9,-31,103,62,-30,100,56,-31,3
0,14,-25,66,42,-25,62,2,-25,3
18,3,-18,44,28,-17,31,28,0,3
3,6,-18,34,31,-15,6,0,31,3
0,25,-9,44,39,-7,6,25,14,3
0,50,3,82,52,-6,57,51,-78,3
119,19,4,119,121,12,12,2,8,3
100,39,15,-127,-113,15,103,0,12,3
28,8,4,90,121,4,12,8,3,3
63,6,-4,66,82,-3,3,6,-23,3
6,9,-6,35,48,-5,39,13,-23,3
56,1,9,59,40,-3,3,40,28,3
78,12,-25,78,64,-10,28,51,-10,3
5,1,-25,99,67,-21,90,0,-25,3
101,0,-45,113,57,-33,100,56,-34,3
100,4,-37,109,52,-40,106,2,-46,3
17,4,-37,99,30,-30,56,28,-37,3
64,0,-24,70,26,-23,64,26,-25,3
20,4,-23,45,29,-14,25,29,9,3
50,14,-12,57,40,-5,56,15,50,3
53,6,-8,58,78,1,56,53,1,3
12,5,10,66,-119,10,0,25,3,3
52,21,3,80,-84,15,55,1,0,3
105,12,1,105,-118,2,104,0,2,3
6,12,0,87,88,-4,8,25,-41,3
56,0,-12,74,33,0,24,33,-30,3
7,0,-13,49,16,0,25,16,-6,3
25,6,1,26,21,7,0,0,0,3
6,0,-12,31,26,-5,25,25,6,3
118,1,-62,121,48,-61,103,10,-86,3
-125,1,-60,-119,7,-57,100,6,-84,3
106,15,-75,-122,66,-62,-122,65,-100,3
62,2,-11,68,92,-11,56,14,-11,3
12,0,-23,13,83,-9,12,83,12,3
26,0,0,26,50,14,25,50,14,3
0,21,3,25,52,16,0,1,16,3
31,107,20,33,107,23,25,6,1,3
13,26,3,49,-113,30,36,0,1,3
51,7,3,92,-98,4,0,0,0,3
100,2,0,100,108,1,100,7,0,3
75,6,0,78,44,0,25,36,-35,3
24,28,-10,49,30,-1,5,0,-38,3
18,19,0,45,23,0,12,15,0,3
28,26,-6,46,29,-6,25,4,31,3
57,7,-25,58,32,-12,1,7,12,3
0,1,-23,75,35,-12,7,37,32,3
102,9,-46,121,60,-38,14,51,-46,3
106,0,-23,120,102,-23,18,100,-49,3
127,0,-49,-125,113,-32,-125,12,-32,3
41,6,-5,41,106,-4,38,100,-17,3
6,26,0,24,72,4,17,62,4,3
25,0,0,26,53,0,25,0,0,3
50,12,0,52,63,3,51,12,0,3
0,76,1,78,90,5,25,52,3,3
112,25,13,118,81,-5,12,31,-43,3
-106,0,0,-104,69,-6,106,0,-56,3
0,15,-1,88,46,-1,25,31,-48,3
51,0,-9,55,35,-8,3,28,-36,3
12,2,-16,38,30,-12,0,3,-23,3
50,0,-20,51,28,-8,1,25,0,3
66,26,-25,66,30,-8,6,3,38,3
100,29,-17,109,80,-17,103,1,1,3
39,9,-10,90,123,-3,75,15,-67,3
110,28,-21,112,-125,-20,108,102,-45,3
12,0,-21,44,110,-20,38,7,-45,3
50,0,-25,51,79,-5,2,75,-6,3
50,8,-24,51,58,-5,0,0,12,3
3,25,0,46,46,0,15,12,0,3
62,0,-6,63,51,-2,50,50,6,3
112,3,-21,112,72,-20,112,63,-48,3
-122,25,6,-118,75,-17,25,25,-68,3
112,6,6,112,57,-15,100,6,-74,3
0,25,0,87,27,-13,12,27,-50,3
17,14,-4,48,14,-4,39,1,-17,3
0,6,0,37,21,0,37,12,0,3
64,5,-11,64,36,-5,12,17,10,3
50,28,-35,57,97,-7,50,50,51,3
0,53,5,56,-102,5,6,50,1,3
103,5,-42,103,-106,-14,103,119,-50,3
28,25,-21,79,126,-19,0,25,-44,3
0,1,-25,79,71,-21,67,60,-24,3
50,25,-25,50,43,-18,0,37,6,3
1,0,-9,38,28,-8,13,0,40,3
1,0,-20,48,32,-7,39,25,3,3
26,1,-24,76,21,-16,51,7,-43,3
100,0,16,-116,54,-25,12,50,-75,3
100,12,3,-109,67,-8,106,0,-46,3
12,15,-21,99,67,-13,23,17,-50,3
50,0,-11,51,70,0,0,14,-24,3
3,3,0,42,66,0,37,15,0,3
1,3,9,21,66,9,26,19,0,3
50,0,-35,55,75,-7,0,75,67,3
0,50,-23,82,90,-23,56,38,-50,3
43,20,-23,94,120,-23,50,108,-49,3
28,43,-32,78,-107,-6,3,37,-44,3
7,25,-17,69,-124,-16,50,14,-25,3
50,13,-23,53,69,-10,3,69,-12,3
3,0,-20,22,35,-7,21,35,26,3
18,12,-19,20,41,-19,12,16,29,3
6,0,-31,69,57,-27,13,57,-49,3
100,3,-37,120,44,5,7,0,1,3
103,6,1,117,83,13,12,50,0,3
125,14,5,-110,92,-38,114,25,-42,3
3,0,-21,55,102,-19,3,0,-44,3
75,9,-17,82,49,-14,25,38,-23,3
50,11,-19,51,43,-2,51,3,-21,3
56,48,-11,59,49,-5,3,27,13,3
5,0,-40,92,80,-14,5,80,76,3
-127,7,-39,-121,57,-39,34,50,-50,3
100,1,-69,-125,45,-69,-126,18,-73,3
100,3,-64,102,24,-50,102,11,-50,3
69,18,-45,71,23,-38,50,19,-39,3
0,1,-12,28,14,-12,25,14,0,3
28,15,-37,41,15,-4,26,20,38,3
56,0,0,56,25,0,50,25,0,3
38,62,3,108,123,17,101,17,3,3
3,25,37,61,-71,39,51,31,1,3
105,5,0,112,-125,0,104,1,0,3
28,6,1,90,109,1,15,6,0,3
56,50,-23,61,55,-7,7,53,-32,3
62,30,-21,66,21,0,53,0,0,3
0,2,-10,26,17,0,1,3,18,3
57,6,-21,57,10,0,56,7,45,3
1,6,-48,73,22,-23,12,15,-50,3
103,39,1,-127,39,-48,-127,13,-48,3
100,31,-96,-125,47,-46,103,37,-96,3
14,0,-50,96,100,-42,68,0,-42,3
28,3,-18,40,109,-17,37,106,7,3
29,29,0,-7,87,3,40,76,0,3
18,10,0,-2,61,19,6,11,7,3
0,0,1,58,70,4,51,50,0,3
106,25,3,110,125,5,10,0,5,3
76,7,0,89,-72,16,87,26,16,3
103,13,1,103,115,5,100,0,3,3
51,12,-9,54,41,0,1,37,-35,3
35,41,-25,31,44,0,6,6,-7,3
1,0,6,14,26,6,0,1,6,3
0,14,-12,26,20,-10,25,6,39,3
62,25,-46,68,25,-27,56,25,0,3
112,0,1,115,38,-47,101,38,-98,3
101,50,-93,126,82,-62,30,4,-100,3
28,13,-9,79,-86,-9,0,113,-59,3
1,25,0,33,-124,7,26,31,6,3
10,25,0,12,76,6,1,76,6,3
16,18,-18,24,45,-5,4,45,26,3
0,0,-19,26,37,0,27,15,0,3
0,7,14,53,83,17,3,31,0,3
10,1,15,73,-88,15,68,66,0,3
107,20,0,111,-110,2,103,37,0,3
120,6,-5,120,70,-2,101,51,-33,3
52,0,0,52,53,3,28,51,1,3
12,22,3,13,24,3,0,3,3,3
1,0,-12,20,27,-9,7,25,12,3
17,14,-8,48,17,-8,34,17,-37,3
103,1,-43,103,20,-27,103,18,-49,3
-117,0,14,-117,115,-29,-124,112,-75,3
114,28,-50,118,-76,-21,100,53,-46,3
34,28,-11,87,-120,-8,80,101,-21,3
50,25,-12,50,82,-10,0,7,-10,3
1,12,-21,46,44,-19,26,31,2,3
26,3,-31,25,37,-5,0,37,44,3
56,0,-24,72,38,-18,62,25,-18,3
12,50,-25,98,57,-17,47,56,-48,3
107,0,-4,111,67,0,4,51,-35,3
109,1,0,-121,64,-17,103,51,-50,3
29,7,-23,93,21,-9,6,7,-49,3
79,3,-23,79,36,-23,25,6,-48,3
6,45,1,46,45,1,0,37,0,3
5,1,0,55,57,3,52,57,3,3
15,1,-25,46,71,0,3,8,12,3
2,25,0,76,91,-1,26,38,20,3
26,31,-17,86,-119,-3,26,0,-37,3
106,48,-35,108,-106,-32,100,127,-50,3
112,0,-43,116,105,-31,116,1,-43,3
77,10,-23,77,47,-20,75,3,-21,3
7,6,-24,35,40,-5,6,38,0,3
1,0,-12,41,24,-5,37,16,18,3
3,5,-39,41,30,-14,3,2,0,3
4,25,-23,67,39,-10,51,39,-50,3
15,14,3,90,40,4,0,14,3,3
126,13,4,-109,125,0,113,25,-42,3
100,12,3,110,-118,9,107,0,3,3
7,13,3,57,94,12,0,50,0,3
57,0,-17,61,62,-12,8,12,-43,3
0,1,-17,32,39,-4,6,27,-23,3
6,39,-23,51,43,0,1,27,0,3
62,0,-18,64,75,-1,50,0,34,3
100,12,-46,102,118,-34,100,118,-50,3
-106,25,-41,-106,78,-41,100,28,-41,3
100,6,-46,126,72,-46,100,3,-46,3
0,3,-45,71,59,-39,64,9,-46,3
28,0,-27,40,36,-25,3,8,7,3
31,15,-17,31,24,-14,31,10,25,3
37,12,-25,39,19,-1,12,7,15,3
59,28,-18,61,28,-2,53,25,-43,3
102,101,12,94,125,12,1,0,12,3
62,26,25,88,-75,25,0,26,25,3
100,0,1,119,112,4,106,0,0,3
2,12,-15,77,71,-2,0,15,-37,3
63,0,-21,63,42,-7,0,0,-19,3
0,0,-18,50,22,1,0,6,1,3
0,6,-16,38,6,-3,12,0,39,3
57,25,-72,61,25,-22,6,0,-47,3
101,39,-74,104,42,-59,104,13,-99,3
125,38,-73,-117,39,-73,25,27,-75,3
-106,33,-98,-109,38,-68,-118,13,-68,3
100,7,-49,108,86,-25,100,50,-26,3
7,3,1,32,98,17,6,15,16,3
0,12,0,15,69,3,12,56,0,3
8,1,6,37,32,6,31,7,0,3
7,15,0,40,49,10,37,15,3,3
13,103,1,71,103,14,14,3,1,3
71,10,4,71,-81,17,71,12,1,3
108,18,4,108,-106,0,6,15,-53,3
1,1,0,82,68,3,6,55,3,3
64,28,1,50,28,1,50,25,0,3
19,0,7,22,17,8,13,1,8,3
1,0,-24,17,14,-4,12,1,32,3
6,6,-28,31,8,-28,0,7,3,3
100,31,-49,113,31,-43,0,6,-100,3
-106,26,-74,-94,37,-74,53,36,-74,3
-81,31,-74,-77,87,-67,75,50,-74,3
10,8,-24,85,123,-24,78,103,-24,3
50,13,0,50,96,3,0,21,3,3
12,8,25,21,46,25,8,32,0,3
0,30,3,17,34,22,1,25,9,3
31,0,9,32,52,12,6,52,10,3
0,6,17,48,109,17,46,0,12,3
7,6,7,47,-99,32,6,56,7,3
53,0,0,78,-86,16,78,56,13,3
25,4,9,79,118,10,1,0,1,3
75,6,-24,75,43,0,50,6,-22,3
0,18,0,45,18,0,25,5,0,3
27,5,0,27,17,1,1,17,0,3
6,2,-20,36,18,-6,34,0,28,3
12,28,-43,89,29,-42,19,0,-50,3
106,7,-62,-124,33,-57,25,7,-71,3
125,12,-98,-120,64,-59,100,0,-61,3
101,0,-41,108,101,-25,108,101,-32,3
52,19,0,67,97,0,13,25,0,3
0,16,12,9,73,15,7,16,0,3
32,1,7,33,48,11,32,10,10,3
25,0,0,39,57,7,39,51,7,3
0,31,11,56,82,11,0,26,3,3
50,6,1,50,-99,21,0,50,0,3
75,1,0,88,-88,9,0,54,6,3
50,14,0,89,124,0,1,0,0,3
0,1,-8,87,57,-3,25,50,-28,3
50,0,-25,50,25,-2,0,25,-37,3
25,0,0,27,21,0,0,6,0,3
26,0,0,26,19,0,0,0,0,3
75,20,-48,83,24,-41,75,22,-42,3
0,3,-36,80,22,-36,76,25,59,3
114,4,-73,-110,41,-72,0,40,-99,3
103,26,-79,-121,79,-54,106,4,-60,3
1,8,-21,92,111,-20,65,102,-24,3
9,12,1,35,68,14,3,0,1,3
31,19,2,34,73,5,28,56,1,3
3,1,0,28,54,7,0,53,7,3
10,100,1,37,106,18,31,6,5,3
24,19,31,24,123,36,17,6,3,3
62,12,12,66,-86,14,0,6,0,3
0,18,18,65,121,19,6,3,12,3
62,0,2,69,78,2,12,53,2,3
50,42,3,50,42,3,50,17,3,3
37,0,2,38,15,5,0,3,0,3
7,26,-17,35,26,-3,1,0,44,3
57,25,-46,58,25,-21,0,25,0,3
106,50,-80,106,50,-53,100,50,-100,3
115,53,-98,121,66,-56,108,16,-62,3
125,30,-46,126,93,-44,101,80,-45,3
8,9,-25,83,86,-21,51,6,-25,3
19,19,-21,44,94,-15,28,87,-12,3
6,7,9,21,71,9,6,52,0,3
3,9,3,30,62,9,1,53,9,3
27,0,3,39,77,4,25,0,4,3
3,115,7,74,116,8,11,12,6,3
25,25,0,82,125,14,89,3,0,3
107,4,1,110,104,4,109,4,3,3
100,10,-6,103,55,-4,100,54,-31,3
50,6,1,62,34,1,12,3,1,3
50,0,-18,50,31,-3,50,0,-21,3
16,1,-18,49,24,-6,9,21,0,3
53,0,-24,61,25,-11,3,0,12,3
12,6,-50,98,41,-37,15,12,9,3
107,0,-37,107,57,-29,100,57,-93,3
116,0,-46,116,101,-28,104,101,-50,3
112,12,-23,112,112,-22,100,100,-23,3
53,0,-12,53,86,-4,0,1,-4,3
12,0,-30,44,72,-1,31,59,26,3
25,19,0,25,47,2,0,43,2,3
0,0,7,38,50,8,12,0,7,3
54,112,0,60,122,16,7,3,3,3
67,2,13,92,-103,19,64,52,0,3
100,12,3,104,-125,11,103,30,10,3
78,3,2,78,78,21,25,53,0,3
50,1,1,61,32,8,58,25,7,3
50,0,1,52,12,5,2,0,1,3
50,1,-10,51,17,-10,1,4,0,3
123,2,-100,123,37,-60,115,32,-62,3
100,0,-80,121,62,-51,101,62,-79,3
83,12,-23,68,68,-13,66,68,-17,3
14,0,1,42,80,1,42,78,0,3
7,16,0,44,72,0,18,62,0,3
16,12,0,41,67,1,16,0,1,3
14,0,8,46,85,8,8,25,1,3
6,10,0,73,126,10,23,25,1,3
25,3,14,79,-127,17,76,0,0,3
6,0,8,82,100,8,25,0,7,3
75,12,1,75,69,4,25,12,4,3
50,0,-18,59,39,-4,0,12,-10,3
0,7,0,44,19,-3,7,3,9,3
56,14,-32,69,39,-26,63,1,-27,3
12,25,-30,92,25,-26,53,25,16,3
100,0,-40,106,51,-40,6,1,-50,3
106,0,-100,-112,53,-62,118,3,-100,3
108,0,-50,111,53,-42,103,53,-50,3
75,7,-25,78,60,-14,50,59,-18,3
6,5,2,46,61,5,26,50,0,3
3,3,-18,42,55,-1,28,5,50,3
25,12,-23,44,68,-3,44,16,27,3
4,0,5,55,92,5,5,100,6,3
52,1,-50,49,5,-16,0,1,31,3
100,25,-62,103,28,-55,3,28,-62,3
112,0,-75,112,25,-62,0,0,-100,3
100,31,-81,-127,32,-51,125,25,-92,3
103,0,-49,103,53,-38,103,50,-46,3
75,15,-25,76,66,-12,75,66,-12,3
0,0,3,33,78,5,0,53,3,3
14,25,-33,45,80,-8,7,76,16,3
25,0,2,26,83,5,0,25,1,3
3,78,10,53,92,12,50,92,1,3
26,3,0,76,109,25,75,6,0,3
42,21,12,92,123,14,80,8,0,3
3,18,8,80,95,12,27,37,6,3
58,0,7,74,63,7,27,6,0,3
62,32,0,66,32,5,53,25,0,3
56,0,-25,55,39,-14,50,12,0,3
66,0,-25,66,13,-11,0,0,-11,3
3,25,-46,90,45,-39,53,20,4,3
103,7,-48,109,60,-39,100,6,-95,3
-124,13,-50,-120,64,-46,107,63,-50,3
113,32,-46,111,39,-32,110,0,-50,3
81,5,-18,81,30,-17,75,28,0,3
9,0,1,48,44,4,9,44,4,3
6,0,3,31,58,4,35,0,1,3
6,0,1,32,71,10,6,8,3,3
25,1,18,43,117,21,42,3,0,3
0,0,25,51,-109,32,50,40,32,3
50,37,4,67,-108,17,15,28,14,3
18,14,0,72,114,4,6,1,1,3
57,9,0,71,60,0,18,9,0,3
50,0,0,51,25,4,0,25,3,3
51,15,-21,55,15,-2,0,15,9,3
56,9,-37,73,37,-12,3,30,12,3
85,0,-21,86,52,-20,0,52,-24,3
100,14,-42,110,71,-29,109,57,-42,3
-127,25,-43,-126,76,-43,126,25,-48,3
100,0,-26,102,69,-25,100,69,-47,3
78,12,-23,79,64,-11,76,1,-25,3
50,15,-13,52,65,0,1,63,-3,3
0,0,0,33,56,0,6,56,0,3
25,2,7,41,82,10,25,31,7,3
15,101,13,41,111,23,13,1,12,3
3,28,7,53,-125,21,53,1,7,3
34,14,3,84,114,17,3,1,3,3
1,1,12,64,76,12,1,50,12,3
56,4,0,58,60,3,6,0,0,3
17,50,1,48,53,2,1,0,1,3
55,0,1,55,43,1,0,18,0,3
64,0,-31,67,41,-6,15,40,18,3
12,12,-18,91,63,-1,87,50,0,3
101,43,-12,104,94,-11,103,6,-42,3
100,25,-25,115,126,-25,102,125,-50,3
25,20,-24,78,120,-12,28,106,-37,3
53,19,-12,65,94,-10,65,7,-10,3
2,25,3,27,75,4,27,75,4,3
52,26,-23,55,39,-10,10,38,12,3
25,20,0,45,45,0,6,18,0,3
1,75,0,76,78,3,26,75,0,3
100,14,16,100,114,0,100,12,-27,3
125,29,1,127,98,1,101,70,1,3
106,0,0,108,65,0,100,57,0,3
62,11,0,71,37,0,15,36,0,3
50,0,-9,54,23,-2,1,21,-25,3
50,21,-6,50,21,-3,50,21,-10,3
56,0,-23,57,21,-10,50,15,12,3
68,25,-45,68,33,-13,50,31,35,3
106,37,-34,112,88,-32,9,37,-33,3
50,39,0,78,-107,3,53,-127,0,3
-123,14,-19,-122,-91,-7,100,64,-46,3
6,12,-23,84,114,-22,25,12,-22,3
50,6,-10,54,57,-10,9,0,0,3
50,16,-21,56,24,-14,6,10,10,3
52,0,-21,52,28,-7,1,3,25,3
57,0,-22,70,24,-19,68,8,-22,3
25,50,-21,94,52,-8,38,50,-59,3
103,12,0,117,71,5,5,25,0,3
113,26,0,118,76,2,105,25,0,3
3,31,0,91,44,0,13,37,-27,3
56,4,-5,72,43,-2,12,0,-28,3
7,68,-24,7,71,-11,7,53,-24,3
0,62,4,33,62,4,9,13,3,3
0,3,-47,60,78,-10,6,75,38,3
11,0,12,36,-111,15,1,125,1,3
7,0,21,21,-102,24,18,50,0,3
13,50,0,63,-102,7,0,50,6,3
0,6,0,58,124,5,50,104,1,3
59,5,-25,60,80,-3,6,0,-16,3
50,0,-22,48,46,-6,17,43,14,3
51,0,-18,52,27,-5,52,2,56,3
50,28,0,50,28,1,0,28,0,3
28,50,0,91,50,0,28,50,0,3
-127,20,0,-127,73,3,25,0,3,3
112,17,0,112,63,4,100,0,0,3
0,1,0,87,57,4,12,6,4,3
25,54,0,49,55,3,34,0,0,3
9,66,-8,34,66,0,9,50,2,3
37,2,0,41,77,1,3,77,1,3
33,23,0,46,98,3,35,6,0,3
7,14,7,61,115,10,1,114,1,3
35,39,-25,85,-113,-7,53,42,-46,3
25,26,-25,93,-125,-25,0,29,-50,3
0,0,-43,87,66,-28,62,66,-49,3
52,25,-23,65,43,-19,53,39,-24,3
1,21,-24,38,21,-8,37,6,12,3
15,0,-23,43,30,-17,17,26,32,3
69,0,-17,74,32,-14,16,0,-46,3
100,6,0,113,34,-10,113,34,-50,3
113,0,-5,115,53,-5,26,9,-62,3
112,6,3,116,81,-2,112,25,-37,3
78,9,-23,86,85,-9,28,28,-25,3
0,82,3,25,82,4,25,25,3,3
0,0,-10,25,54,-4,0,54,-4,3
62,0,1,62,62,2,3,58,0,3
13,3,-21,63,117,-1,13,105,23,3
37,40,0,92,-114,-12,78,28,-47,3
107,0,-50,-122,107,-29,126,106,-81,3
10,28,-23,85,78,-23,25,0,-49,3
62,3,-18,62,52,-16,62,52,-25,3
12,1,-25,42,42,-7,26,37,-9,3
2,0,-25,33,41,-10,32,28,1,3
54,13,-46,60,47,-14,59,16,9,3
9,3,-6,73,47,-4,50,9,-35,3
25,28,7,89,95,13,1,45,0,3
44,0,27,95,-105,30,95,50,3,3
26,26,0,89,127,10,25,25,10,3
58,0,6,61,76,8,0,25,0,3
14,6,-23,43,44,-4,3,0,-29,3
0,5,-20,41,36,-1,42,26,0,3
56,35,6,56,48,6,0,46,0,3
108,0,-12,108,81,-6,106,81,93,3
120,25,-37,120,76,-37,0,1,-50,3
106,0,-43,-123,55,-43,101,1,-49,3
100,15,-68,119,41,-52,15,37,-79,3
76,12,-37,76,22,-28,75,6,-34,3
0,3,-23,34,17,-9,28,14,-11,3
25,0,-21,25,29,-8,0,0,25,3
51,5,-35,52,42,-9,1,38,12,3
2,74,0,71,74,1,25,69,6,3
12,0,1,69,-89,38,57,53,0,3
52,0,0,77,-102,38,1,3,38,3
25,2,2,79,102,2,0,2,1,3
53,1,-18,59,51,-5,3,1,-30,3
13,3,1,38,28,1,4,27,2,3
1,0,1,39,25,11,12,0,6,3
50,0,0,64,74,5,50,53,4,3
84,22,-25,84,124,-1,59,12,-39,3
127,0,-35,127,126,-35,100,25,-35,3
0,15,-21,41,24,-6,3,12,39,3
51,0,-40,52,39,-13,50,29,-12,3
13,101,8,91,105,8,41,0,7,3
2,3,12,62,-95,37,55,57,0,3
39,25,2,89,-119,27,14,26,2,3
6,28,3,57,91,4,6,50,3,3
57,6,-18,60,56,-5,6,2,-29,3
13,3,1,44,30,1,1,1,0,3
51,25,0,54,28,4,0,0,0,3
0,9,-35,65,48,-3,14,42,19,3
100,50,-64,-126,-105,-14,126,100,-21,3
43,4,-37,95,-93,-37,100,112,-39,3
102,25,-36,105,91,-33,100,87,-49,3
0,1,-23,67,54,-23,62,0,-24,3
23,14,-21,48,43,-15,19,42,3,3
25,0,0,25,26,0,25,1,0,3
25,2,-9,32,30,-1,0,26,-17,3
65,3,-15,96,30,0,37,4,-66,3
109,2,15,93,-64,28,87,28,28,3
56,25,0,96,-56,19,12,32,19,3
25,25,0,80,75,1,0,25,0,3
50,6,-17,63,32,-12,7,25,-25,3
50,6,-10,51,6,-4,0,6,-16,3
2,1,0,50,0,0,50,0,0,3
0,0,-74,106,67,-18,0,62,0,3
121,1,-68,123,101,-50,120,101,2,3
119,50,-98,119,53,-51,6,3,-61,3
37,23,-73,92,48,-66,15,48,-100,3
6,0,-75,65,24,-50,50,10,-71,3
50,13,-21,52,15,-21,0,0,-21,3
50,14,10,94,117,12,94,5,10,3
25,27,0,76,90,1,0,13,0,3
53,13,0,53,63,7,0,0,0,3
56,0,0,56,38,3,6,38,0,3
18,38,2,46,42,0,8,5,0,3
75,0,-30,76,80,-5,50,78,12,3
112,0,-73,117,101,-23,17,101,25,3
113,51,-47,119,74,-28,1,24,-87,3
51,0,-43,98,55,-43,31,0,-50,3
27,17,-49,89,46,-43,39,46,-43,3
50,0,-21,62,25,-19,62,25,-20,3
6,9,0,44,21,1,37,15,0,3
50,16,7,57,16,7,0,0,0,3
51,12,-21,67,89,-1,62,64,10,3
37,-87,25,50,-71,20,0,106,0,3
23,39,6,74,-116,18,66,26,0,3
37,1,0,87,104,1,75,0,1,3
0,0,4,66,78,4,0,3,1,3
51,0,1,66,50,1,3,0,0,3
54,6,1,55,24,5,54,12,0,3
52,0,-25,65,13,-6,50,0,12,3
79,28,-64,86,29,-14,31,28,26,3
101,31,-37,114,81,-34,101,56,-84,3
100,31,-96,-118,83,-56,100,82,-57,3
112,1,-48,112,64,-48,109,0,-50,3
81,8,-19,82,58,-19,81,58,-23,3
50,11,1,56,74,4,56,57,0,3
1,19,0,33,69,18,0,68,18,3
62,17,-10,64,74,-9,2,53,38,3
14,3,-7,64,79,0,19,81,0,3
36,16,0,99,97,13,93,50,0,3
30,1,0,99,105,12,1,4,12,3
109,6,-12,109,57,-8,106,0,-50,3
82,3,-18,83,15,-1,32,15,-37,3
50,0,-20,58,19,0,5,16,-15,3
7,16,0,44,16,5,12,15,1,3
81,0,-46,81,27,-19,25,27,28,3
104,19,-35,117,19,-35,12,19,-48,3
102,29,-50,127,35,-50,100,10,-100,3
125,6,-50,-122,83,-50,103,75,-49,3
0,0,-25,85,102,-19,51,100,-19,3
54,0,25,-7,102,42,28,1,25,3
7,0,-25,47,72,-4,37,12,31,3
51,0,-36,55,53,-7,54,0,-11,3
1,53,0,62,80,3,7,51,1,3
30,1,0,92,101,12,66,0,12,3
100,25,4,113,94,17,100,6,1,3
100,25,3,111,44,16,108,19,16,3
53,12,1,74,18,8,5,6,8,3
18,22,3,46,22,5,37,3,0,3
50,25,1,50,26,1,50,0,1,3
6,1,-50,90,34,-16,40,34,51,3
100,40,-31,122,40,-30,9,13,0,3
125,5,-43,-125,80,-41,125,1,-49,3
12,20,-35,87,45,-34,25,62,-49,3
62,3,0,71,104,7,62,0,7,3
64,22,-25,65,48,-12,13,45,0,3
76,25,-39,98,40,-26,25,0,4,3
81,0,-36,81,50,0,6,50,63,3
0,93,1,75,93,5,57,32,6,3
100,1,-46,127,8,-33,27,8,-83,3
50,0,-12,92,22,-12,75,9,-75,3
100,18,-17,100,44,-14,100,44,-45,3
65,2,0,66,33,0,0,26,0,3
12,1,0,45,14,0,28,0,-2,3
12,1,5,45,7,5,20,7,5,3
51,0,-25,88,32,-14,87,0,-15,3
110,1,-39,111,-104,-25,108,100,-49,3
52,47,-50,90,-56,-9,38,124,-71,3
100,43,-42,109,-108,-25,100,37,-49,3
7,22,-40,58,98,-15,50,12,0,3
52,0,3,58,50,3,7,50,0,3
40,0,-17,40,20,-3,40,1,46,3
50,0,-46,50,28,-21,50,25,25,3
7,53,-33,86,55,-32,12,51,-29,3
100,0,4,110,64,-19,110,0,-49,3
114,16,-3,114,42,-3,0,15,-53,3
107,17,0,107,42,-21,106,3,-50,3
88,12,-15,91,46,-13,12,18,-40,3
51,50,0,64,53,4,0,3,0,3
9,69,1,37,71,23,7,56,3,3
50,0,-10,62,66,-10,62,0,-12,3
1,25,-40,57,82,-13,0,50,30,3
50,19,3,89,-86,-27,0,106,0,3
57,0,-19,60,-103,0,25,44,0,3
6,21,-18,83,122,0,26,21,-50,3
50,6,-28,61,80,-3,61,75,-10,3
51,6,-23,57,37,-8,0,27,12,3
18,6,-37,49,32,-9,45,0,40,3
21,0,-24,48,26,-8,3,25,16,3
20,27,-24,70,40,-17,56,25,-49,3
108,19,1,103,38,-1,100,0,-43,3
38,12,14,91,72,14,3,59,0,3
2,1,9,92,89,9,12,37,0,3
25,1,9,33,105,10,32,3,0,3
1,81,12,26,81,23,0,0,9,3
0,68,3,21,66,21,14,16,12,3
46,25,1,46,80,1,39,28,1,3
1,23,6,57,123,7,7,106,7,3
57,0,-24,57,-104,-1,0,51,-52,3
18,8,-24,69,-122,-1,6,100,-36,3
0,6,7,62,94,7,12,0,6,3
50,5,6,50,55,8,0,53,0,3
3,4,6,46,30,6,37,28,0,3
17,0,0,48,42,0,3,30,0,3
12,68,0,73,73,9,23,7,0,3
27,0,16,77,100,23,78,0,26,3
50,1,20,98,108,23,85,8,20,3
26,15,4,83,92,5,26,16,4,3
57,3,1,61,85,7,0,34,0,3
62,1,3,66,51,3,4,1,0,3
57,0,0,60,43,7,50,39,6,3
75,0,0,77,50,1,2,50,0,3
81,12,-25,89,30,-14,37,25,35,3
106,12,-31,107,62,-31,100,0,-37,3
34,25,-37,96,76,-37,53,1,-87,3
102,0,-44,102,72,-44,100,62,-46,3
79,12,-37,79,37,-25,50,37,-31,3
50,1,-23,67,25,-10,5,25,1,3
50,0,-25,64,30,0,12,1,26,3
51,1,0,58,76,0,1,0,0,3
0,104,1,32,104,20,31,104,12,3
4,4,12,54,-119,21,3,4,20,3
6,0,0,64,125,30,50,0,0,3
12,6,0,66,108,26,12,2,1,3
51,3,0,67,79,9,12,25,6,3
0,1,-8,32,73,-1,31,23,-2,3
0,30,0,37,30,0,37,1,0,3
78,32,-37,78,32,-10,0,25,0,3
5,0,-74,87,56,-22,85,56,-23,3
112,33,7,124,83,-30,17,56,-49,3
102,6,-47,121,68,-34,113,18,-37,3
15,5,-27,93,55,-26,30,3,-46,3
75,0,-21,76,60,-8,6,7,-5,3
0,3,0,28,53,10,28,50,9,3
12,9,3,39,72,3,37,71,3,3
5,92,0,17,99,12,3,53,12,3
3,125,0,30,125,23,29,0,18,3
0,3,14,56,124,20,59,15,19,3
25,0,18,87,104,18,87,3,18,3
0,0,15,73,75,17,9,25,14,3
53,5,12,61,49,12,7,35,12,3
51,0,12,51,26,13,51,0,0,3
59,18,4,59,24,10,56,2,10,3
50,12,-28,67,38,-1,15,25,28,3
12,25,-47,93,87,-16,62,50,-18,3
100,9,-25,103,123,-24,100,21,-50,3
50,10,-43,93,-120,-13,6,103,-50,3
15,6,0,71,-122,3,67,101,1,3
56,20,-25,73,70,-6,68,50,-12,3
6,12,-25,44,39,-5,12,26,6,3
12,6,-34,47,31,-8,12,6,28,3
31,44,1,44,48,8,0,7,0,3
6,0,0,81,98,12,28,12,2,3
30,28,7,92,-125,32,76,25,7,3
126,25,12,125,73,11,100,16,5,3
0,15,0,90,47,1,27,3,1,3
50,0,3,64,30,3,14,0,3,3
56,12,0,57,19,3,0,13,0,3
51,0,0,58,16,0,6,3,0,3
75,0,-35,78,22,-9,0,0,26,3
12,0,-45,87,53,-20,62,53,26,3
12,53,-50,94,91,-46,62,40,-50,3
28,8,-43,91,-81,-5,3,111,-61,3
19,0,-43,69,113,-5,18,100,-18,3
3,12,-33,106,69,-33,100,68,-37,3
82,19,-49,83,47,-21,75,37,-25,3
50,14,-35,64,39,0,0,0,-3,3
65,0,3,66,50,5,62,0,5,3
80,14,2,87,74,2,85,73,1,3
0,8,1,81,71,14,0,50,13,3
25,20,1,94,70,7,12,7,7,3
0,1,0,88,60,13,50,4,0,3
75,37,12,77,39,18,27,26,12,3
70,28,5,70,28,11,4,26,0,3
50,19,0,66,22,9,0,21,9,3
84,3,8,87,28,8,53,3,8,3
100,29,-33,114,80,-6,112,80,14,3
113,21,-49,115,124,-21,14,17,-75,3
122,3,-46,122,103,-20,118,100,-46,3
0,12,-29,87,73,-4,62,0,-4,3
61,8,1,74,33,5,52,27,2,3
56,15,12,69,18,12,18,12,12,3
65,26,1,66,26,8,3,26,0,3
83,50,9,83,58,11,55,19,16,3
19,6,0,73,108,14,12,8,2,3
100,0,1,100,100,16,0,0,0,3
1,18,0,76,73,7,25,13,7,3
62,0,0,69,50,0,7,0,0,3
56,4,1,61,29,5,5,0,5,3
53,40,0,65,40,8,53,27,0,3
75,64,3,74,89,-4,64,39,31,3
56,2,16,59,102,18,3,100,0,3
70,1,-39,74,76,-2,16,0,3,3
25,0,-23,94,63,-17,82,63,-68,3
107,33,-63,121,83,-50,101,1,-96,3
100,7,-49,117,86,-28,101,86,-50,3
88,6,0,91,110,0,66,106,0,3
57,0,-48,74,12,-48,12,0,-48,3
50,16,-50,63,16,-24,12,12,-25,3
0,18,7,26,18,7,1,0,0,3
50,0,-12,73,53,-12,16,0,-16,3
35,62,-18,99,64,-17,42,0,-68,3
100,12,6,112,87,6,12,12,6,3
100,0,0,116,78,-23,115,3,-75,3
75,20,0,82,99,8,7,26,0,3
50,0,0,55,46,0,1,37,0,3
53,28,-10,55,30,-7,53,3,17,3
89,19,-50,92,69,-23,40,63,50,3
14,34,-20,46,-120,-7,31,103,-9,3
0,42,-24,66,-113,-9,3,15,-35,3
15,6,-33,64,104,-4,51,100,-35,3
0,12,-10,64,73,-10,52,59,-23,3
52,0,-18,55,50,-5,50,50,0,3
14,25,-28,46,48,-3,0,3,28,3
50,1,-37,58,52,-1,1,0,50,3
67,64,3,68,69,15,55,50,15,3
103,-111,6,104,-111,19,100,25,7,3
112,17,3,116,117,12,0,12,1,3
26,1,0,96,74,0,25,0,0,3
75,12,0,76,39,-1,25,26,-29,3
60,1,-14,61,27,0,0,25,-27,3
53,25,0,60,25,1,60,0,0,3
76,0,-23,76,28,-3,50,28,1,3
57,14,-21,69,42,-8,13,17,100,3
107,38,-37,107,89,-37,100,51,-87,3
37,0,-49,90,112,-37,40,106,-91,3
40,1,-44,91,117,-37,3,12,-46,3
6,21,-25,82,122,-2,51,109,-6,3
50,1,3,61,76,3,58,76,0,3
50,28,-29,56,48,-4,0,43,25,3
56,0,-75,56,52,-17,0,50,26,3
3,62,0,48,63,-1,16,50,-37,3
10,97,16,62,98,17,53,68,14,3
26,0,5,89,126,24,87,0,24,3
32,0,1,94,104,14,13,4,1,3
84,0,4,84,51,10,3,25,10,3
50,3,2,56,28,5,0,0,5,3
50,31,-34,53,31,-1,50,25,3,3
53,0,-31,60,39,-4,53,12,32,3
77,4,-37,80,60,-5,28,59,25,3
14,37,-49,98,95,-16,100,75,-43,3
34,25,-44,86,-127,-38,50,103,-92,3
100,0,-36,114,113,-30,114,13,-42,3
75,0,-49,76,75,-26,51,0,-37,3
75,16,-30,80,41,-25,79,37,-26,3
50,4,-23,58,30,-7,6,25,18,3
51,1,-33,51,30,-1,1,28,41,3
75,53,0,78,60,5,25,7,3,3
39,107,6,95,108,9,7,8,0,3
50,10,26,92,124,27,67,0,25,3
103,15,0,110,97,1,107,28,0,3
76,13,-18,76,44,-2,26,43,-30,3
65,1,-20,65,15,-1,12,12,-18,3
50,0,0,50,2,0,0,0,0,3
58,10,-25,70,22,-5,70,16,6,3
3,25,-24,85,43,-16,41,0,54,3
100,25,-50,102,75,-29,2,50,-81,3
102,25,-42,102,89,-39,102,13,-49,3
16,0,-37,93,100,-29,26,0,-43,3
57,0,3,58,100,3,50,0,0,3
25,7,0,47,85,10,43,75,8,3
15,0,3,46,75,5,34,0,3,3
29,14,-56,42,73,-3,28,1,39,3
0,0,-15,44,88,-1,19,88,11,3
26,0,7,46,114,23,25,12,15,3
25,25,0,88,125,14,76,3,19,3
100,28,4,100,85,23,100,0,9,3
93,0,0,89,45,10,26,20,4,3
53,0,0,67,32,6,1,25,0,3
51,13,4,60,19,4,50,12,4,3
53,12,0,60,19,3,3,6,0,3
53,0,-34,73,26,-1,20,25,56,3
15,1,-43,102,74,-25,102,55,11,3
32,0,-48,96,115,-35,0,14,-85,3
51,3,-68,87,-102,-16,30,103,-43,3
0,0,0,57,125,15,51,100,0,3
50,12,0,53,89,1,50,2,0,3
9,8,0,46,54,0,26,50,0,3
0,14,0,44,39,2,25,0,0,3
0,52,3,51,58,5,51,1,0,3
22,7,16,74,108,16,3,2,3,3
28,12,25,85,114,25,85,1,0,3
6,7,27,84,99,37,25,26,2,3
75,0,0,77,78,14,27,50,14,3
79,37,0,76,30,0,25,1,0,3
56,18,-15,61,23,-3,0,4,34,3
53,5,-29,65,23,-4,15,17,7,3
75,19,-37,76,44,-5,50,12,38,3
9,33,-77,98,87,-27,32,81,-43,3
50,6,-48,96,108,-39,93,106,-39,3
105,0,-84,105,105,-33,105,0,-46,3
62,95,2,72,99,8,60,99,1,3
57,4,12,57,74,13,3,69,0,3
16,6,6,47,56,6,28,0,6,3
54,56,9,51,64,10,1,0,10,3
1,0,3,67,89,22,15,51,12,3
25,20,30,47,120,30,3,6,5,3
7,9,25,57,110,29,0,6,0,3
62,0,6,62,84,21,0,50,21,3
56,59,12,59,57,14,50,57,14,3
57,37,12,57,40,12,56,25,12,3
64,45,1,64,45,1,62,0,1,3
76,4,0,76,60,5,76,9,1,3
0,12,0,75,92,3,0,51,3,3
25,25,-40,91,-110,-14,13,37,-41,3
28,2,-35,78,127,-10,28,125,-35,3
3,7,-50,86,83,-17,54,76,-43,3
53,1,-38,60,58,-13,57,2,-21,3
62,7,-43,66,33,-18,13,25,0,3
50,18,-31,56,24,-3,50,20,46,3
51,28,0,55,36,5,55,36,1,3
25,113,20,87,113,20,7,0,0,3
26,0,0,90,-72,50,64,25,50,3
100,7,-12,-110,60,-12,118,7,-62,3
10,18,-25,95,17,-3,20,2,-48,3
25,1,-6,35,14,-1,25,1,-18,3
0,15,0,37,18,-2,25,15,-28,3
50,25,-8,52,25,-6,52,0,5,3
62,14,-35,69,42,-10,0,25,14,3
24,31,-37,110,107,-39,100,106,6,3
25,1,-46,91,-98,-21,41,51,-50,3
28,28,-42,97,-126,-25,35,100,-42,3
79,0,-24,79,76,-22,50,76,-23,3
59,4,-42,72,41,-17,65,41,-17,3
50,0,-43,62,30,-11,0,29,12,3
56,7,-37,58,36,-4,57,30,12,3
66,0,-25,66,79,-2,66,76,44,3
3,7,27,53,96,37,53,51,28,3
14,3,37,65,-114,37,13,-115,25,3
38,25,8,95,119,22,1,19,18,3
6,7,0,84,85,5,28,3,0,3
56,4,-14,73,35,-1,0,10,-36,3
62,0,-12,62,1,-5,12,0,-49,3
53,0,-22,61,0,-3,11,0,7,3
85,0,-42,88,31,-3,75,0,57,3
101,14,-44,108,64,-19,0,12,3,3
103,25,-40,115,94,-40,112,81,-90,3
100,26,-48,103,76,-48,103,1,-48,3
75,5,-50,75,80,-19,50,76,-21,3
52,0,0,70,78,3,51,78,3,3
50,0,-37,54,53,-3,3,53,7,3
56,21,-43,82,46,-17,25,14,25,3
3,55,-46,79,55,-9,79,55,40,3
34,81,2,87,81,8,85,50,1,3
106,23,8,106,71,23,0,15,15,3
28,0,0,98,62,16,22,62,12,3
82,9,0,82,59,2,50,0,1,3
51,0,0,70,46,0,20,25,0,3
50,28,7,61,34,7,8,3,6,3
75,31,-25,88,35,-12,85,39,15,3
101,6,-44,101,45,-13,100,45,57,3
9,7,-21,97,57,-15,9,56,3,3
16,31,-46,91,83,-27,91,58,-83,3
51,0,-49,96,116,-41,76,103,-93,3
12,23,-48,88,91,-20,25,87,-45,3
62,12,-23,69,64,-8,69,1,-11,3
3,17,0,41,67,7,0,63,0,3
1,13,3,16,63,10,3,0,3,3
31,62,-25,49,66,-16,9,16,-23,3
0,75,-25,62,88,-1,12,38,-41,3
28,13,0,92,115,19,75,12,0,3
38,8,0,88,-106,25,12,36,25,3
0,14,11,90,92,24,12,42,12,3
65,4,1,66,41,4,3,25,4,3
16,15,0,48,19,-1,12,6,0,3
31,25,-33,48,30,-8,33,29,25,3
56,0,-31,58,55,-25,8,53,2,3
20,10,-50,95,74,-39,45,5,-40,3
24,14,-42,99,89,-17,76,12,-42,3
1,12,-40,102,124,-17,102,14,-42,3
10,22,-50,110,72,-17,103,71,-25,3
75,12,-37,75,38,-11,75,38,-12,3
75,4,-31,75,30,-6,0,0,12,3
50,0,-28,69,23,-2,19,7,25,3
50,25,0,69,57,1,56,57,1,3
25,103,11,82,104,11,26,3,6,3
39,2,0,92,-100,1,87,54,1,3
100,0,0,105,100,2,101,0,2,3
90,13,-18,91,44,-5,53,13,-36,3
75,16,1,70,14,1,19,14,0,3
50,3,2,61,3,5,11,3,3,3
61,0,0,74,11,0,22,6,0,3
87,6,-23,89,22,-9,1,19,25,3
87,18,-20,92,44,-6,12,38,27,3
100,25,-40,107,87,-38,101,43,-50,3
43,20,-46,95,-106,-27,70,-115,-46,3
125,32,-73,125,82,-50,125,76,-94,3
83,13,-43,86,44,-28,75,44,-28,3
62,3,-37,62,17,-8,62,14,0,3
50,2,0,54,7,1,51,6,0,3
50,0,-33,58,21,0,58,19,25,3
0,57,7,82,60,8,25,9,0,3
106,14,7,106,-90,20,6,50,20,3
103,25,13,109,-116,13,6,26,13,3
0,25,-19,88,66,-7,25,4,-48,3
54,9,-31,73,21,-3,12,15,-28,3
14,6,6,43,9,6,3,6,0,3
50,7,7,62,7,7,12,0,6,3
81,3,1,82,16,1,7,12,0,3
104,16,-37,104,41,-3,12,50,25,3
103,8,-50,110,120,-35,3,12,-85,3
7,28,-42,70,-71,-17,1,109,-50,3
0,13,-49,88,113,-18,38,12,-25,3
53,0,-41,65,50,-16,53,50,0,3
50,0,-42,72,23,-14,15,21,3,3
65,10,-35,65,10,-7,50,3,41,3
67,0,-28,73,32,0,59,6,33,3
16,83,3,93,83,15,65,7,12,3
39,6,6,89,-96,32,76,6,25,3
115,19,7,115,86,5,13,11,5,3
0,19,0,82,44,0,32,31,0,3
68,3,0,68,16,2,6,3,0,3
56,1,1,60,12,2,50,11,1,3
5,0,7,74,23,7,50,20,1,3
76,12,8,83,18,11,86,6,7,3
100,17,-18,117,74,-14,12,14,60,3
0,33,-46,51,-56,-8,50,23,-74,3
38,25,-43,91,-117,-14,91,100,-40,3
10,18,-50,87,69,-25,35,69,-50,3
79,8,-21,80,37,-21,76,25,1,3
63,0,-37,66,14,-2,3,12,25,3
3,14,1,47,14,5,25,1,5,3
64,25,14,67,30,14,3,25,13,3
45,19,1,96,-111,24,53,2,10,3
38,0,24,92,114,24,16,0,22,3
75,4,0,76,55,3,25,0,0,3
57,3,3,58,40,4,7,25,3,3
56,34,0,85,34,1,10,34,0,3
54,10,0,73,48,4,65,3,21,3
14,25,-46,114,37,-21,2,37,28,3
0,0,-37,73,85,-5,59,3,-36,3
101,28,-37,108,79,-33,106,1,-46,3
103,29,-43,103,80,-39,103,79,-49,3
0,14,-33,84,71,-27,56,65,-25,3
52,3,-31,68,65,-5,5,62,7,3
3,0,8,29,62,8,0,62,2,3
37,14,2,38,64,2,25,1,1,3
51,50,-33,52,50,-7,0,0,-47,3
32,100,-6,85,119,-3,6,9,0,3
0,0,4,27,16,5,1,4,2,3
51,14,-49,51,18,-15,1,14,28,3
76,3,-25,77,8,-28,25,8,-29,3
101,6,-74,114,35,-54,112,10,-55,3
112,22,-99,-110,98,-75,45,37,-78,3
-120,7,-50,-120,111,-45,125,100,-45,3
63,12,-36,71,96,-8,69,7,0,3
1,3,7,41,60,7,25,57,0,3
25,14,0,38,39,2,26,37,1,3
15,55,0,42,62,0,1,11,0,3
0,100,7,32,100,8,31,0,6,3
6,119,14,56,122,17,6,10,5,3
56,1,0,88,-124,10,75,0,3,3
100,12,21,101,116,23,100,15,19,3
0,0,0,89,50,10,12,0,3,3
57,26,6,58,29,7,50,4,6,3
3,1,1,29,10,2,28,9,0,3
12,8,0,42,8,0,27,13,0,3
86,1,-49,86,26,-21,80,0,-24,3
100,6,-86,114,59,-58,100,3,-71,3
120,27,-46,121,86,-34,107,27,-84,3
38,26,-77,99,126,-52,43,25,-77,3
0,14,0,58,-126,13,1,-127,0,3
6,1,0,32,79,7,32,75,0,3
40,0,3,40,51,3,28,0,3,3
67,51,-31,67,54,-6,62,54,-43,3
87,84,0,87,97,7,0,65,7,3
109,6,0,109,-124,6,103,25,9,3
125,0,0,125,38,2,100,12,0,3
6,6,0,82,31,6,0,25,6,3
25,6,8,43,18,8,43,6,6,3
12,25,-25,45,41,-16,0,0,1,3
9,30,-48,35,30,-12,18,12,54,3
57,0,-46,71,28,-8,6,3,28,3
0,6,-50,107,55,-33,100,1,-46,3
-127,1,-49,-118,105,-33,111,4,-50,3
50,1,-68,75,-66,-12,0,100,-64,3
103,19,-50,109,-111,-18,101,108,-42,3
62,14,-48,65,71,-14,62,0,3,3
3,10,-50,41,47,-16,4,25,6,3
6,0,-25,48,38,-12,44,0,25,3
22,0,-50,49,52,-12,35,2,12,3
2,52,-25,83,52,-23,50,56,-50,3
116,69,-44,117,71,-25,101,58,-79,3
125,12,-20,125,66,-6,100,12,-33,3
101,1,-22,108,52,-6,102,0,-44,3
78,30,-21,79,30,-14,28,30,-46,3
53,15,-42,52,18,-17,51,18,-43,3
0,0,-19,42,7,-12,15,0,-17,3
50,7,0,50,19,0,50,7,0,3
89,3,-35,92,53,-6,14,3,29,3
1,19,-48,66,-86,-23,63,100,-75,3
53,10,-68,80,-83,-18,42,125,-90,3
110,12,-47,110,-114,-37,109,28,-44,3
0,3,-25,67,91,-9,51,0,-12,3
65,0,0,67,51,5,2,51,5,3
1,0,-37,52,26,-5,51,26,37,3
0,1,-42,40,1,-14,25,1,-18,3
0,26,-50,82,29,-21,25,4,-46,3
109,3,-23,109,59,-22,103,59,-49,3
-124,0,-18,-124,75,-17,100,25,-50,3
100,1,-42,106,30,-17,100,27,-67,3
87,0,-24,85,44,-17,25,7,-49,3
62,52,6,66,65,6,15,50,6,3
11,75,15,24,75,15,13,50,15,3
56,0,4,59,80,5,3,3,4,3
51,3,-30,54,67,-4,3,66,26,3
66,12,0,69,91,1,7,28,0,3
30,0,-37,87,-82,-28,86,67,-43,3
103,12,-82,103,124,-26,100,100,-48,3
103,0,-43,104,77,-25,103,1,-32,3
50,32,-49,56,32,-15,50,26,-18,3
0,6,-24,41,15,0,3,0,0,3
0,0,0,45,17,1,37,15,1,3
75,31,-25,75,32,-3,50,6,-41,3
101,30,-24,107,42,-2,106,30,-40,3
109,12,0,109,72,7,109,59,0,3
107,0,-12,103,90,-1,100,50,-35,3
1,0,4,80,105,11,25,3,5,3
50,0,3,56,73,10,50,50,0,3
50,46,-20,62,46,-1,62,1,-5,3
50,28,-37,65,28,-3,51,0,3,3
56,9,1,73,55,1,22,55,1,3
3,6,-73,91,-120,-13,3,125,26,3
100,0,-89,100,-105,-37,100,50,-89,3
112,8,-97,122,83,-31,100,7,-48,3
5,4,-34,80,55,-25,50,4,-28,3
50,0,-48,53,37,-16,53,25,-16,3
12,4,-35,42,30,-9,3,25,-12,3
9,3,-36,48,30,-8,26,0,26,3
61,3,-25,61,41,-1,55,16,-6,3
1,70,5,76,73,5,51,18,4,3
112,0,3,102,-113,7,1,3,0,3
101,0,26,102,-117,26,2,12,0,3
1,8,6,76,83,9,0,31,0,3
51,0,-31,64,37,-5,12,25,-30,3
1,0,-12,33,32,-5,6,7,-18,3
12,56,-37,43,61,-7,5,3,-7,3
51,7,-37,67,86,-12,3,84,25,3
110,29,-50,111,92,-35,0,50,12,3
100,4,-41,109,79,-29,106,54,-79,3
103,18,-87,103,68,-36,100,0,-98,3
100,0,-92,96,62,-37,59,7,-38,3
64,12,-50,70,41,-18,68,37,-25,3
7,12,-32,49,38,-6,44,12,-8,3
0,14,-30,47,46,-5,12,32,12,3
14,9,3,42,86,4,42,10,0,3
27,-122,0,36,-119,11,4,111,10,3
7,113,10,73,116,12,7,0,1,3
39,0,12,93,94,12,50,26,12,3
37,106,0,94,110,6,25,9,6,3
0,1,3,75,80,11,0,27,6,3
25,3,0,45,43,7,45,1,0,3
1,1,0,41,18,0,25,4,0,3
50,1,-48,65,32,-13,62,1,11,3
86,0,-92,86,51,-25,76,50,-38,3
103,3,-71,103,72,-50,100,9,-58,3
119,10,-100,119,61,-46,112,56,-50,3
102,14,-50,102,64,-41,101,12,-42,3
79,8,-42,80,58,-17,51,58,-24,3
51,6,1,51,57,2,51,51,1,3
3,19,0,35,69,8,25,0,7,3
0,6,6,38,85,8,1,31,0,3
4,102,2,54,102,8,50,0,6,3
6,2,19,69,121,21,62,14,6,3
102,7,14,102,107,14,102,7,14,3
18,9,4,68,110,18,0,0,5,3
60,3,0,73,71,6,22,12,4,3