1,0,13,101,0,24,0,0,21,4
1,0,13,101,0,24,1,0,21,4
2,0,12,102,1,24,1,0,21,4
2,1,12,102,1,24,1,0,21,4
0,0,13,102,0,24,1,0,0,4
1,0,12,101,0,24,1,0,21,4
1,0,13,101,0,24,1,0,21,4
0,0,12,101,0,24,1,0,21,4
0,0,12,101,0,24,0,0,21,4
0,0,12,101,0,24,1,0,21,4
0,0,0,101,0,25,1,0,0,4
0,0,0,101,0,25,0,98,0,4
0,64,0,101,0,25,1,98,0,4
0,64,12,101,0,24,0,97,21,4
0,64,13,101,0,24,1,97,20,4
0,1,12,100,1,23,0,0,18,4
1,0,14,101,1,24,0,0,19,4
1,0,0,102,3,25,0,3,0,4
1,0,13,101,4,24,0,3,23,4
0,0,14,101,3,23,1,3,23,4
0,0,13,100,2,24,0,0,23,4
0,2,12,100,2,24,0,0,21,4
0,0,0,101,0,25,0,0,0,4
3,65,0,103,-1,25,3,96,0,4
0,66,11,101,-1,24,1,97,22,4
3,65,10,103,-3,23,0,96,22,4
0,65,10,102,-1,23,2,97,21,4
3,65,9,103,-1,23,0,96,22,4
0,64,10,101,0,23,0,97,21,4
1,0,11,101,0,24,0,0,21,4
0,0,10,100,0,23,0,0,20,4
0,1,11,100,1,24,0,0,21,4
1,0,12,101,0,23,0,0,21,4
0,0,12,102,0,24,1,1,21,4
0,0,12,102,0,23,1,0,21,4
0,1,12,101,1,23,1,0,22,4
3,1,12,103,1,23,0,0,20,4
1,1,13,102,1,24,0,0,21,4
0,1,13,101,1,24,0,0,20,4
3,0,12,103,0,24,3,0,0,4
3,0,12,104,0,24,1,97,24,4
3,64,0,103,-1,25,3,98,25,4
37,0,6,97,0,19,12,0,6,4
37,0,12,99,0,23,19,0,4,4
0,0,0,107,0,25,6,0,0,4
40,0,0,97,5,23,75,4,4,4
32,0,8,95,6,21,7,6,15,4
31,0,6,95,3,20,0,0,8,4
1,0,7,101,0,21,0,0,8,4
3,67,12,109,-1,22,0,105,9,4
0,0,12,107,0,20,0,0,6,4
0,1,6,106,2,20,0,0,0,4
0,4,10,105,5,23,101,4,6,4
0,0,3,106,3,22,0,3,6,4
25,64,2,97,-4,17,93,87,16,4
37,62,3,99,-9,16,100,90,0,4
3,57,9,103,-14,24,0,100,1,4
1,55,12,110,-19,21,0,104,21,4
4,56,7,104,-16,21,100,100,21,4
0,56,3,101,-14,18,1,100,12,4
34,64,1,98,-9,17,100,100,3,4
1,68,1,102,-2,17,100,97,12,4
0,6,0,103,6,17,103,0,17,4
4,9,1,104,10,15,0,1,12,4
23,1,0,99,7,15,22,1,1,4
1,1,1,101,1,13,101,0,0,4
1,70,3,101,-1,17,0,100,14,4
0,0,14,106,0,17,100,0,14,4
0,1,14,109,1,15,0,0,14,4
1,0,14,105,3,17,104,0,16,4
5,6,14,105,7,14,5,7,14,4
0,6,12,105,6,16,2,6,0,4
7,0,12,108,3,18,7,3,12,4
0,0,6,104,2,18,101,1,6,4
0,0,3,100,0,17,0,0,14,4
1,66,3,102,-2,16,3,96,12,4
27,66,6,96,0,19,87,96,12,4
5,66,9,105,-2,23,0,100,7,4
1,64,10,101,-4,24,100,100,14,4
1,62,9,105,-7,22,5,100,6,4
34,65,8,96,-8,24,88,100,0,4
1,62,3,101,-8,22,1,100,16,4
35,62,0,99,-9,21,1,100,18,4
31,62,21,94,-9,21,1,90,21,4
31,62,18,93,-8,18,0,90,12,4
27,68,19,95,-3,20,83,77,20,4
0,75,0,100,-4,21,0,94,1,4
12,76,6,113,-7,23,12,114,6,4
13,87,0,113,-5,28,113,107,3,4
25,91,0,125,-7,25,0,114,0,4
12,75,11,112,-9,24,12,103,0,4
1,62,3,101,-10,23,0,87,1,4
33,65,20,95,-8,20,20,87,18,4
28,64,22,91,-7,22,90,76,21,4
34,63,1,96,-3,23,6,89,11,4
32,0,0,100,0,25,100,0,0,4
35,2,0,99,2,26,27,1,0,4
0,0,7,100,3,23,0,0,0,4
0,5,12,104,5,24,0,5,7,4
3,0,0,103,2,25,3,0,25,4
3,60,0,103,-1,26,103,95,25,4
41,56,0,97,-5,26,82,87,25,4
41,53,1,99,-7,26,96,89,1,4
41,60,1,99,-1,26,5,91,25,4
39,0,0,99,0,25,94,0,25,4
37,0,7,98,4,23,22,0,6,4
0,0,10,103,5,23,100,2,1,4
0,4,0,106,5,27,0,0,25,4
0,0,0,107,3,25,0,3,25,4
38,0,9,98,3,22,91,3,6,4
39,1,0,98,5,25,93,1,25,4
0,1,0,102,1,25,1,0,25,4
2,64,0,102,0,25,1,99,25,4
1,64,0,101,0,25,100,90,25,4
0,65,8,100,-3,24,0,100,19,4
3,63,8,103,-5,24,103,94,25,4
1,68,0,105,-5,26,105,94,0,4
0,66,1,101,-1,26,100,91,1,4
39,62,0,99,-2,25,91,90,0,4
42,64,0,99,-4,25,98,-112,0,4
1,68,0,101,-5,25,0,113,25,4
3,71,0,104,-3,25,4,106,25,4
1,2,0,101,2,22,101,0,15,4
0,7,0,100,7,25,0,7,0,4
3,0,0,103,6,28,3,6,3,4
44,0,1,99,0,30,100,98,4,4
0,62,0,101,-8,25,0,100,0,4
37,50,0,93,-8,25,87,112,0,4
41,71,7,99,-3,22,3,95,3,4
1,71,0,101,0,29,0,99,28,4
1,70,0,105,-4,28,106,102,28,4
3,73,0,104,-1,25,3,101,25,4
39,0,0,99,1,25,3,0,25,4
39,0,3,96,2,23,89,0,0,4
0,0,9,103,1,24,103,1,21,4
3,0,0,103,2,27,0,0,1,4
3,0,5,103,6,23,0,6,8,4
0,6,3,100,8,22,100,7,12,4
7,10,9,107,10,22,7,10,12,4
0,6,10,103,9,22,100,9,6,4
0,0,9,105,7,23,106,3,1,4
0,1,0,101,1,26,100,1,25,4
0,57,0,101,-4,25,100,93,25,4
43,56,0,97,-6,25,93,87,25,4
0,56,0,100,-2,25,0,96,25,4
0,1,0,101,2,25,0,1,25,4
0,0,12,103,7,23,3,0,21,4
0,0,0,107,8,24,0,1,5,4
4,6,0,110,7,25,4,7,25,4
41,0,14,98,7,24,82,0,0,4
43,4,0,93,4,27,75,0,0,4
43,0,0,98,0,27,94,0,0,4
40,56,0,97,-3,25,94,103,0,4
1,0,0,101,1,26,100,1,0,4
0,1,1,101,4,26,100,0,0,4
1,0,0,105,0,25,103,0,0,4
37,56,6,96,-6,24,6,93,1,4
44,64,6,99,-10,23,5,87,3,4
0,50,0,104,-17,25,0,82,25,4
0,78,0,115,-12,25,112,75,0,4
0,70,4,109,-1,23,109,101,16,4
37,4,3,96,4,23,0,4,12,4
37,0,0,95,2,18,87,0,12,4
37,0,3,97,4,21,0,1,9,4
1,1,0,101,1,26,101,0,0,4
0,0,5,105,0,24,4,0,19,4
32,69,0,96,0,21,93,89,15,4
34,69,0,98,-3,20,0,93,18,4
0,68,3,100,-5,23,0,106,23,4
7,78,0,111,-3,25,0,87,25,4
12,79,16,120,-1,24,14,110,13,4
0,1,14,108,2,24,106,0,3,4
3,3,3,103,5,22,101,3,23,4
38,0,0,94,3,25,0,0,0,4
0,0,3,100,2,22,0,0,18,4
0,1,8,100,7,20,0,0,19,4
0,16,9,103,16,21,0,3,0,4
1,13,6,101,19,22,101,0,0,4
0,12,2,100,18,17,0,0,16,4
37,0,13,99,12,16,22,0,0,4
1,1,12,104,2,20,100,1,1,4
0,59,12,103,-2,22,103,97,3,4
3,64,8,104,-1,21,104,96,21,4
0,0,6,100,0,20,100,0,14,4
0,0,9,100,0,23,100,0,19,4
0,0,7,103,0,23,3,0,15,4
0,0,8,100,2,23,0,1,3,4
3,0,9,103,2,22,3,2,6,4
1,0,16,111,0,16,6,0,3,4
1,70,5,101,-1,12,0,118,10,4
0,71,9,101,-1,9,1,112,3,4
37,60,6,92,-2,19,78,100,12,4
0,64,0,100,-3,26,100,64,0,4
13,66,0,113,-8,29,112,78,28,4
6,66,7,107,-8,24,100,91,1,4
38,67,6,96,-1,20,1,93,12,4
32,64,1,94,0,21,0,99,19,4
0,62,0,100,-3,21,0,89,20,4
38,55,0,88,-7,22,12,92,6,4
0,51,21,104,-18,25,100,75,25,4
6,75,3,110,-23,18,10,100,1,4
17,75,4,118,-11,17,5,113,0,4
13,3,7,115,5,23,101,4,9,4
1,1,6,114,11,24,1,10,0,4
39,9,0,97,8,22,78,6,0,4
38,1,0,99,1,20,19,0,0,4
40,67,24,92,-1,24,92,90,10,4
4,75,21,105,-5,24,0,81,1,4
40,75,25,98,-7,25,10,92,25,4
0,72,0,102,-2,26,0,93,0,4
50,65,0,96,-8,28,94,112,3,4
45,51,6,98,-17,22,26,107,19,4
1,63,0,102,-11,16,1,100,3,4
0,1,0,101,5,27,1,3,0,4
9,15,1,111,18,29,3,18,0,4
35,16,6,98,17,24,1,0,15,4
31,12,6,94,13,20,0,12,7,4
39,12,6,99,13,22,14,13,12,4
1,0,9,101,8,23,100,7,4,4
0,6,9,106,10,22,6,9,3,4
1,0,0,107,7,25,107,0,25,4
5,3,0,111,3,25,5,0,25,4
1,58,12,102,0,24,1,98,5,4
43,56,10,95,-5,22,0,94,15,4
37,55,9,92,-6,23,92,91,17,4
0,57,0,100,-3,25,100,88,0,4
12,0,0,112,0,25,112,0,0,4
0,1,9,107,2,24,7,1,1,4
2,0,1,102,1,27,0,1,26,4
14,12,0,120,10,35,106,9,0,4
26,1,50,77,7,50,51,0,50,4
0,67,7,102,-26,35,1,73,1,4
28,1,6,78,1,47,0,1,21,4
31,15,53,81,21,53,56,12,3,4
26,4,51,81,28,63,81,25,13,4
25,3,56,86,10,56,84,6,6,4
25,0,57,82,10,57,6,10,6,4
31,14,56,81,14,57,0,13,6,4
29,13,50,80,13,55,0,13,5,4
37,5,56,89,5,59,51,0,9,4
28,0,50,85,0,62,25,0,12,4
28,0,57,85,2,58,0,2,0,4
29,0,56,86,4,57,0,3,7,4
39,6,54,90,8,55,90,8,4,4
40,1,50,87,5,57,0,0,0,4
28,1,50,84,1,55,3,1,0,4
28,72,51,85,0,55,0,98,54,4
26,0,50,83,1,54,2,0,3,4
28,75,50,85,-1,55,1,100,0,4
37,75,50,89,-6,56,0,103,1,4
44,76,50,94,-10,57,6,100,7,4
31,75,50,94,-5,56,13,100,6,4
32,76,50,94,0,50,0,100,0,4
25,5,1,89,5,48,0,3,20,4
26,7,1,91,9,48,16,3,9,4
25,9,0,88,11,49,87,5,6,4
37,10,3,92,11,49,3,1,13,4
31,8,50,94,8,51,82,8,0,4
38,1,6,94,5,49,6,1,19,4
37,6,5,91,7,49,0,6,25,4
40,6,51,91,7,51,90,0,0,4
40,4,53,91,5,53,0,0,3,4
38,0,50,88,0,51,12,0,0,4
31,61,51,83,0,52,0,101,1,4
37,1,51,87,1,51,0,0,2,4
37,0,50,91,6,54,0,6,3,4
37,2,50,91,8,53,12,7,3,4
38,0,50,89,8,50,14,1,0,4
39,0,50,92,7,50,40,6,0,4
37,3,50,94,10,50,1,5,0,4
37,0,50,90,8,50,27,0,0,4
39,3,50,89,5,53,25,2,0,4
39,0,51,89,6,51,0,0,1,4
37,4,50,87,4,50,12,1,0,4
39,1,50,89,1,50,12,0,1,4
30,69,50,86,-1,50,7,109,0,4
41,69,50,91,-5,51,75,94,0,4
39,64,52,89,-6,52,77,91,0,4
39,64,52,92,-10,52,1,88,2,4
37,64,51,91,-9,54,0,87,3,4
37,66,1,92,-7,49,5,92,15,4
37,77,1,92,0,48,4,-122,40,4
39,6,0,99,6,49,3,6,22,4
37,0,49,94,14,49,18,0,25,4
31,12,0,94,13,47,0,0,13,4
38,6,6,89,9,46,1,0,6,4
38,1,50,88,5,50,0,1,0,4
25,1,51,83,1,51,6,0,0,4
37,0,6,92,0,47,92,0,0,4
42,7,56,93,8,58,83,0,8,4
39,4,50,95,10,55,12,10,4,4
50,1,7,86,7,46,28,6,32,4
25,7,8,84,8,46,75,0,19,4
25,9,7,85,9,48,3,3,26,4
41,3,7,92,9,48,6,3,22,4
37,14,53,90,14,54,87,14,3,4
38,10,8,96,11,49,0,2,10,4
37,0,7,87,7,48,0,1,6,4
38,7,7,94,8,49,6,8,3,4
30,3,50,93,10,50,92,0,0,4
40,13,1,96,13,45,93,13,31,4
32,12,5,82,12,49,57,12,45,4
48,1,10,99,5,49,92,4,28,4
41,0,50,93,2,50,1,2,0,4
39,0,50,89,0,53,87,0,0,4
37,0,50,88,0,50,75,0,0,4
37,0,50,90,4,49,90,0,25,4
37,0,5,89,3,49,87,3,20,4
39,0,50,92,6,51,1,6,0,4
41,0,52,91,7,52,75,0,2,4
41,0,4,91,6,48,15,6,25,4
39,6,7,94,7,48,44,1,44,4
43,9,7,97,9,46,91,6,14,4
37,7,6,90,10,44,15,3,37,4
37,6,7,91,12,44,16,9,31,4
39,0,7,92,7,49,65,0,14,4
37,0,53,92,0,53,92,0,53,4
43,0,52,93,0,52,68,0,2,4
37,3,50,91,3,50,75,3,50,4
38,0,7,89,3,49,76,3,49,4
39,0,50,92,0,50,79,0,0,4
37,62,50,91,0,51,63,96,0,4
37,3,2,94,3,49,25,0,36,4
40,0,4,90,3,49,87,0,46,4
53,0,3,92,3,49,17,3,1,4
43,7,50,93,7,52,12,1,2,4
46,0,1,94,8,52,0,2,0,4
43,7,50,95,10,51,25,3,1,4
28,0,3,85,7,48,78,0,4,4
31,3,9,83,3,47,83,3,34,4
26,3,51,83,3,55,7,3,51,4
40,7,50,94,8,49,93,7,39,4
40,16,8,90,16,48,89,0,11,4
38,19,9,96,21,49,7,1,20,4
37,13,0,94,14,44,25,14,19,4
31,6,6,84,9,43,81,0,18,4
37,5,51,94,6,53,75,6,3,4
43,0,50,98,2,52,95,0,0,4
47,67,51,98,-1,51,10,101,1,4
41,0,4,93,4,48,12,1,10,4
38,2,0,88,8,44,88,0,6,4
43,7,0,93,12,43,6,3,6,4
39,0,4,95,7,48,93,7,10,4
38,3,50,94,9,50,94,0,0,4
40,7,2,91,10,46,25,9,6,4
43,3,0,94,3,44,26,3,44,4
37,0,44,94,0,44,3,0,25,4
50,65,50,95,-2,50,1,84,0,4
50,66,53,89,-8,54,76,75,4,4
50,51,51,89,-12,55,75,101,0,4
50,62,50,86,-5,53,78,93,0,4
50,1,53,89,3,53,1,3,0,4
41,3,1,91,4,48,90,3,22,4
37,3,50,91,3,50,90,3,0,4
37,3,50,88,4,50,88,4,0,4
44,4,50,94,5,50,87,2,0,4
38,0,50,94,5,50,25,0,0,4
43,7,0,96,7,45,32,7,12,4
42,6,2,92,6,39,39,6,37,4
37,0,3,88,6,43,0,0,14,4
40,3,52,90,4,52,50,0,1,4
0,1,50,100,1,57,86,0,7,4
50,0,53,91,0,53,78,0,3,4
37,0,50,88,0,50,88,0,0,4
50,65,50,90,0,50,3,99,0,4
40,64,53,91,-4,53,75,89,0,4
41,62,50,91,-3,52,91,90,2,4
41,64,52,91,-3,52,88,93,2,4
51,0,50,91,0,53,0,0,3,4
53,0,1,91,3,48,37,3,42,4
39,9,0,92,9,48,12,3,44,4
35,15,0,87,15,47,12,13,31,4
38,13,0,88,13,48,88,12,4,4
40,3,4,90,10,49,14,4,7,4
37,0,2,88,6,49,0,6,3,4
38,0,7,91,0,49,3,0,14,4
43,1,53,95,1,53,93,3,0,4
37,0,50,90,0,50,12,0,50,4
27,0,0,87,0,45,76,0,25,4
39,0,5,92,0,49,28,0,13,4
0,0,55,100,2,55,0,0,0,4
38,0,3,94,0,48,94,0,32,4
38,0,0,91,4,43,3,1,14,4
37,6,50,89,6,50,87,0,0,4
39,0,1,96,0,48,89,0,19,4
39,0,1,92,1,49,16,1,18,4
42,0,50,92,3,50,4,3,0,4
39,5,0,96,5,48,7,0,10,4
45,3,2,96,11,49,19,3,19,4
37,12,0,91,12,48,16,12,21,4
36,6,8,86,7,48,1,6,25,4
50,60,50,90,0,50,90,94,0,4
50,50,51,88,-7,51,0,89,1,4
37,57,50,89,-2,51,87,93,0,4
42,1,51,92,4,51,78,0,1,4
37,8,50,91,8,50,3,6,0,4
39,0,6,89,7,46,89,7,21,4
40,7,6,90,7,49,0,0,17,4
39,0,50,90,5,50,0,4,0,4
39,0,5,95,7,49,37,1,37,4
45,6,9,95,9,49,64,0,35,4
47,0,6,99,9,44,85,9,44,4
41,13,8,92,13,46,16,0,21,4
35,11,6,86,12,48,60,7,27,4
42,0,51,92,3,51,4,3,1,4
37,62,53,87,0,53,87,99,0,4
37,0,50,92,1,51,92,0,0,4
43,0,8,93,3,49,93,3,11,4
38,1,50,91,5,50,77,6,0,4
43,0,7,95,3,49,0,3,19,4
34,0,50,87,0,50,3,0,0,4
39,62,50,89,-1,50,27,97,0,4
50,0,50,88,0,50,75,0,0,4
44,3,50,94,3,51,12,3,0,4
50,8,50,89,8,51,26,0,1,4
39,7,1,92,11,45,4,0,6,4
31,14,3,86,14,49,9,1,14,4
38,12,50,93,12,50,16,0,0,4
39,0,51,90,6,52,91,6,3,4
37,0,51,87,2,52,0,0,0,4
34,0,3,85,2,48,85,1,1,4
37,0,50,87,6,51,0,0,1,4
37,0,51,89,3,52,76,3,0,4
37,3,50,91,3,50,4,3,0,4
38,3,0,96,9,44,14,6,32,4
43,0,1,94,16,47,93,0,25,4
37,7,3,96,10,48,96,0,22,4
37,6,0,90,6,49,3,0,18,4
42,3,1,92,3,48,0,0,14,4
40,0,4,92,2,49,1,0,17,4
46,3,3,97,5,50,18,1,0,4
37,7,0,94,7,48,0,0,3,4
40,0,43,96,13,43,40,0,43,4
37,12,0,94,15,43,69,3,31,4
38,6,1,91,6,45,38,0,25,4
51,64,50,94,0,50,3,97,0,4
50,50,51,94,-12,55,6,82,2,4
51,56,53,85,-15,53,81,81,3,4
50,50,3,86,-7,48,79,88,25,4
50,4,50,87,4,50,83,0,0,4
37,8,50,92,8,50,92,8,0,4
44,1,7,96,8,49,0,6,14,4
37,1,6,91,11,48,0,0,18,4
39,13,6,95,13,47,31,12,32,4
44,12,7,96,13,48,44,0,45,4
43,6,7,95,9,48,37,9,28,4
30,1,0,86,10,44,6,7,13,4
36,10,7,87,11,46,84,3,12,4
38,5,50,89,5,50,2,5,0,4
41,0,50,93,1,53,0,0,3,4
44,1,51,94,3,53,6,0,3,4
37,0,50,90,3,50,87,0,0,4
37,0,50,92,3,50,92,3,0,4
40,0,50,92,2,55,92,2,5,4
50,57,50,87,-3,51,87,95,0,4
51,63,50,85,-1,50,78,-96,0,4
40,0,50,90,2,50,37,0,0,4
37,9,48,91,10,48,87,0,16,4
38,12,1,90,14,46,0,12,45,4
37,15,5,89,16,49,1,0,6,4
42,12,50,92,12,50,16,9,0,4
37,0,6,88,5,48,0,0,4,4
42,0,50,92,0,50,90,0,0,4
37,66,50,91,0,51,4,105,50,4
37,69,51,90,-2,51,62,100,51,4
37,1,3,94,1,48,7,0,41,4
39,0,3,96,8,46,15,7,28,4
40,6,3,91,7,47,0,7,19,4
37,6,0,93,6,46,6,0,21,4
39,2,2,92,5,46,3,3,19,4
38,1,5,91,4,49,87,4,0,4
43,6,50,96,6,50,9,0,0,4
37,1,1,94,8,46,13,1,6,4
37,9,0,93,11,46,12,4,0,4
41,14,0,98,14,47,25,0,0,4
38,16,0,96,16,49,39,12,3,4
38,0,0,89,12,45,13,0,39,4
54,0,7,92,1,48,3,0,28,4
50,56,51,89,-5,51,0,100,0,4
36,50,50,86,-8,51,77,88,1,4
39,0,7,89,0,49,87,1,0,4
38,9,50,89,9,50,0,9,0,4
42,10,50,92,10,50,12,0,0,4
42,1,50,92,8,52,3,7,0,4
40,0,50,90,7,50,75,0,0,4
41,3,50,91,5,50,16,0,50,4
50,0,50,93,5,50,38,0,0,4
52,0,8,94,5,48,62,0,23,4
41,0,4,91,7,48,12,0,6,4
35,5,50,87,5,50,60,1,0,4
41,0,53,91,2,54,12,1,1,4
50,0,56,90,1,56,90,1,0,4
50,0,50,90,0,51,3,0,1,4
40,0,4,90,0,48,3,0,18,4
42,1,4,93,1,49,76,1,20,4
39,0,50,92,0,52,92,0,1,4
50,57,50,94,-4,55,25,101,3,4
50,66,50,92,0,52,62,0,51,4
50,0,0,93,7,48,43,0,37,4
31,13,0,83,13,47,82,13,16,4
37,14,0,88,14,44,0,14,0,4
35,12,3,87,12,49,8,0,7,4
39,3,50,93,3,52,92,0,0,4
43,0,52,96,0,52,89,0,1,4
42,0,51,93,3,51,91,3,0,4
38,5,1,91,5,48,3,0,4,4
37,6,51,91,7,52,12,7,2,4
43,4,52,94,4,52,51,0,2,4
38,0,0,88,1,48,88,0,34,4
32,0,0,87,3,41,82,3,28,4
40,12,1,90,12,46,0,0,25,4
0,12,50,100,14,51,100,0,0,4
44,7,5,98,8,48,2,8,18,4
39,4,1,92,11,46,3,1,7,4
40,13,0,90,13,44,0,13,13,4
45,14,3,95,14,47,0,0,7,4
45,12,51,98,13,51,1,0,0,4
50,0,50,93,8,51,53,8,50,4
50,3,2,86,3,46,85,3,33,4
50,0,6,82,0,46,6,0,19,4
51,56,8,89,-1,49,12,100,29,4
47,57,54,97,-2,55,90,96,4,4
46,60,53,96,0,55,93,0,0,4
41,6,50,91,6,50,0,0,0,4
38,0,5,87,8,48,0,1,20,4
37,6,50,89,6,51,89,6,0,4
42,4,55,92,4,55,42,1,1,4
50,2,50,92,5,52,6,0,0,4
40,3,50,90,10,52,75,0,0,4
50,12,5,88,14,48,12,0,23,4
50,0,6,87,11,47,1,6,21,4
39,6,51,89,8,51,1,8,1,4
40,0,50,92,4,53,0,3,3,4
42,0,51,93,0,52,1,0,1,4
39,1,50,90,1,50,1,0,0,4
41,3,50,91,3,50,0,0,0,4
38,0,50,88,5,50,0,3,0,4
42,0,3,92,3,49,0,0,7,4
44,0,50,94,5,50,88,0,0,4
44,7,2,96,7,49,75,6,0,4
42,6,3,92,7,48,27,7,20,4
37,1,0,88,10,45,0,7,14,4
37,5,3,87,5,48,0,0,6,4
37,0,50,90,3,50,64,0,0,4
38,0,50,96,0,51,0,0,1,4
40,69,0,91,-3,48,12,87,23,4
40,3,3,91,3,49,87,0,22,4
37,8,1,94,8,48,0,6,26,4
37,4,0,92,4,47,17,3,28,4
39,0,3,96,5,48,19,7,25,4
40,6,50,90,9,50,87,6,0,4
43,1,0,94,5,48,0,2,18,4
42,0,50,92,4,50,0,1,0,4
45,8,50,95,8,51,6,8,1,4
43,7,51,94,12,51,6,4,0,4
39,12,0,89,12,47,0,12,9,4
37,12,1,89,13,45,13,0,1,4
42,12,50,92,12,50,26,12,0,4
53,6,50,91,6,54,0,6,0,4
52,0,5,87,1,49,2,0,20,4
51,0,3,83,0,47,1,0,21,4
50,0,52,89,4,53,87,3,3,4
46,3,56,96,3,56,0,0,6,4
40,3,54,91,3,54,91,0,3,4
50,3,51,86,5,51,9,5,0,4
55,2,50,86,2,54,4,1,4,4
53,0,57,92,0,58,0,0,7,4
53,0,50,91,1,55,25,0,5,4
50,0,50,89,7,50,52,1,0,4
50,2,50,88,11,50,13,6,0,4
50,11,51,87,11,51,0,11,1,4
50,7,50,90,7,53,90,5,0,4
50,3,51,89,4,55,1,1,0,4
50,0,51,88,3,54,0,3,1,4
38,0,51,88,1,51,0,1,0,4
38,0,5,88,3,49,88,3,17,4
50,0,50,92,6,53,93,6,4,4
45,6,53,95,6,54,95,0,3,4
50,0,51,87,0,52,0,0,1,4
51,0,51,90,0,51,26,0,0,4
50,1,51,89,4,52,89,4,1,4
53,7,50,92,7,50,37,2,25,4
31,6,0,84,11,48,0,1,9,4
40,14,46,90,13,46,15,0,2,4
37,6,51,93,10,51,0,0,1,4
43,0,53,94,1,53,93,0,3,4
42,0,50,92,0,53,87,0,0,4
31,64,1,86,0,49,3,87,12,4
33,68,48,86,0,50,3,99,0,4
50,0,51,94,0,55,44,0,53,4
46,76,50,96,0,56,18,119,6,4
37,0,50,91,1,50,87,0,0,4
37,6,47,87,6,47,0,0,18,4
42,6,48,92,7,50,92,0,0,4
37,6,49,92,6,49,0,6,16,4
43,10,0,93,10,49,0,9,12,4
44,9,50,96,11,50,13,0,0,4
37,6,0,94,8,49,6,0,14,4
39,6,0,92,7,48,13,7,10,4
41,0,50,91,5,50,88,3,0,4
51,0,50,89,0,51,14,0,1,4
51,59,0,85,-2,48,82,97,21,4
57,61,50,85,0,50,0,103,0,4
51,0,56,89,0,56,90,0,3,4
50,58,53,91,-4,53,3,101,3,4
50,62,50,90,-2,52,90,96,2,4
51,64,50,89,0,53,12,102,0,4
51,65,51,89,-1,55,2,98,1,4
50,65,50,91,-2,57,13,94,57,4
42,66,51,92,-1,55,4,98,0,4
44,67,51,94,0,51,31,99,1,4
39,64,3,89,-4,49,1,94,21,4
50,68,0,89,-5,45,25,93,31,4
50,68,0,85,0,46,28,0,19,4
51,0,1,85,1,51,75,1,50,4
50,1,51,94,8,57,19,0,1,4
50,4,50,94,10,55,81,3,0,4
50,1,51,89,7,52,1,0,2,4
53,0,53,86,1,54,8,0,1,4
51,62,51,86,-5,52,79,100,1,4
50,63,50,87,-5,53,87,100,3,4
50,70,50,90,-3,52,14,106,2,4
39,0,1,89,0,51,89,0,0,4
39,1,0,90,2,48,2,2,9,4
37,1,48,89,2,48,14,0,0,4
46,75,0,97,0,50,65,74,0,4
41,70,50,99,-1,51,48,110,1,4
41,2,48,93,2,48,93,1,4,4
37,3,48,91,3,48,13,0,9,4
37,3,0,89,3,50,14,3,0,4
50,73,50,90,-1,51,77,90,0,4
37,68,50,90,-5,51,15,100,50,4
39,71,46,89,-3,48,76,87,20,4
40,75,0,93,-1,50,17,104,0,4
43,75,50,93,-1,55,87,106,0,4
43,0,50,94,0,51,0,0,0,4
38,0,47,88,0,47,1,0,25,4
37,0,43,91,4,44,3,1,18,4
39,7,50,89,7,50,1,0,0,4
39,6,0,95,6,48,0,6,7,4
37,3,0,91,3,46,0,3,6,4
43,3,0,93,4,46,0,0,6,4
44,3,0,97,3,48,12,3,4,4
43,4,0,96,5,49,95,4,3,4
44,3,50,96,5,50,21,4,0,4
41,0,0,91,0,49,0,0,13,4
50,66,0,88,-1,48,12,97,28,4
50,53,50,88,-8,51,0,88,1,4
50,63,50,90,-11,51,91,87,1,4
50,51,50,88,-9,57,88,87,7,4
50,54,51,87,-7,54,87,88,4,4
52,63,51,86,-2,51,7,100,1,4
50,3,50,91,3,53,0,0,0,4
50,1,50,91,8,54,2,0,0,4
50,1,51,91,7,52,12,7,0,4
50,0,50,91,3,51,3,3,1,4
39,1,51,89,2,51,27,2,0,4
51,1,50,90,4,51,38,1,0,4
37,0,50,87,3,50,9,0,0,4
50,1,52,85,1,52,0,1,1,4
50,62,50,89,-2,56,87,91,6,4
51,64,53,92,-4,55,4,100,0,4
50,66,50,89,0,54,1,96,0,4
50,0,51,90,0,51,0,0,0,4
50,0,50,86,0,52,85,0,0,4
50,64,50,89,-1,53,87,95,0,4
51,65,51,90,-3,52,0,96,2,4
50,69,50,92,-1,51,87,94,0,4
42,0,50,92,1,52,14,0,0,4
39,3,0,89,4,50,25,0,0,4
37,0,47,86,5,48,3,0,9,4
40,0,50,90,4,50,15,1,0,4
41,0,50,91,3,53,0,0,0,4
41,0,50,93,0,54,3,0,1,4
39,0,0,89,0,50,88,0,0,4
37,0,48,88,0,49,0,0,14,4
37,72,50,90,-1,50,88,96,0,4
40,73,50,93,-1,53,89,90,3,4
39,0,51,93,0,52,89,0,50,4
37,0,49,90,1,49,37,1,31,4
40,4,48,89,5,48,87,3,22,4
37,6,0,90,6,48,0,6,21,4
37,0,0,90,2,50,0,0,0,4
39,0,50,93,0,51,3,0,1,4
37,2,0,91,5,49,91,2,10,4
44,7,0,95,7,49,1,6,0,4
37,7,50,93,8,50,13,0,0,4
37,6,50,91,9,50,3,9,0,4
42,1,50,93,5,50,3,5,0,4
39,0,0,89,0,49,0,0,21,4
50,0,0,88,0,48,0,0,25,4
50,0,50,92,2,50,0,2,0,4
50,1,55,93,1,55,0,1,0,4
41,62,50,91,-2,52,0,96,0,4
50,62,50,87,-2,51,87,96,1,4
50,63,51,87,0,55,0,99,0,4
51,64,50,89,-1,56,0,96,0,4
50,65,50,89,-1,57,1,98,7,4
51,0,50,88,1,53,12,0,0,4
50,1,50,87,4,51,12,4,0,4
50,3,50,88,5,50,25,1,0,4
50,2,50,88,5,51,25,5,0,4
36,4,50,85,5,53,84,0,3,4
51,0,51,89,3,54,89,3,3,4
52,63,53,90,-1,54,0,103,3,4
50,66,50,88,0,54,0,103,3,4
50,0,51,90,2,52,2,0,0,4
50,0,51,92,1,52,90,1,1,4
41,0,50,91,1,51,87,0,1,4
39,1,51,90,2,51,90,1,1,4
39,0,50,90,1,51,0,1,0,4
42,0,52,93,1,52,93,0,0,4
51,0,50,89,0,51,90,0,0,4
51,0,50,92,1,50,92,1,0,4
41,0,50,91,3,53,16,0,0,4
37,0,0,89,3,49,13,0,25,4
39,7,1,89,7,48,0,7,12,4
37,6,50,89,7,51,0,7,1,4
41,3,53,92,3,53,4,3,0,4
38,1,50,89,1,53,0,1,0,4
50,1,50,88,1,50,0,1,0,4
37,1,50,87,1,50,0,0,0,4
39,0,50,93,1,50,90,0,0,4
37,0,50,91,0,51,0,0,0,4
37,0,0,91,1,48,3,0,32,4
50,0,50,92,1,52,15,0,0,4
46,0,52,96,2,52,2,2,0,4
37,1,0,91,1,49,90,1,31,4
39,3,48,89,3,48,1,3,23,4
37,1,50,90,4,51,87,0,0,4
39,0,51,92,4,51,89,0,1,4
43,6,50,93,7,50,0,0,0,4
37,12,50,94,12,50,6,0,0,4
37,13,3,92,16,48,0,0,15,4
38,16,50,92,16,50,15,14,0,4
50,2,50,91,12,50,88,7,50,4
50,6,51,88,6,51,88,6,0,4
56,0,53,84,0,53,0,0,3,4
57,59,50,85,0,55,3,100,3,4
50,0,50,87,0,56,87,0,0,4
51,0,53,83,0,53,81,0,0,4
50,5,53,89,5,55,89,2,3,4
52,8,56,89,8,57,0,8,0,4
50,0,53,89,6,55,1,6,3,4
51,0,54,89,7,54,12,7,3,4
50,0,53,87,7,54,0,7,3,4
50,0,53,90,7,54,88,7,4,4
50,0,53,87,3,53,25,0,0,4
50,0,51,91,6,51,16,6,1,4
36,0,50,86,8,52,3,1,1,4
50,5,53,88,5,54,87,0,0,4
50,0,55,88,2,55,12,0,3,4
50,3,55,87,3,55,0,0,3,4
50,0,53,88,1,53,0,1,0,4
40,1,50,90,1,52,87,0,0,4
37,0,54,87,0,54,0,0,3,4
50,62,51,87,-3,55,87,96,3,4
50,66,52,91,0,52,3,100,1,4
37,0,50,90,5,50,89,5,0,4
40,6,1,91,6,49,3,6,26,4
41,6,50,91,6,50,13,6,0,4
42,4,50,92,4,51,28,0,3,4
38,6,50,91,7,50,88,6,0,4
38,7,50,91,10,50,13,10,0,4
41,6,50,91,7,50,3,7,0,4
38,0,52,93,3,52,5,3,1,4
39,0,50,90,2,53,87,2,0,4
50,0,50,87,1,51,0,0,1,4
50,69,50,87,0,56,0,93,6,4
50,65,53,90,-2,55,12,100,5,4
51,0,50,90,0,53,2,0,0,4
40,0,50,91,1,52,3,0,0,4
34,0,50,85,2,51,0,1,0,4
39,1,50,91,1,50,3,0,0,4
31,3,50,87,5,51,4,0,1,4
44,7,52,94,7,52,0,7,2,4
42,6,51,92,7,52,4,6,0,4
37,0,51,91,6,51,0,0,1,4
50,6,50,88,7,50,0,7,0,4
50,4,51,89,5,51,89,1,1,4
43,6,51,93,6,51,0,6,1,4
40,3,51,90,9,51,0,0,0,4
37,2,3,88,8,48,25,0,32,4
37,7,50,87,8,50,87,2,0,4
41,0,50,92,5,50,92,0,0,4
50,0,50,91,0,55,87,0,0,4
52,0,53,92,0,55,3,0,5,4
50,0,51,85,2,51,0,1,1,4
51,0,50,86,5,51,0,0,0,4
50,1,54,89,5,54,0,1,0,4
51,0,55,92,6,55,3,0,0,4
50,6,53,86,6,53,6,6,3,4
50,0,50,88,6,50,25,6,0,4
50,0,50,90,7,50,25,7,0,4
38,1,4,88,8,49,13,7,19,4
50,0,50,89,9,51,75,9,0,4
50,0,53,91,7,53,4,6,0,4
50,0,54,91,5,54,0,2,1,4
40,2,53,90,2,53,0,1,3,4
50,0,51,88,1,51,87,1,0,4
37,1,51,87,1,51,87,0,0,4
50,0,53,87,0,53,87,0,0,4
50,64,50,91,-3,51,3,100,1,4
38,66,50,88,-2,50,87,97,0,4
45,70,50,95,0,50,89,95,0,4
43,0,50,93,0,50,7,0,0,4
44,3,50,94,3,50,81,0,0,4
43,0,2,96,8,49,44,7,33,4
37,12,2,90,12,46,12,0,18,4
37,5,2,93,12,46,6,0,7,4
42,12,51,92,12,51,0,12,3,4
39,1,53,92,1,53,0,1,3,4
37,0,51,88,0,52,0,0,1,4
37,0,50,87,7,50,0,6,0,4
31,4,50,84,5,51,75,1,0,4
50,0,0,89,1,44,75,0,38,4
37,4,51,89,4,52,0,0,0,4
46,9,50,96,9,52,93,9,2,4
45,6,50,95,6,50,1,0,0,4
37,9,0,92,10,48,4,0,16,4
39,6,0,90,7,48,1,7,12,4
44,0,50,96,3,53,0,3,0,4
43,3,50,93,3,53,0,0,3,4
38,3,50,88,4,50,0,3,0,4
51,1,50,89,1,50,2,1,0,4
50,0,53,88,3,53,12,3,0,4
50,3,50,87,3,51,12,3,1,4
40,3,7,90,3,49,0,0,0,4
37,6,50,92,8,50,1,6,0,4
40,1,51,91,4,52,91,3,2,4
50,58,51,91,0,54,0,99,1,4
50,60,53,87,0,53,87,97,3,4
50,2,50,87,2,51,0,3,2,4
50,4,53,89,4,53,88,3,0,4
50,1,51,92,7,52,17,6,1,4
41,3,53,91,10,53,0,10,0,4
50,3,50,92,9,50,27,9,0,4
51,0,7,88,7,48,28,0,48,4
37,1,3,89,8,47,12,0,28,4
34,1,3,87,5,48,62,3,12,4
39,0,51,89,3,51,14,3,0,4
43,1,55,94,1,55,93,1,1,4
42,2,50,93,2,55,5,0,3,4
43,3,51,93,3,51,6,3,0,4
41,3,50,91,3,51,0,3,0,4
40,2,50,90,2,52,0,1,0,4
50,0,53,87,0,53,0,0,3,4
37,0,50,87,0,51,75,0,1,4
37,1,3,89,1,49,26,0,44,4
40,6,1,89,6,51,37,6,0,4
37,3,2,90,4,49,90,1,3,4
37,0,1,87,7,49,87,1,48,4
43,0,51,93,3,51,0,0,0,4
40,69,50,90,-2,53,78,100,3,4
40,70,50,91,0,52,87,0,0,4
40,0,0,90,1,48,25,1,20,4
42,1,3,92,2,49,1,1,30,4
45,0,50,96,0,52,8,0,0,4
39,68,0,89,-1,47,0,95,28,4
39,0,0,89,0,43,89,1,18,4
37,6,50,92,6,50,88,0,0,4
42,3,50,99,5,51,98,1,1,4
43,6,1,94,6,49,0,6,15,4
42,6,50,92,9,50,2,3,0,4
44,3,50,94,5,50,0,3,0,4
40,0,1,91,3,49,0,3,16,4
37,1,0,90,7,47,90,0,0,4
50,7,0,91,8,48,15,1,15,4
44,1,50,94,8,50,0,7,0,4
42,3,5,92,10,48,5,9,28,4
41,0,6,92,9,48,0,6,34,4
41,5,50,91,5,51,90,0,0,4
50,0,50,89,0,51,0,0,0,4
50,1,50,86,1,50,81,1,0,4
50,0,51,90,1,52,90,0,0,4
50,0,54,90,1,55,89,1,3,4
50,0,54,90,1,55,0,0,2,4
50,3,50,87,3,53,37,3,0,4
50,1,51,88,5,51,50,4,1,4
53,5,7,91,5,48,50,1,14,4
37,0,1,87,7,46,0,0,21,4
38,0,3,88,7,46,54,1,16,4
51,0,50,91,2,53,3,0,0,4
43,0,52,93,0,58,93,0,6,4
42,0,53,92,0,53,92,0,0,4
40,0,50,92,1,50,89,1,0,4
39,3,50,92,4,50,90,1,0,4
40,3,53,91,3,54,91,3,3,4
56,0,50,88,0,55,13,101,3,4
50,60,51,90,-1,52,25,96,0,4
50,0,3,89,1,49,76,0,28,4
51,3,1,88,3,49,88,3,36,4
42,0,50,92,5,50,17,4,0,4
50,9,51,92,10,51,25,9,0,4
38,13,50,91,15,50,3,12,0,4
37,14,50,89,14,50,2,14,0,4
41,6,50,91,10,52,1,10,0,4
39,0,51,89,7,55,87,7,3,4
50,3,51,87,3,55,6,3,5,4
37,0,50,87,2,53,87,0,0,4
50,0,52,89,4,52,64,0,0,4
39,0,50,89,3,52,1,0,0,4
32,0,2,85,2,46,84,1,32,4
40,9,4,92,9,49,91,9,0,4
44,8,54,96,12,54,94,6,4,4
43,0,50,93,5,50,6,3,0,4
37,0,0,91,3,48,87,3,16,4
43,7,50,93,7,50,6,0,0,4
43,10,50,96,10,50,5,10,0,4
1,0,0,101,15,48,0,3,35,4
37,12,1,88,14,46,87,14,14,4
50,6,9,91,10,47,75,7,25,4
50,0,50,95,0,51,0,0,1,4
50,50,51,91,-7,54,0,87,1,4
51,50,51,85,-6,51,79,88,1,4
50,0,50,87,3,50,87,0,0,4
50,12,51,89,12,52,0,10,0,4
50,0,50,92,12,53,3,12,0,4
50,10,50,89,10,52,0,6,0,4
50,11,50,86,11,50,4,7,0,4
50,3,7,91,11,49,90,5,16,4
51,3,7,91,9,49,41,6,35,4
37,0,3,90,7,47,0,1,16,4
32,7,5,85,7,49,53,6,0,4
38,0,53,90,2,53,14,1,3,4
43,0,50,94,1,53,94,1,0,4
41,0,51,93,3,52,17,3,1,4
41,3,5,91,3,49,0,0,21,4
37,3,3,92,5,46,89,3,18,4
37,1,50,92,4,51,87,4,1,4
43,0,50,95,0,52,12,0,0,4
50,0,51,91,0,51,91,0,0,4
50,0,53,94,2,53,19,2,3,4
39,4,3,89,4,49,89,1,26,4
37,6,0,87,7,43,12,7,6,4
39,4,6,91,12,45,88,12,6,4
43,5,53,93,12,53,93,12,0,4
43,0,53,93,0,53,3,0,3,4
37,66,3,89,0,48,0,95,16,4
32,6,3,86,6,47,2,6,16,4
39,1,50,91,3,51,0,0,1,4
45,74,50,95,0,51,1,100,1,4
39,4,52,93,4,52,4,1,1,4
40,0,50,90,3,50,90,0,0,4
37,0,1,87,0,48,0,0,20,4
39,0,50,90,0,50,89,0,0,4
0,5,51,100,5,51,0,0,1,4
40,12,51,98,13,52,6,13,0,4
38,20,48,94,20,48,25,14,19,4
33,18,0,87,19,45,54,19,1,4
39,8,6,89,11,46,62,6,29,4
51,1,51,90,1,51,88,1,0,4
50,51,52,90,-4,52,0,93,1,4
50,54,50,86,0,53,85,94,0,4
50,6,52,87,6,52,82,6,1,4
50,9,50,90,9,54,87,10,5,4
50,9,51,90,10,55,3,0,3,4
50,10,50,89,11,53,0,11,0,4
50,9,52,87,10,52,11,9,0,4
50,9,50,89,10,53,25,4,3,4
53,3,50,90,11,52,26,0,1,4
53,4,6,90,12,48,53,6,29,4
32,9,6,83,10,48,76,0,13,4
50,6,50,83,7,53,82,1,0,4
50,56,56,91,-1,57,0,90,6,4
41,56,51,91,-3,55,91,95,7,4
50,0,54,89,1,54,1,0,4,4
50,0,53,90,1,54,87,0,0,4
50,62,53,91,0,53,87,99,0,4
39,60,53,90,0,53,89,100,0,4
50,0,3,93,0,49,29,0,16,4
41,7,0,92,7,49,40,6,2,4
44,9,0,93,12,49,25,0,15,4
37,8,0,88,12,48,87,10,9,4
37,3,2,91,10,49,0,9,10,4
37,1,51,91,7,51,3,0,0,4
41,3,50,91,3,51,88,0,1,4
40,0,51,89,2,52,1,0,0,4
39,1,50,89,1,50,0,1,0,4
40,1,51,90,1,51,75,1,0,4
41,1,50,91,1,54,3,0,53,4
42,0,50,92,1,51,92,0,1,4
37,2,50,90,6,50,89,6,0,4
37,6,1,88,8,49,0,1,19,4
39,8,2,92,8,49,91,7,20,4
37,5,50,93,11,51,0,11,1,4
43,3,2,94,10,49,0,0,11,4
37,12,0,92,14,46,0,15,6,4
37,12,1,90,17,48,87,0,3,4
41,3,0,97,11,46,97,9,14,4
42,2,6,92,8,48,0,2,23,4
50,6,50,94,6,53,6,6,3,4
50,1,50,91,1,50,0,0,0,4
50,0,50,84,0,50,0,0,0,4
53,56,51,86,-1,51,1,97,1,4
50,59,56,88,0,56,0,96,0,4
50,0,56,91,0,56,88,0,6,4
50,4,53,89,4,53,0,2,3,4
50,7,50,88,8,51,0,7,0,4
50,9,51,91,10,51,28,3,0,4
51,0,50,92,9,50,42,0,0,4
39,0,6,89,9,46,14,0,18,4
34,6,4,85,8,48,78,1,12,4
50,0,50,87,4,53,87,0,3,4
50,0,50,92,0,56,92,90,0,4
50,0,53,91,0,53,78,0,3,4
41,3,50,91,5,50,90,4,0,4
45,0,6,95,7,48,81,6,14,4
44,1,50,94,4,51,81,3,0,4
42,1,50,93,1,52,12,0,2,4
39,0,1,89,1,48,25,0,40,4
37,4,2,88,5,46,13,5,14,4
50,8,2,92,8,49,5,6,26,4
43,6,51,93,6,51,25,6,1,4
42,3,0,93,4,50,78,3,37,4
37,7,0,90,8,47,28,1,16,4
37,7,50,89,10,50,89,10,0,4
37,3,51,91,3,51,0,3,0,4
39,67,51,89,0,51,0,93,0,4
37,0,51,89,0,51,0,0,1,4
39,71,50,89,-3,50,75,90,0,4
45,75,50,95,-2,50,12,110,0,4
38,0,50,91,1,50,90,0,0,4
44,4,0,94,4,48,0,0,26,4
42,1,0,92,4,47,12,1,18,4
37,3,1,93,4,49,87,0,15,4
44,0,0,97,7,47,7,6,12,4
37,0,0,96,9,48,0,3,4,4
44,12,0,97,12,47,3,12,6,4
45,8,46,95,8,46,15,6,7,4
45,1,48,95,4,48,89,0,0,4
50,1,1,92,0,50,3,0,0,4
50,60,3,89,0,49,87,96,17,4
56,56,53,85,-4,53,0,95,0,4
54,54,51,85,-8,51,85,87,0,4
51,58,53,83,-1,53,1,96,3,4
53,1,53,88,3,52,0,0,1,4
51,1,53,91,5,54,12,4,4,4
51,1,50,89,5,53,0,4,0,4
50,0,51,91,4,51,25,0,1,4
52,0,50,86,3,50,32,3,0,4
50,3,50,84,3,50,78,0,0,4
51,0,53,89,0,53,12,0,3,4
43,56,51,95,-3,51,6,100,0,4
39,0,50,93,3,51,12,3,0,4
50,0,50,92,6,51,0,0,0,4
50,0,5,93,0,49,0,0,22,4
50,1,2,86,1,49,4,0,21,4
39,62,3,90,-1,48,0,98,12,4
39,64,4,92,0,49,92,93,10,4
39,3,4,95,3,49,89,0,7,4
37,1,6,94,2,48,0,1,17,4
54,73,6,91,-1,49,38,115,25,4
44,0,1,94,0,48,94,0,23,4
38,6,41,92,6,41,14,6,3,4
41,7,0,92,10,43,4,0,5,4
38,12,1,94,12,46,0,12,6,4
38,6,3,97,8,49,97,8,13,4
41,3,1,92,4,48,3,4,17,4
41,0,0,91,1,47,88,0,18,4
39,0,0,92,0,48,1,0,18,4
40,1,50,91,2,51,87,0,1,4
43,73,2,94,0,49,6,99,29,4
37,0,1,93,1,50,87,1,0,4
42,6,0,92,6,48,89,0,22,4
42,2,1,92,8,45,92,0,18,4
39,9,0,95,12,46,95,12,12,4
37,14,3,94,15,48,0,15,7,4
37,12,0,96,16,44,0,0,0,4
43,17,1,98,18,42,9,17,0,4
43,12,0,96,14,44,59,0,44,4
43,0,1,94,6,45,87,6,14,4
51,62,7,94,0,46,6,98,19,4
53,56,51,89,-7,52,0,100,2,4
51,57,51,89,-13,51,89,84,0,4
50,50,51,84,-10,52,3,87,2,4
50,57,53,87,-3,53,0,94,3,4
53,60,56,90,-1,57,0,95,6,4
50,1,50,91,2,55,3,1,0,4
50,0,51,89,4,51,13,1,0,4
42,1,50,92,8,50,29,6,50,4
50,2,6,91,8,48,16,0,31,4
50,3,6,92,10,47,25,0,18,4
39,11,3,88,10,47,76,3,12,4
50,9,50,87,9,50,7,0,0,4
40,3,51,92,4,52,92,3,2,4
43,3,50,93,4,51,93,0,0,4
40,4,50,90,4,50,0,1,0,4
41,1,6,91,4,49,90,1,18,4
40,1,50,92,1,50,89,0,0,4
51,0,50,89,0,51,1,0,1,4
50,0,50,97,0,51,16,0,1,4
37,5,3,91,5,48,0,5,23,4
41,0,1,91,10,45,25,5,13,4
37,12,0,88,12,45,88,12,25,4
41,6,3,93,10,47,28,10,16,4
39,3,3,92,9,47,78,9,3,4
39,0,3,92,8,47,4,1,3,4
37,0,3,93,6,48,3,6,7,4
37,0,50,92,1,50,67,1,0,4
40,0,50,93,0,50,12,0,0,4
43,0,50,96,0,50,81,0,0,4
0,75,50,100,0,50,0,100,0,4
42,71,50,93,0,50,1,0,30,4
39,1,1,89,1,46,88,1,27,4
37,0,6,87,5,47,12,3,21,4
40,12,50,91,12,50,87,12,0,4
42,12,6,98,20,47,12,6,13,4
37,0,6,91,25,47,87,26,6,4
42,16,1,93,23,45,1,3,7,4
39,14,1,95,17,44,1,4,0,4
37,14,3,92,17,48,0,12,22,4
40,1,6,91,14,44,0,12,25,4
38,0,6,90,13,45,77,12,25,4
50,7,50,95,7,50,95,1,0,4
50,0,50,92,3,51,92,0,1,4
50,0,51,91,1,51,0,0,1,4
53,0,4,84,0,49,0,0,24,4
54,2,51,85,2,51,6,1,1,4
50,0,55,94,1,55,93,0,5,4
46,0,53,96,4,52,7,0,2,4
53,0,50,91,7,50,53,7,0,4
51,12,8,92,12,48,92,0,39,4
50,12,6,90,19,47,2,12,31,4
37,6,9,87,18,46,83,12,25,4
37,0,7,89,13,48,1,13,16,4
38,8,6,90,8,49,0,1,14,4
43,0,50,94,5,50,81,1,0,4
41,8,50,92,8,53,5,1,3,4
43,0,50,93,2,50,81,0,0,4
37,64,50,88,-2,50,87,97,0,4
44,65,50,94,-6,50,19,92,0,4
53,67,50,99,-7,55,75,75,4,4
51,75,50,99,0,57,42,114,0,4
38,7,0,88,7,43,88,1,13,4
28,3,0,82,9,51,0,6,0,4
26,0,0,83,9,37,0,3,12,4
43,0,0,93,6,46,0,0,14,4
39,0,53,89,2,54,75,0,3,4
42,1,50,92,2,63,78,1,0,4
45,68,40,98,-3,42,4,94,25,4
53,0,31,87,0,33,85,0,25,4
31,13,50,82,13,55,81,0,1,4
12,7,50,114,11,56,100,4,6,4
44,0,50,96,3,50,1,3,0,4
31,0,0,86,6,46,85,0,18,4
37,12,0,89,15,40,89,15,12,4
0,8,3,100,11,49,0,7,10,4
42,10,50,99,10,50,98,7,0,4
42,13,0,92,15,48,40,0,14,4
39,0,0,89,14,46,76,0,39,4
50,1,2,87,2,42,87,2,27,4
39,0,7,89,1,49,89,1,32,4
44,57,50,97,-4,50,78,89,0,4
41,1,50,91,4,51,91,4,0,4
45,12,0,95,13,46,87,12,25,4
50,3,44,87,4,44,0,0,25,4
3,6,50,103,6,66,100,0,15,4
0,0,6,100,6,45,0,6,43,4
57,0,37,73,7,37,12,6,25,4
52,0,0,80,11,48,75,3,26,4
50,3,53,99,10,54,99,6,1,4
0,0,52,100,6,56,0,0,6,4
50,3,0,88,3,42,87,0,25,4
52,0,50,83,2,50,81,1,0,4
53,62,0,91,-1,46,75,100,21,4
50,0,51,99,3,57,87,0,1,4
44,0,0,96,0,48,94,0,26,4
39,0,0,89,2,46,1,1,34,4
43,3,3,95,3,47,89,3,28,4
1,7,53,105,7,59,0,0,0,4
45,3,50,98,5,53,21,5,0,4
51,0,6,79,6,44,75,0,26,4
25,6,1,84,9,45,9,3,6,4
37,9,7,87,10,44,87,3,0,4
37,10,56,94,23,56,7,12,0,4
46,1,50,96,17,57,2,4,7,4
32,14,1,83,14,44,6,14,16,4
56,13,50,85,16,51,59,3,1,4
50,1,53,95,8,60,20,6,10,4
33,0,50,83,1,51,82,1,0,4
37,3,0,87,3,40,87,3,28,4
39,12,50,89,12,52,91,0,0,4
0,10,53,100,10,59,100,1,6,4
44,3,50,96,3,53,0,3,0,4
34,2,1,85,8,48,81,7,21,4
50,2,3,86,12,46,83,11,18,4
37,1,6,91,8,46,78,9,18,4
42,12,50,92,13,50,3,0,0,4
46,3,4,96,10,48,89,0,25,4
37,0,50,90,9,50,88,0,0,4
41,0,50,91,3,50,88,3,0,4
39,1,50,89,1,52,89,0,0,4
50,1,51,92,2,51,17,1,0,4
50,1,50,85,1,51,3,1,0,4
50,0,50,90,2,50,12,1,0,4
38,3,50,88,3,50,13,0,0,4
37,1,50,87,5,51,12,5,1,4
40,4,53,90,5,55,90,5,1,4
44,0,52,92,0,55,14,0,0,4
38,0,2,90,0,52,89,0,0,4
51,0,0,85,0,51,4,0,0,4
40,71,0,90,-3,50,12,96,0,4
37,69,53,91,-3,55,0,96,1,4
38,67,51,92,-8,53,0,91,0,4
50,63,51,86,-11,51,75,87,1,4
41,75,0,91,-2,50,12,103,0,4
37,0,2,91,0,52,87,0,0,4
40,68,0,91,-3,50,87,93,0,4
39,72,0,91,-1,48,0,98,25,4
40,0,0,91,2,44,88,1,31,4
32,0,0,94,7,41,81,7,28,4
30,3,0,99,10,38,8,0,25,4
25,3,3,93,17,40,80,0,15,4
32,0,4,99,14,48,0,1,22,4
35,0,1,99,1,45,0,0,20,4
30,0,3,92,0,48,0,0,16,4
38,0,1,91,0,48,0,0,14,4
44,71,0,94,-3,44,94,100,18,4
41,0,0,92,0,47,12,104,22,4
44,0,1,94,2,46,94,2,25,4
37,3,50,96,3,49,20,3,16,4
38,0,5,96,1,49,96,1,26,4
37,65,8,94,0,49,12,101,24,4
37,0,1,91,0,46,14,0,25,4
38,0,5,89,1,49,14,1,14,4
42,0,2,90,7,45,0,7,26,4
50,4,7,89,10,49,13,1,5,4
42,8,0,92,11,44,1,8,6,4
37,9,3,93,10,43,12,9,5,4
38,12,3,94,12,48,7,12,10,4
41,7,0,91,8,43,0,0,14,4
39,0,0,89,1,43,26,0,6,4
37,68,4,94,-2,48,6,97,15,4
38,68,1,94,-5,49,1,93,13,4
37,65,0,91,-9,49,3,102,0,4
37,75,48,96,-6,46,7,105,43,4
37,76,0,89,-4,50,1,101,0,4
37,78,46,96,-9,46,6,100,13,4
39,75,46,95,-12,46,81,87,11,4
39,75,47,93,-12,48,15,100,28,4
38,78,43,94,-8,43,87,100,18,4
42,81,0,99,-1,45,11,106,25,4
32,0,46,94,1,46,0,1,9,4
34,0,40,97,0,41,88,0,17,4
28,5,1,86,5,45,11,3,12,4
37,0,45,98,7,45,0,0,6,4
31,10,2,94,11,46,0,11,2,4
28,13,0,91,13,43,0,0,6,4
34,7,0,97,8,44,9,0,13,4
39,0,3,96,0,46,18,0,15,4
41,1,50,91,0,51,3,0,1,4
39,1,3,93,1,47,88,1,22,4
32,0,50,85,0,50,56,0,0,4
44,6,6,96,6,47,32,6,28,4
37,8,50,87,8,50,12,1,0,4
38,0,6,90,0,44,12,0,25,4
37,0,6,90,0,45,0,0,14,4
39,1,50,92,7,52,14,0,2,4
38,1,51,94,7,51,19,7,0,4
40,3,0,91,5,42,16,2,0,4
37,4,0,87,5,43,2,5,0,4
37,2,3,91,2,48,12,1,3,4
37,66,0,94,-7,49,87,100,11,4
37,75,0,94,-8,47,19,100,16,4
37,75,48,95,-2,48,70,97,16,4
37,77,44,95,-3,43,82,96,29,4
37,82,39,97,0,39,81,98,26,4
0,0,41,100,5,41,100,0,25,4
28,6,37,97,7,38,7,7,25,4
31,0,36,98,13,36,89,0,11,4
25,0,39,96,12,39,0,0,12,4
0,0,36,100,5,37,100,4,7,4
0,78,39,100,-2,39,0,96,12,4
30,75,42,99,-4,42,93,95,17,4
34,75,0,98,-5,43,18,100,13,4
37,67,0,97,-8,44,3,100,13,4
37,75,42,92,-10,42,3,101,14,4
38,62,45,89,-10,46,0,100,13,4
43,65,0,96,-9,47,13,100,15,4
39,75,47,89,-8,47,14,91,16,4
37,62,50,92,-10,50,15,89,0,4
40,63,1,91,-8,49,13,90,21,4
50,66,3,95,-8,49,18,91,14,4
50,68,1,88,-3,48,25,100,12,4
42,4,0,92,4,44,17,0,0,4
33,9,46,86,11,46,80,11,7,4
38,6,0,92,6,48,15,6,14,4
39,1,1,89,2,48,25,0,16,4
40,0,0,90,0,46,28,0,7,4
41,73,0,91,-1,46,12,100,13,4
37,75,0,96,-2,47,13,106,46,4
37,75,50,93,-3,50,18,100,0,4
43,71,50,96,-3,51,18,108,0,4
37,70,50,94,-3,51,87,96,0,4
40,71,1,91,-2,51,90,100,0,4
38,68,48,89,-6,48,0,93,13,4
39,75,47,90,-5,47,1,94,15,4
40,70,0,90,-4,48,87,93,18,4
37,75,46,92,-3,47,28,101,6,4
42,78,0,92,-6,48,87,104,41,4
43,82,0,94,-2,50,0,103,0,4
32,71,48,95,-2,48,6,93,25,4
37,0,42,89,0,42,87,0,15,4
37,0,0,93,3,44,0,1,14,4
37,0,50,95,7,50,0,6,0,4
34,3,1,98,3,46,93,0,7,4
37,4,0,93,5,46,3,0,2,4
38,3,0,91,3,47,90,3,3,4
37,0,0,94,1,48,95,0,6,4
37,0,0,95,4,50,26,0,0,4
43,0,0,94,5,49,0,3,38,4
40,0,47,92,5,48,90,3,25,4
50,1,50,89,2,50,26,1,0,4
50,67,3,92,0,48,0,100,30,4
35,62,50,85,-5,50,84,94,0,4
40,65,50,90,-1,50,87,95,0,4
40,0,53,91,1,53,87,0,3,4
45,0,53,96,0,55,8,0,0,4
39,0,52,89,0,55,0,0,4,4
50,1,53,90,2,53,28,2,3,4
53,3,50,87,4,50,37,4,0,4
50,0,3,86,8,47,31,6,18,4
35,0,6,85,11,49,78,9,3,4
40,0,50,90,7,53,3,6,3,4
43,0,50,93,0,55,6,0,3,4
39,0,50,89,0,52,1,0,2,4
38,0,6,88,2,49,88,2,12,4
38,1,50,89,2,50,87,1,0,4
40,0,50,90,0,50,90,0,0,4
39,0,4,89,1,48,0,0,32,4
38,1,51,92,1,51,6,1,0,4
45,3,50,99,3,50,8,0,0,4
41,8,0,91,8,45,3,1,12,4
38,10,45,88,10,45,0,1,12,4
41,4,49,92,5,49,90,3,7,4
37,0,50,92,0,51,5,0,0,4
37,68,50,94,-2,51,87,90,1,4
39,72,50,88,-1,49,87,89,18,4
38,78,46,92,-2,47,78,90,0,4
43,81,0,94,-2,50,12,93,0,4
37,75,50,94,-1,50,93,101,30,4
39,0,0,93,0,48,92,0,21,4
37,5,0,91,5,48,0,5,23,4
42,0,1,92,6,49,90,6,18,4
40,6,51,97,6,52,97,6,0,4
38,6,50,96,11,50,93,0,19,4
37,14,0,91,14,44,25,1,6,4
37,17,3,87,17,48,0,15,18,4
42,1,5,93,14,48,5,0,23,4
50,9,6,90,9,49,87,9,25,4
39,6,6,89,6,47,0,6,25,4
50,4,6,82,4,49,75,3,22,4
50,0,52,92,0,53,91,91,0,4
35,57,50,85,-1,53,3,95,3,4
31,0,47,81,1,47,0,0,16,4
50,0,50,87,6,51,7,0,4,4
50,3,54,95,4,60,39,0,9,4
0,0,58,104,1,57,1,0,7,4
4,8,50,104,8,56,4,7,6,4
44,3,50,94,10,50,18,0,0,4
50,4,50,86,5,53,6,5,0,4
34,62,6,87,-4,57,81,87,7,4
50,58,6,82,-3,55,1,94,4,4
50,59,50,84,-3,51,75,90,0,4
34,3,50,87,3,57,4,3,6,4
34,0,51,85,0,58,0,0,0,4
56,57,53,82,-5,55,81,94,0,4
50,62,51,86,-5,54,79,94,3,4
39,69,50,89,0,54,0,96,0,4
50,3,50,91,5,57,62,0,7,4
50,3,53,93,4,53,0,3,3,4
37,0,50,87,11,54,0,3,0,4
31,0,9,86,19,45,1,0,12,4
34,3,5,85,28,48,0,25,12,4
37,2,50,96,27,54,93,25,3,4
34,0,62,84,19,66,3,18,12,4
51,1,13,83,17,49,8,17,0,4
22,18,52,75,18,51,0,3,0,4
50,8,6,84,8,48,81,2,14,4
52,18,50,83,18,63,50,12,0,4
0,14,51,103,17,58,3,14,8,4
32,1,50,83,1,50,77,0,0,4
34,69,3,89,0,50,87,93,0,4
50,3,51,87,3,55,87,0,0,4
44,0,50,94,0,56,87,0,0,4
42,68,50,92,-2,53,92,103,3,4
42,1,53,92,1,54,90,0,1,4
37,3,50,89,5,53,0,0,52,4
32,6,50,86,9,50,28,9,0,4
37,0,50,93,9,50,87,3,0,4
43,4,53,94,5,53,93,5,0,4
37,0,50,89,2,51,75,0,1,4
39,0,50,89,2,52,89,3,2,4
50,3,50,88,3,51,75,3,0,4
38,3,50,91,5,51,90,4,1,4
37,2,3,91,8,49,12,6,19,4
42,13,6,92,15,46,3,14,28,4
44,12,7,94,18,45,31,12,43,4
37,14,7,94,17,44,19,0,25,4
38,15,6,91,15,45,87,13,18,4
37,0,7,89,10,49,89,3,19,4
38,3,50,94,5,52,82,0,2,4
39,0,51,92,3,52,88,3,3,4
39,0,50,90,3,51,13,0,0,4
37,1,3,91,1,49,87,1,21,4
37,1,50,87,2,50,87,0,0,4
37,0,50,91,3,52,15,0,2,4
50,0,52,89,2,52,90,0,2,4
46,0,51,96,2,51,6,2,0,4
39,3,53,93,4,54,0,0,0,4
45,7,53,95,8,55,1,0,1,4
37,0,50,87,6,51,12,0,1,4
50,0,50,86,7,51,10,0,1,4
50,3,51,86,3,55,10,3,0,4
34,0,50,84,0,51,0,0,1,4
34,0,50,85,0,50,10,0,0,4
35,0,50,85,0,53,78,0,3,4
40,0,50,91,0,51,0,0,0,4
43,0,50,94,0,52,87,0,1,4
43,0,50,95,2,51,93,0,1,4
38,6,50,92,6,50,3,0,0,4
40,6,0,91,9,48,88,6,18,4
39,9,0,89,11,47,0,0,12,4
37,12,0,93,14,46,0,13,6,4
37,18,0,94,18,44,0,6,19,4
34,19,4,96,23,48,9,0,14,4
39,12,10,96,19,50,1,19,0,4
41,6,12,97,6,47,12,6,25,4
31,0,12,84,0,44,9,0,25,4
29,0,12,85,0,45,0,0,25,4
30,5,11,87,5,49,86,4,25,4
42,7,50,93,9,51,0,9,1,4
43,0,50,94,8,50,87,7,0,4
37,8,10,94,8,49,87,2,7,4
39,0,9,92,10,47,12,3,22,4
40,6,9,98,12,48,64,3,25,4
43,15,7,96,17,43,31,17,0,4
37,14,1,92,20,38,3,1,25,4
25,12,0,85,17,41,53,4,16,4
37,1,9,93,11,46,18,6,6,4
0,0,50,100,5,50,100,0,0,4
35,1,53,96,8,55,75,1,0,4
37,4,50,92,5,51,17,3,1,4
41,1,9,91,1,48,0,1,16,4
29,0,6,87,4,46,77,3,19,4
37,1,7,94,8,47,94,7,18,4
37,4,50,94,12,51,43,9,1,4
50,6,5,94,6,49,44,0,41,4
39,6,0,89,6,43,14,6,12,4
31,4,7,87,10,48,8,6,48,4
38,17,3,94,17,47,12,1,3,4
38,14,4,91,13,48,0,12,48,4
37,3,50,92,4,50,4,3,50,4
42,63,51,92,-1,51,92,88,1,4
28,64,1,87,-1,48,5,90,0,4
40,73,0,90,-1,47,65,82,15,4
44,76,51,96,-1,52,19,103,1,4
44,0,50,99,0,51,0,0,1,4
37,0,0,91,5,46,3,3,14,4
39,9,0,89,9,44,77,9,12,4
41,11,0,92,11,44,0,11,13,4
38,7,1,94,8,45,0,1,6,4
37,0,0,94,10,45,0,9,1,4
37,0,0,98,10,43,0,1,0,4
0,0,0,100,9,44,0,0,0,4
34,7,0,99,8,44,13,6,25,4
44,0,9,94,5,47,7,1,26,4
37,63,6,97,0,46,97,96,25,4
29,57,10,85,-3,49,3,100,28,4
37,57,8,88,-5,49,87,94,19,4
37,0,7,88,0,49,88,0,17,4
38,1,50,89,8,50,90,0,0,4
39,13,50,92,13,50,1,0,0,4
39,4,50,95,10,50,6,6,0,4
40,7,50,96,8,50,75,8,0,4
52,6,50,90,6,50,25,6,0,4
38,4,3,88,4,47,26,3,16,4
32,0,3,82,6,47,76,0,15,4
39,1,50,88,3,51,0,0,1,4
41,63,54,92,0,55,80,97,1,4
39,61,55,90,0,55,88,98,0,4
39,0,50,89,3,51,14,3,1,4
39,1,3,89,2,46,88,1,12,4
38,0,1,93,3,47,81,0,22,4
40,0,50,92,0,50,5,0,0,4
43,71,50,95,-1,50,64,95,0,4
1,0,3,102,3,46,101,3,12,4
37,2,1,99,8,46,13,8,8,4
27,1,0,96,5,46,90,3,39,4
25,3,0,89,5,48,12,4,38,4
28,4,50,91,5,50,0,1,50,4
38,2,5,88,8,49,0,8,1,4
37,0,3,92,1,46,12,0,46,4
39,69,5,89,-2,49,76,93,31,4
31,66,50,85,-2,51,25,103,0,4
36,71,45,87,-3,45,58,96,14,4
48,81,50,98,-2,51,6,106,1,4
42,0,50,98,3,54,92,3,1,4
37,4,0,94,5,47,0,0,10,4
37,1,0,90,7,41,1,0,13,4
38,12,1,94,12,45,94,12,12,4
35,13,6,97,13,48,0,12,10,4
0,12,6,100,12,45,0,0,45,4
0,14,0,100,17,43,75,5,18,4
26,12,0,90,19,39,75,18,12,4
37,12,3,91,18,40,87,6,25,4
37,3,12,95,15,44,6,15,25,4
37,4,9,92,4,49,0,1,34,4
40,59,7,91,0,47,90,0,19,4
39,0,7,89,3,46,89,3,20,4
41,2,4,91,8,48,88,6,15,4
43,3,50,93,10,50,0,6,0,4
39,1,50,96,8,50,89,7,0,4
40,6,3,92,6,47,38,1,37,4
53,3,6,93,4,46,64,0,37,4
39,6,3,92,8,42,25,0,28,4
44,7,3,94,8,48,75,7,29,4
41,4,53,91,5,53,1,5,0,4
39,0,50,89,2,51,75,0,7,4
37,1,51,87,1,51,0,1,1,4
37,0,6,92,0,49,89,0,5,4
43,2,50,96,2,50,81,1,0,4
41,0,51,91,4,51,1,0,0,4
37,0,50,91,3,50,78,0,0,4
38,3,5,90,5,49,14,0,23,4
38,1,4,88,1,49,87,0,26,4
37,0,1,88,0,46,0,0,32,4
50,0,1,97,1,45,75,0,18,4
39,0,4,96,1,48,19,0,35,4
31,1,0,94,12,47,88,6,25,4
28,15,3,98,15,41,7,15,3,4
25,11,0,91,11,44,87,1,0,4
37,0,3,94,1,49,94,0,46,4
37,70,50,90,-1,50,87,75,50,4
37,68,1,87,-4,48,62,82,25,4
38,68,0,91,-5,48,41,119,12,4
43,81,0,95,-4,42,82,100,39,4
0,0,50,100,1,51,100,0,1,4
37,0,48,98,1,48,91,0,18,4
37,0,42,89,0,42,0,0,15,4
39,73,43,89,0,43,0,101,15,4
31,0,0,94,2,45,87,0,7,4
0,1,0,100,7,49,0,6,8,4
31,0,46,99,9,46,99,0,6,4
39,0,0,96,7,44,7,0,19,4
44,3,3,98,3,47,81,0,31,4
37,1,0,91,1,44,50,1,26,4
38,2,0,89,2,42,77,0,25,4
39,1,0,89,5,44,87,0,12,4
38,62,4,90,0,48,12,98,14,4
42,62,50,93,-2,50,91,92,1,4
39,0,50,93,1,50,30,0,0,4
44,1,2,95,6,49,26,6,10,4
50,0,0,96,6,47,78,6,37,4
37,0,42,88,7,42,37,0,5,4
51,6,41,83,6,41,75,6,12,4
36,0,50,87,0,51,76,0,0,4
50,68,50,94,-6,53,93,87,0,4
46,62,50,96,-9,54,81,100,1,4
37,62,50,87,-5,50,87,94,0,4
37,68,0,92,-4,44,89,95,6,4
37,69,47,93,-5,47,75,87,21,4
41,71,0,99,-2,49,92,96,28,4
45,0,46,95,1,46,43,1,14,4
43,1,39,99,2,42,1,0,41,4
43,3,44,95,3,44,25,3,19,4
37,0,43,91,9,46,13,0,46,4
39,0,40,89,7,44,0,0,0,4
37,0,47,92,3,48,0,0,48,4
44,69,1,94,-5,51,81,94,0,4
44,66,0,94,-8,51,13,100,51,4
33,75,47,87,-12,48,58,111,16,4
37,78,44,88,-7,48,25,103,25,4
37,76,48,95,-4,48,68,89,23,4
38,75,47,94,-5,48,87,94,11,4
37,79,44,96,0,46,0,100,16,4
41,3,44,92,4,46,89,4,15,4
42,0,46,93,7,47,17,7,22,4
37,4,45,95,4,45,87,4,1,4
37,0,0,92,1,46,3,1,14,4
37,1,3,94,1,49,87,0,0,4
40,0,50,93,0,50,1,0,0,4
38,65,4,91,0,47,90,100,18,4
38,0,1,88,1,48,0,1,22,4
37,66,3,89,0,48,87,101,17,4
40,64,51,92,-1,51,93,102,3,4
42,65,50,92,-2,50,91,97,0,4
39,0,50,90,0,50,2,0,0,4
40,0,50,90,3,50,64,3,0,4
43,4,3,99,4,48,37,3,37,4
48,5,3,98,5,47,50,4,25,4
43,7,0,93,7,41,31,1,12,4
25,0,0,80,7,41,52,6,12,4
37,0,50,87,6,50,50,0,0,4
50,67,50,98,0,57,7,87,56,4
40,68,52,92,0,52,64,105,0,4
34,0,50,86,1,50,11,0,0,4
39,66,1,94,-3,48,0,96,18,4
39,62,1,92,-10,49,65,89,30,4
45,57,50,95,-14,54,0,106,0,4
45,75,6,95,-11,58,39,75,6,4
56,0,46,98,0,49,66,0,38,4
26,0,44,82,14,46,82,14,26,4
37,1,37,88,20,41,13,20,38,4
31,6,48,94,10,48,0,3,46,4
42,62,0,92,-11,50,1,88,0,4
40,60,4,91,-13,54,0,104,4,4
51,75,50,90,-4,56,65,107,56,4
53,62,51,92,-9,52,16,112,1,4
31,63,47,81,-11,47,81,88,28,4
50,65,0,87,-8,46,2,101,15,4
38,0,1,96,0,48,0,0,22,4
1,3,5,105,16,55,104,3,0,4
39,25,45,89,25,45,2,0,6,4
25,0,0,81,24,40,81,21,0,4
38,18,0,91,18,46,21,1,0,4
0,0,50,100,13,53,100,13,0,4
38,1,50,94,10,51,25,9,0,4
37,6,7,87,6,47,75,0,25,4
32,4,51,83,4,51,81,0,1,4
38,60,51,88,-1,51,87,100,0,4
40,3,51,91,4,51,78,1,1,4
38,12,53,89,14,54,89,0,0,4
41,5,50,92,11,51,92,8,1,4
37,1,50,91,8,50,12,0,0,4
35,1,50,86,5,50,11,0,50,4
54,0,51,86,4,51,52,4,0,4
50,0,50,92,5,51,62,1,0,4
50,7,1,91,8,48,0,6,9,4
51,1,51,86,7,51,57,6,1,4
50,0,50,89,2,56,0,2,0,4
50,0,50,88,0,53,88,0,0,4
50,0,50,85,0,50,78,1,0,4
41,1,50,91,1,50,91,0,0,4
44,0,53,94,3,54,87,0,1,4
43,0,50,94,0,53,87,0,0,4
37,69,50,87,-1,51,2,117,0,4
37,0,50,87,0,50,37,0,0,4
37,3,50,92,3,50,1,0,0,4
38,7,0,88,7,51,0,0,0,4
40,6,0,91,6,50,0,0,0,4
35,6,0,87,6,50,86,6,0,4
37,0,1,89,3,51,76,3,0,4
40,71,50,90,-3,53,87,96,3,4
50,75,1,92,-2,51,50,103,1,4
42,0,0,92,2,50,17,2,0,4
37,4,0,87,5,50,75,3,0,4
37,3,48,89,3,49,1,0,23,4
43,0,50,93,5,50,87,2,0,4
43,0,3,95,10,53,93,1,3,4
45,0,0,95,10,50,87,10,0,4
37,10,46,91,12,46,87,9,18,4
37,12,1,88,14,46,0,0,13,4
38,2,3,91,8,49,91,8,23,4
43,0,51,93,3,51,87,0,0,4
37,3,50,88,3,50,1,0,0,4
39,0,6,90,5,47,88,0,18,4
39,0,50,90,7,50,0,0,0,4
44,3,53,94,4,53,0,0,3,4
42,1,51,92,1,51,0,0,0,4
37,0,50,89,1,50,0,0,0,4
37,0,50,89,3,52,14,3,0,4
50,0,53,93,4,53,50,0,0,4
51,4,50,92,5,50,64,1,0,4
37,2,3,87,8,49,0,7,18,4
50,0,3,87,8,48,87,7,17,4
42,0,50,94,6,53,87,0,0,4
37,3,53,89,3,53,0,0,0,4
37,1,51,88,2,52,88,1,0,4
40,0,52,91,3,52,87,3,0,4
42,0,54,92,5,54,87,2,3,4
50,0,51,88,0,54,50,0,1,4
50,62,50,89,-2,50,1,100,50,4
41,0,0,91,2,48,40,2,31,4
38,10,48,88,12,48,0,12,0,4
40,16,0,90,17,50,65,17,0,4
43,12,50,93,15,52,0,0,52,4
40,1,50,90,8,54,90,0,0,4
36,64,50,86,0,53,83,94,3,4
35,68,47,86,-3,48,3,102,41,4
50,0,1,88,1,44,0,0,44,4
37,0,49,92,6,49,39,6,0,4
40,3,0,98,5,51,73,0,1,4
39,1,0,96,1,49,94,0,16,4
44,6,45,94,7,48,88,6,17,4
45,0,0,96,7,50,1,7,0,4
43,3,3,93,4,53,0,0,3,4
40,0,50,91,1,50,1,1,0,4
34,0,3,86,1,49,4,1,9,4
37,0,0,87,0,47,0,0,9,4
42,0,3,92,1,53,0,1,0,4
45,6,50,96,7,54,14,7,50,4
41,3,50,91,4,50,3,1,0,4
50,0,5,86,0,49,11,0,21,4
50,60,4,88,-1,49,0,97,24,4
42,1,50,92,2,50,92,2,0,4
39,0,51,92,8,51,91,0,0,4
40,4,4,93,10,49,1,0,19,4
39,3,50,89,10,50,0,6,0,4
41,0,4,91,7,49,90,0,37,4
43,0,50,94,1,50,25,0,0,4
50,0,3,94,1,47,37,1,25,4
37,6,0,88,7,44,0,7,25,4
37,0,1,87,8,46,50,0,18,4
42,0,51,92,2,51,14,2,1,4
45,65,53,95,0,53,95,100,3,4
42,0,50,92,0,52,3,0,2,4
38,0,50,88,0,50,87,0,0,4
50,68,48,89,0,48,89,91,23,4
41,65,50,91,-2,50,0,97,0,4
56,69,51,97,-3,52,53,95,1,4
45,70,0,95,-3,50,12,106,0,4
37,3,44,90,3,45,13,0,8,4
40,0,43,90,11,43,87,0,6,4
41,0,46,91,12,49,1,0,3,4
44,8,0,92,5,51,0,0,0,4
43,73,1,94,-1,51,82,95,1,4
41,71,0,93,-3,51,5,100,1,4
39,70,0,89,-1,50,0,98,0,4
39,0,46,89,0,47,39,0,43,4
28,70,43,86,0,45,26,97,25,4
44,3,0,94,3,45,57,3,25,4
44,3,50,98,5,56,0,1,6,4
42,3,47,98,3,47,93,0,19,4
39,4,42,89,5,43,1,5,16,4
42,7,0,92,7,47,87,8,13,4
46,0,50,98,4,50,17,4,50,4
45,2,50,98,2,50,64,0,0,4
40,6,0,91,6,47,3,0,16,4
50,3,1,91,9,48,75,3,25,4
50,0,50,91,6,50,3,0,0,4
50,59,4,88,-1,49,1,98,24,4
50,62,3,84,0,48,78,96,21,4
50,3,5,89,3,49,0,3,15,4
42,1,51,92,8,51,92,7,1,4
43,0,51,95,6,51,1,0,1,4
50,0,8,92,6,49,66,6,41,4
40,1,7,91,5,48,16,0,37,4
44,0,1,94,6,45,19,6,32,4
40,3,0,91,5,42,3,0,17,4
32,0,3,87,5,47,83,6,16,4
42,0,5,92,8,48,4,0,7,4
45,5,3,98,5,50,82,3,0,4
37,3,3,94,5,48,94,3,7,4
50,1,0,89,1,44,0,0,12,4
50,63,0,89,-6,46,76,100,21,4
40,52,50,92,-16,51,87,82,0,4
50,56,0,93,-13,51,12,84,1,4
50,62,0,97,-12,47,47,100,18,4
0,84,39,100,-1,40,0,-124,12,4
40,0,37,97,3,39,19,5,38,4
37,6,37,91,9,38,3,3,38,4
26,0,38,94,12,37,31,0,37,4
40,0,44,99,7,44,1,1,31,4
0,0,50,102,0,50,102,0,0,4
43,75,48,97,-2,48,12,97,21,4
43,75,42,94,-3,42,88,100,25,4
38,71,0,87,-1,44,87,98,13,4
44,73,48,94,-1,48,0,106,45,4
37,70,0,92,-1,46,4,100,15,4
43,0,41,93,0,41,0,1,14,4
37,6,0,93,6,42,87,6,12,4
43,0,0,98,11,46,0,0,15,4
43,0,0,98,9,45,4,9,12,4
43,2,44,98,5,44,92,3,12,4
43,3,0,94,3,46,0,3,9,4
37,0,0,94,0,44,87,0,19,4
40,0,4,92,2,50,90,1,0,4
43,0,50,94,3,50,0,0,0,4
42,1,50,92,5,52,75,1,51,4
51,0,7,86,9,36,10,3,9,4
37,0,0,87,12,42,0,12,25,4
46,2,56,97,8,56,91,9,12,4
1,3,7,108,9,45,0,0,12,4
31,0,42,82,11,42,81,4,17,4
50,0,3,87,7,49,12,0,19,4
56,3,3,98,9,48,95,3,25,4
50,6,45,91,9,45,0,0,31,4
50,9,51,83,10,51,81,7,0,4
50,6,51,94,9,51,0,6,0,4
50,9,43,88,10,44,87,3,18,4
50,15,1,85,17,42,85,15,16,4
53,14,50,91,17,51,90,3,0,4
1,0,50,101,6,51,100,6,0,4
45,0,52,95,0,52,68,0,0,4
51,3,50,96,3,56,89,3,0,4
50,3,0,88,5,44,88,5,12,4
50,0,0,89,7,47,89,0,12,4
46,3,0,96,11,48,84,5,20,4
50,15,53,93,19,53,93,19,3,4
50,12,4,93,19,49,93,19,30,4
34,1,5,85,14,48,82,14,25,4
50,12,3,85,15,46,0,0,19,4
35,14,3,85,17,48,85,15,14,4
50,14,50,87,13,49,0,12,7,4
51,0,53,93,10,53,0,9,3,4
50,1,53,92,5,53,3,0,3,4
50,3,3,89,4,49,87,1,34,4
32,3,0,86,5,44,7,0,31,4
42,6,0,92,8,42,78,6,29,4
40,7,1,98,7,48,1,0,21,4
0,0,51,100,7,51,0,7,0,4
44,7,51,97,7,51,93,7,0,4
40,0,0,93,3,46,3,3,25,4
37,0,0,89,0,44,89,0,18,4
40,0,1,91,0,46,78,0,25,4
43,0,50,96,0,50,0,0,0,4
44,0,51,98,3,52,0,0,0,4
38,3,3,94,3,48,82,3,23,4
39,5,1,89,5,46,12,3,25,4
37,5,4,87,5,48,87,5,25,4
44,1,50,94,1,50,0,1,0,4
43,0,50,94,0,50,12,0,0,4
41,3,50,91,3,50,3,3,0,4
40,3,50,91,9,50,12,0,0,4
50,12,50,90,13,50,78,12,0,4
50,0,50,93,8,51,89,1,1,4
50,0,50,88,7,50,88,7,0,4
50,10,50,88,10,50,0,3,0,4
50,10,50,87,10,50,87,6,0,4
50,4,50,87,5,51,87,0,1,4
50,3,51,88,4,51,0,3,0,4
50,0,51,87,3,51,87,0,1,4
50,0,50,89,3,51,89,0,1,4
41,0,50,91,3,50,87,0,0,4
39,3,50,89,4,50,2,1,0,4
43,5,50,92,5,50,87,4,0,4
41,0,1,91,3,49,3,3,18,4
42,0,50,92,3,50,90,3,0,4
37,1,48,91,1,49,87,0,16,4
40,73,47,91,0,48,91,100,23,4
43,0,46,94,0,46,94,0,33,4
41,0,44,98,2,46,1,1,32,4
37,3,39,93,3,42,93,3,41,4
38,1,40,96,1,42,6,0,15,4
39,1,46,99,1,47,95,1,18,4
45,0,48,95,0,48,93,0,23,4
43,0,47,96,0,47,96,0,18,4
41,0,0,93,0,46,5,0,14,4
39,0,0,90,1,43,0,1,14,4
42,0,0,92,0,46,17,0,13,4
45,0,48,95,0,48,7,0,25,4
44,74,0,96,0,46,12,104,19,4
44,73,0,93,0,44,93,0,18,4
43,71,0,93,0,44,15,100,13,4
42,69,0,93,-5,48,91,87,16,4
40,68,0,92,-6,49,12,100,8,4
43,72,45,93,-2,45,6,93,12,4
41,73,46,93,-1,47,25,96,13,4
44,71,0,96,-3,47,25,96,12,4
40,71,0,91,-3,45,40,102,18,4
44,72,0,94,-1,44,25,96,13,4
37,0,44,91,0,44,25,0,6,4
37,71,45,91,0,46,13,102,21,4
43,75,48,95,0,48,64,100,14,4
46,0,0,96,0,49,0,0,47,4
44,1,0,94,1,46,20,0,0,4
40,72,45,91,0,45,12,103,1,4
41,71,45,92,-2,47,12,103,21,4
43,70,46,94,-4,46,12,101,6,4
39,73,43,92,0,45,88,95,1,4
40,0,40,90,2,43,0,0,2,4
42,1,42,92,4,42,4,1,5,4
43,0,46,92,0,46,28,0,12,4
38,66,45,94,-8,45,0,91,1,4
39,75,46,89,-14,46,1,82,9,4
43,75,47,95,-18,47,6,78,7,4
34,75,0,97,-18,47,0,81,13,4
40,61,0,96,-12,45,2,87,18,4
37,78,40,97,-8,41,25,100,3,4
36,78,40,99,-2,40,12,100,40,4
31,3,40,99,3,40,0,5,40,4
29,0,0,98,7,41,23,6,41,4
32,3,45,94,3,45,12,3,12,4
38,77,43,96,0,44,1,102,6,4
37,67,46,87,-6,46,0,92,2,4
32,64,43,82,-9,45,81,89,14,4
51,75,43,92,-10,44,3,100,25,4
39,78,46,96,-7,49,7,92,10,4
38,73,48,97,-1,48,94,94,21,4
39,0,0,96,0,45,12,0,20,4
34,5,0,97,5,42,12,0,25,4
37,6,1,95,7,45,8,7,20,4
37,6,0,98,7,44,4,7,12,4
38,1,0,94,4,45,7,3,20,4
42,0,1,92,1,46,5,0,20,4
42,0,1,92,0,48,5,1,12,4
39,67,0,89,-1,49,1,92,20,4
50,70,50,94,-1,50,25,100,0,4
50,70,1,95,-1,48,39,100,35,4
53,0,0,91,3,44,37,3,37,4
38,6,0,88,8,41,1,3,27,4
37,3,0,88,11,43,76,3,3,4
41,0,50,92,8,50,5,1,0,4
43,3,50,95,5,51,95,5,0,4
41,1,53,91,1,53,3,1,0,4
50,65,50,93,-1,50,5,96,0,4
44,72,0,94,-2,49,13,100,26,4
43,0,50,94,1,51,0,1,0,4
50,0,2,89,3,52,76,0,1,4
50,2,50,91,2,51,16,0,0,4
56,3,4,83,5,48,76,1,23,4
37,3,3,89,3,48,12,0,28,4
50,7,0,87,8,48,2,6,18,4
35,4,45,87,4,45,85,3,0,4
37,0,0,91,0,50,90,0,0,4
43,68,1,95,-3,51,1,96,0,4
44,66,1,94,-7,51,87,91,0,4
50,65,2,89,-8,54,1,112,50,4
45,75,0,95,-8,50,14,103,0,4
39,75,43,95,-5,47,89,93,21,4
38,75,44,90,-1,46,89,98,19,4
43,5,0,93,5,45,93,1,20,4
39,0,44,98,5,46,91,3,12,4
43,2,44,97,2,46,0,0,13,4
38,0,44,91,6,46,88,0,15,4
46,0,46,97,7,48,94,0,10,4
46,0,46,96,3,46,3,0,12,4
43,0,43,92,0,43,3,100,15,4
37,66,40,92,0,42,76,90,15,4
44,67,0,94,0,46,7,99,21,4
50,0,50,94,0,51,94,0,0,4
47,69,1,97,-1,49,94,95,14,4
50,69,47,92,-2,47,4,96,9,4
50,69,48,91,-2,49,3,93,17,4
54,70,0,92,-1,52,28,92,1,4
56,65,50,95,-2,52,56,56,2,4
51,3,3,89,4,49,2,0,37,4
34,10,0,85,13,44,9,13,19,4
38,4,0,88,11,44,0,7,25,4
50,3,52,94,3,52,93,0,0,4
53,64,53,92,0,54,4,100,3,4
50,60,50,89,-1,50,1,94,0,4
51,2,50,91,4,50,90,3,0,4
52,1,51,89,5,51,0,0,1,4
50,0,50,92,3,53,3,0,3,4
50,0,2,87,0,49,87,0,14,4
50,3,50,88,4,50,87,3,0,4
50,6,50,87,7,50,0,0,0,4
40,0,49,90,6,49,3,6,14,4
37,3,0,88,3,47,25,0,6,4
50,3,48,93,3,48,43,0,47,4
4,75,51,105,-1,52,4,119,1,4
40,0,0,96,0,49,79,0,10,4
39,0,0,89,0,43,14,0,43,4
37,70,44,87,-4,46,0,95,0,4
38,64,1,91,-6,51,78,88,1,4
40,73,0,96,-1,51,37,94,1,4
39,79,42,89,0,43,50,70,37,4
37,81,37,87,-2,38,25,100,25,4
7,81,6,107,-6,57,101,93,6,4
0,82,42,102,-5,48,102,87,7,4
44,0,1,94,2,55,94,1,3,4
37,1,42,89,1,48,0,107,13,4
31,73,50,82,0,50,82,98,0,4
31,4,42,81,5,49,81,4,8,4
28,2,4,86,2,48,77,0,13,4
26,1,50,79,8,54,0,0,3,4
40,71,50,96,0,53,0,100,0,4
40,75,50,96,-4,52,15,100,2,4
39,0,10,88,0,58,13,0,1,4
50,0,1,94,5,51,12,1,0,4
50,4,50,86,4,50,11,0,0,4
41,3,50,91,5,56,91,1,0,4
50,0,50,87,0,51,12,0,1,4
50,0,0,87,1,51,25,1,50,4
50,1,50,89,2,50,25,1,50,4
39,0,43,90,0,44,12,0,38,4
34,0,37,86,0,41,82,0,28,4
34,0,48,85,4,48,54,4,12,4
45,3,3,96,3,55,13,0,53,4
42,0,50,99,1,55,82,0,5,4
43,0,55,95,2,55,1,2,4,4
39,66,0,89,-1,48,12,101,13,4
34,55,0,86,-12,46,85,100,18,4
43,56,50,95,-16,53,1,108,3,4
51,75,0,93,-10,56,2,87,0,4
51,72,46,92,-1,49,17,113,21,4
32,0,45,85,1,45,0,0,26,4
45,75,42,95,-1,42,25,100,3,4
37,71,0,91,-1,47,88,107,22,4
37,2,46,92,2,48,14,0,17,4
40,1,45,98,8,45,91,8,7,4
37,1,48,96,11,48,0,3,17,4
40,0,48,97,7,48,0,0,23,4
40,0,45,92,1,44,0,0,18,4
40,0,0,92,0,47,87,0,21,4
39,0,50,93,0,50,88,0,0,4
37,0,50,92,0,50,87,0,0,4
42,0,0,92,3,46,14,3,31,4
37,6,47,88,7,47,39,8,22,4
40,7,1,90,12,45,75,3,31,4
46,12,50,97,12,51,0,12,0,4
45,0,51,95,2,52,0,0,1,4
39,55,4,89,-7,48,0,92,21,4
34,64,1,84,-3,45,79,93,14,4
37,0,50,87,3,50,75,3,0,4
46,0,51,96,0,54,90,0,0,4
0,6,51,100,9,52,100,9,52,4
41,12,0,91,14,45,15,14,20,4
50,0,0,89,7,41,40,0,28,4
37,0,0,89,9,39,25,9,14,4
30,1,6,88,14,46,62,12,25,4
50,0,50,94,7,51,13,7,0,4
44,62,50,96,-4,52,87,100,0,4
50,62,51,91,-5,51,0,95,0,4
41,0,1,91,0,48,3,0,20,4
38,0,0,91,0,48,3,0,25,4
44,0,4,94,0,48,6,0,23,4
45,0,53,95,1,53,7,1,3,4
50,0,50,97,0,51,6,0,0,4
50,3,0,93,3,48,6,0,12,4
38,7,46,88,7,47,0,7,15,4
36,7,47,86,8,48,7,7,10,4
50,0,50,92,3,51,4,3,1,4
41,0,50,91,0,51,1,0,1,4
40,68,49,91,-1,49,90,95,8,4
37,68,0,87,0,50,12,99,0,4
50,71,0,91,0,49,0,107,0,4
44,75,0,94,0,50,7,96,0,4
43,0,46,94,0,48,94,0,31,4
39,75,47,92,0,47,92,100,31,4
43,73,49,95,0,49,0,0,23,4
42,1,50,92,1,50,89,1,0,4
38,1,50,96,5,50,95,1,0,4
37,3,5,93,9,49,0,0,14,4
39,13,0,95,15,46,6,0,13,4
37,12,0,89,18,46,1,0,6,4
42,12,0,92,19,48,64,6,16,4
40,10,0,91,12,41,65,12,25,4
44,12,7,94,14,46,0,14,12,4
42,9,50,93,10,51,89,0,0,4
50,0,50,94,2,50,88,2,0,4
50,1,7,90,1,49,87,0,18,4
50,7,9,89,8,50,0,6,0,4
42,7,50,92,8,50,0,7,0,4
50,3,50,92,12,51,1,8,0,4
50,12,51,94,13,51,25,1,0,4
51,6,50,89,8,50,39,2,0,4
51,4,6,85,7,46,1,6,25,4
36,6,6,87,8,48,0,7,20,4
37,0,6,87,14,49,0,12,17,4
43,9,10,93,11,49,0,10,17,4
39,3,53,92,5,53,3,0,3,4
50,0,6,88,3,48,12,0,12,4
50,0,6,87,1,49,87,0,16,4
40,61,50,91,-1,50,90,97,0,4
43,62,50,94,-1,50,6,100,0,4
0,0,4,104,0,48,100,0,33,4
43,3,0,93,5,48,3,6,46,4
39,7,0,92,8,43,28,8,3,4
37,6,42,88,8,42,87,6,42,4
43,3,0,95,5,48,93,2,45,4
43,0,3,95,1,53,1,0,53,4
43,71,50,96,-1,50,88,98,0,4
38,71,45,88,-3,46,12,96,46,4
37,76,43,89,0,43,26,100,6,4
44,3,48,97,3,48,34,3,26,4
37,0,46,94,2,47,69,2,25,4
44,3,45,94,3,48,0,1,15,4
43,3,46,96,3,48,96,0,15,4
44,0,47,94,2,48,87,0,13,4
40,2,48,92,2,48,3,2,1,4
45,1,0,98,1,50,93,0,0,4
43,0,1,95,0,49,14,0,10,4
43,0,48,93,1,49,0,1,10,4
40,0,5,92,2,48,2,0,10,4
39,6,7,89,6,46,89,0,14,4
50,6,6,88,8,48,0,1,9,4
50,6,4,91,6,49,90,6,15,4
50,6,6,93,6,49,3,6,12,4
50,0,4,90,6,50,1,6,0,4
50,0,50,88,3,50,87,3,0,4
50,0,50,90,0,51,28,0,0,4
43,0,51,94,0,52,12,0,0,4
50,0,6,91,0,49,37,0,43,4
50,0,6,88,0,46,25,0,38,4
39,65,3,90,0,47,27,99,40,4
39,0,3,90,1,47,90,0,16,4
50,0,50,91,7,52,65,0,0,4
50,7,53,96,7,55,96,7,0,4
50,3,50,91,3,51,87,3,0,4
41,0,50,91,6,51,0,0,0,4
39,1,50,89,5,50,76,3,0,4
50,1,50,91,2,51,78,0,1,4
40,62,51,90,-1,51,90,96,0,4
35,56,3,87,-4,49,78,95,24,4
50,64,3,91,-3,49,87,88,20,4
56,0,51,98,0,51,25,0,51,4
48,3,47,98,3,48,25,3,28,4
39,6,44,89,6,44,1,0,13,4
38,2,43,88,5,46,12,0,43,4
44,6,44,94,6,46,0,0,0,4
39,5,0,92,4,50,87,1,0,4
40,0,0,97,0,48,3,0,12,4
0,0,0,100,0,48,100,0,35,4
37,75,43,94,-2,43,25,100,25,4
41,1,43,93,1,43,75,0,18,4
37,0,47,91,3,50,91,0,0,4
43,1,46,98,2,48,93,0,18,4
44,0,0,96,0,50,1,0,0,4
43,0,46,94,0,46,93,0,12,4
46,0,43,96,1,44,14,0,0,4
43,3,48,95,4,48,75,1,42,4
45,3,50,96,3,50,96,0,0,4
41,2,5,92,2,49,1,0,16,4
50,0,9,87,1,48,0,0,14,4
50,0,8,86,5,46,84,0,13,4
36,6,8,86,7,48,87,8,11,4
40,9,50,92,10,50,87,7,0,4
46,8,50,96,8,50,0,0,50,4
44,9,9,94,9,47,50,9,34,4
37,1,1,92,8,42,25,1,3,4
37,0,2,91,5,42,12,3,29,4
41,0,2,92,6,42,53,0,29,4
38,9,3,89,10,43,12,0,17,4
38,9,6,91,10,46,3,6,20,4
44,1,8,97,2,49,12,0,41,4
0,0,50,100,4,50,100,5,0,4
43,1,7,96,5,49,13,1,1,4
38,0,6,92,3,44,0,0,6,4
39,1,7,95,2,44,89,0,12,4
46,0,6,96,0,46,31,0,0,4
0,1,3,101,1,48,0,0,3,4
46,0,1,96,2,46,58,2,27,4
40,6,0,90,8,42,3,0,40,4
39,9,0,89,9,44,87,0,0,4
37,6,0,94,8,48,12,1,44,4
43,0,2,93,3,49,93,0,7,4
37,0,0,91,0,48,90,0,15,4
42,72,0,93,0,48,87,92,9,4
40,71,46,90,-1,46,15,112,26,4
38,77,0,91,0,48,15,102,23,4
41,0,0,92,0,47,80,0,28,4
40,2,44,90,2,44,87,0,12,4
41,0,0,97,3,44,96,1,14,4
37,0,1,95,8,49,89,7,18,4
43,9,1,98,8,49,94,2,13,4
43,2,3,95,5,47,95,3,12,4
41,0,0,91,7,46,90,7,12,4
39,0,6,92,7,47,0,0,10,4
43,0,5,93,7,49,0,0,23,4
43,9,50,95,8,50,8,8,0,4
42,9,9,92,11,46,0,3,18,4
34,0,6,86,13,44,9,1,12,4
38,2,6,91,15,44,3,14,12,4
37,10,10,92,10,49,4,0,12,4
43,7,50,93,6,52,93,0,0,4
41,2,52,92,5,52,30,4,1,4
53,0,7,91,5,49,0,1,35,4
51,0,6,90,7,46,39,6,27,4
32,0,0,83,12,44,82,0,12,4
53,0,6,88,13,49,75,12,16,4
47,5,53,97,5,54,3,5,1,4
44,3,50,96,3,53,0,3,3,4
37,0,50,91,8,53,90,6,3,4
37,0,51,87,10,76,87,1,1,4
50,0,0,90,12,19,0,0,22,4
50,0,39,67,3,39,67,0,14,4
38,54,53,88,-8,59,75,91,0,4
0,71,56,107,-1,62,106,103,9,4
50,14,0,98,14,49,98,0,11,4
32,12,51,82,18,51,81,0,3,4
39,14,2,89,14,42,14,1,14,4
37,0,32,89,5,32,25,3,32,4
28,0,0,84,8,45,6,1,32,4
12,0,50,114,9,51,114,6,50,4
0,9,0,101,9,47,103,3,3,4
37,0,50,91,7,54,25,0,3,4
50,0,50,96,0,50,7,0,0,4
51,62,51,89,-9,51,0,100,1,4
50,56,56,88,-5,56,0,113,0,4
37,61,50,87,0,51,87,0,0,4
28,2,0,85,5,46,85,0,18,4
37,14,3,87,19,33,87,18,6,4
31,6,6,85,31,45,78,0,12,4
13,0,56,114,29,71,101,3,2,4
3,6,2,103,11,46,96,3,6,4
32,1,0,82,8,42,82,0,12,4
50,3,56,82,4,58,76,4,2,4
50,1,50,94,7,51,88,1,0,4
50,13,50,99,16,53,93,0,3,4
34,12,51,86,17,55,78,17,1,4
53,13,4,85,16,42,4,0,12,4
50,6,1,80,20,50,0,0,0,4
50,7,50,96,11,51,82,0,1,4
49,3,50,99,5,55,17,3,5,4
51,9,50,96,9,51,21,3,0,4
53,0,1,84,12,46,81,12,14,4
51,7,0,76,10,45,76,3,14,4
43,6,56,94,6,56,6,0,0,4
0,0,50,100,1,64,0,0,14,4
50,3,51,98,3,51,7,3,1,4
50,9,2,79,10,46,0,10,14,4
34,1,51,87,5,54,1,1,3,4
42,59,56,92,-2,56,92,97,0,4
50,62,50,91,-1,54,3,109,0,4
37,1,50,87,5,50,12,5,0,4
35,6,0,87,10,46,87,0,9,4
39,12,49,89,12,50,0,12,0,4
39,7,50,92,8,54,5,1,3,4
41,0,50,92,0,54,91,0,3,4
38,68,50,91,-4,53,3,95,0,4
39,68,0,89,-4,50,87,76,0,4
38,76,40,93,0,40,12,1,28,4
43,0,47,93,7,48,79,7,25,4
38,0,50,96,3,50,7,3,0,4
39,1,48,96,2,48,94,1,17,4
37,0,46,92,3,48,78,3,17,4
43,1,6,95,1,56,87,2,0,4
38,0,7,88,0,57,88,0,0,4
39,0,0,90,0,50,87,0,0,4
31,0,0,85,3,46,84,3,21,4
28,6,0,86,7,48,84,0,12,4
38,7,2,89,8,49,89,2,17,4
37,8,50,94,8,53,6,0,3,4
39,3,51,93,2,55,77,0,4,4
39,0,1,92,1,51,0,1,50,4
37,78,49,95,0,49,70,119,19,4
37,71,0,92,-1,48,90,92,25,4
30,69,0,93,-2,41,3,91,0,4
38,69,0,93,-4,44,5,93,37,4
43,66,4,94,-7,42,19,101,37,4
38,2,0,88,5,49,25,3,13,4
39,12,50,92,13,53,40,0,0,4
42,10,54,92,10,55,15,1,51,4
50,6,50,89,5,55,64,1,4,4
50,56,50,83,-6,56,77,87,0,4
50,50,51,85,-13,52,78,84,0,4
50,62,50,94,-12,50,7,101,50,4
48,78,50,98,-7,50,82,-117,0,4
37,0,0,93,0,50,68,0,0,4
38,0,0,91,6,50,91,6,50,4
39,0,0,92,11,51,3,1,50,4
38,10,0,91,10,51,88,3,51,4
37,0,2,87,0,52,12,0,51,4
50,62,50,87,-8,53,2,91,0,4
37,64,1,87,-7,52,1,104,50,4
35,65,1,86,-7,51,0,105,0,4
50,75,1,88,-5,52,25,75,2,4
37,75,2,91,-7,52,87,89,1,4
37,75,44,92,-4,49,17,107,15,4
37,0,0,92,1,50,91,0,0,4
44,3,0,94,5,53,94,5,3,4
38,1,3,89,1,55,89,0,3,4
39,71,0,89,-1,50,14,101,0,4
37,0,48,87,1,50,0,1,0,4
37,6,48,87,6,49,87,6,1,4
31,0,0,85,8,50,84,7,0,4
25,6,40,81,6,47,0,6,6,4
42,3,0,92,3,45,1,0,37,4
50,0,53,90,5,59,88,5,9,4
0,0,51,102,0,58,1,0,57,4
50,76,44,90,-7,49,15,112,12,4
53,76,0,90,-10,50,90,89,50,4
54,66,51,86,-8,55,1,91,1,4
50,57,6,95,-14,56,72,75,0,4
51,54,1,83,-13,54,76,84,3,4
50,67,1,88,-1,51,12,91,0,4
37,0,0,91,4,50,0,3,0,4
45,7,0,95,10,48,89,10,42,4
43,13,0,94,13,44,25,0,26,4
50,13,6,93,13,47,37,1,25,4
39,6,50,89,12,50,63,10,0,4
50,0,50,91,5,55,3,4,0,4
52,62,50,86,-1,51,85,95,1,4
51,62,51,86,-4,51,87,96,1,4
50,0,53,86,1,55,5,0,1,4
50,0,50,93,0,53,87,0,0,4
51,65,50,92,-3,53,3,96,3,4
50,0,50,90,1,50,1,1,0,4
50,0,50,90,0,51,88,0,0,4
50,0,6,87,0,56,25,0,6,4
50,69,6,89,0,56,1,104,0,4
55,0,0,87,0,52,0,0,0,4
54,0,0,87,0,52,1,0,2,4
51,0,1,85,0,52,0,0,1,4
50,70,3,89,-1,53,2,96,0,4
50,71,3,90,0,54,50,98,0,4
50,71,0,89,-3,51,25,112,0,4
51,0,1,89,0,51,88,0,1,4
39,1,0,89,1,52,0,1,1,4
50,3,46,85,3,48,82,3,10,4
50,3,44,80,5,46,75,3,14,4
43,7,45,93,7,45,6,0,14,4
42,7,49,99,7,49,1,1,7,4
0,9,0,103,9,48,0,0,17,4
0,0,0,102,12,45,2,3,20,4
0,6,1,100,9,45,8,3,20,4
43,3,0,96,4,41,96,3,13,4
39,1,0,90,5,40,90,0,15,4
45,1,0,95,8,44,89,0,19,4
46,0,6,99,9,47,82,6,16,4
43,10,8,97,10,46,3,10,12,4
50,9,0,91,9,44,0,6,6,4
50,6,0,92,7,47,4,0,22,4
53,0,0,91,9,46,53,0,25,4
53,1,6,90,12,44,25,0,43,4
52,11,0,87,11,44,31,1,25,4
50,9,6,88,11,43,88,1,25,4
51,0,7,95,13,48,94,12,21,4
50,7,53,95,10,53,8,0,3,4
41,1,6,92,5,48,0,3,7,4
37,0,7,87,2,46,75,0,7,4
50,0,7,90,1,48,64,0,6,4
51,59,50,93,-3,56,65,87,0,4
51,64,50,99,-7,54,44,90,3,4
53,62,0,92,-6,46,53,112,43,4
51,3,41,94,3,43,50,3,27,4
38,12,42,88,12,42,25,0,1,4
50,14,45,98,14,46,98,1,26,4
40,9,46,91,11,49,0,10,47,4
50,6,47,93,7,49,12,0,44,4
50,1,46,89,1,48,0,1,3,4
39,69,0,89,-3,50,87,94,0,4
44,68,0,94,-5,49,75,93,48,4
50,69,0,92,-5,50,41,100,0,4
53,73,0,92,-1,51,14,112,0,4
42,75,44,92,0,44,0,101,25,4
37,0,37,87,6,39,0,0,14,4
40,12,46,91,12,44,78,5,13,4
45,3,43,99,3,43,98,3,12,4
0,75,45,101,-2,46,101,96,14,4
43,0,46,99,3,46,5,0,0,4
0,10,42,101,10,42,1,3,42,4
39,12,35,95,12,36,95,0,0,4
51,14,5,99,14,43,2,14,16,4
50,7,8,99,8,48,0,7,25,4
50,0,6,91,3,45,3,0,18,4
51,0,1,88,3,42,87,3,14,4
51,0,6,90,15,46,87,13,8,4
50,3,6,93,15,46,0,15,3,4
50,12,1,97,15,42,87,3,3,4
48,14,1,98,17,42,57,3,3,4
41,6,0,92,19,41,39,0,15,4
50,0,5,87,19,42,87,0,18,4
50,4,9,91,11,47,91,4,6,4
50,0,9,90,1,48,0,0,6,4
50,0,6,93,1,47,6,0,15,4
50,6,6,96,9,47,2,9,16,4
45,0,6,95,13,45,1,12,12,4
43,0,6,93,12,44,0,11,12,4
47,1,1,97,10,45,0,10,14,4
47,9,7,97,9,49,96,3,25,4
50,0,0,94,8,46,19,2,8,4
50,9,0,91,9,43,90,0,18,4
50,4,0,92,11,40,37,0,12,4
51,12,0,89,14,46,0,0,7,4
51,5,3,98,11,47,87,6,7,4
45,4,0,95,4,48,12,0,3,4
42,1,0,93,2,48,1,1,9,4
50,0,46,91,0,46,0,0,6,4
51,70,0,94,1,46,75,1,0,4
50,1,44,94,2,44,18,1,19,4
41,6,39,91,6,42,0,6,12,4
43,0,44,95,7,44,0,6,13,4
50,7,48,96,7,48,6,0,12,4
47,3,44,96,3,46,96,0,8,4
50,3,44,92,3,44,0,3,13,4
50,3,46,94,3,46,94,0,7,4
50,2,45,96,2,46,1,2,7,4
46,1,45,96,1,45,9,0,7,4
45,1,0,96,4,45,6,0,7,4
46,7,0,97,7,47,3,7,7,4
51,0,3,92,6,48,0,0,10,4
53,1,0,93,2,48,1,1,6,4
50,0,3,89,0,48,0,0,12,4
51,3,3,90,3,48,0,3,16,4
53,0,3,92,6,47,91,6,25,4
50,6,1,95,10,45,31,6,26,4
38,2,3,88,12,43,50,12,16,4
50,4,6,87,10,43,25,0,25,4
50,4,8,89,4,49,87,3,19,4
52,60,50,96,-2,53,75,90,50,4
53,0,53,90,2,53,75,1,3,4
52,6,3,90,7,49,26,7,25,4
53,0,1,92,7,46,17,7,21,4
50,4,0,98,4,43,23,0,38,4
50,1,4,94,2,42,31,1,29,4
37,3,0,89,6,38,1,6,12,4
37,8,0,87,8,42,75,6,5,4
51,3,50,95,5,53,14,0,53,4
0,0,53,100,1,54,100,1,53,4
46,3,3,96,5,47,75,0,9,4
42,0,1,92,9,43,4,0,3,4
40,0,0,90,4,44,90,0,18,4
42,0,3,93,1,47,14,0,13,4
59,0,0,98,1,45,32,0,31,4
44,3,0,94,3,44,81,3,44,4
40,7,41,90,7,43,28,0,43,4
39,5,44,96,5,44,38,4,44,4
46,3,50,97,3,51,0,3,0,4
44,70,3,96,0,53,0,99,3,4
50,70,48,92,-4,48,90,94,29,4
54,71,45,91,-3,45,90,84,25,4
42,75,44,92,-1,44,13,107,25,4
44,73,46,94,0,46,75,93,26,4
51,0,43,90,0,48,88,0,14,4
50,0,44,93,1,48,87,1,11,4
50,0,46,94,4,49,93,0,8,4
44,3,48,94,3,48,94,3,10,4
41,3,44,91,3,44,0,0,6,4
50,0,44,91,0,44,3,0,6,4
51,0,46,93,0,46,92,0,12,4
50,68,0,94,-1,48,1,104,10,4
47,69,0,98,-1,49,90,98,10,4
50,63,1,95,-3,48,93,96,15,4
42,62,0,92,-3,47,0,96,16,4
50,67,0,93,-1,47,43,123,46,4
50,62,3,91,-1,46,16,94,32,4
55,65,3,93,0,47,37,99,25,4
50,3,0,92,3,44,0,0,25,4
35,4,0,87,5,44,77,0,26,4
50,0,3,89,0,48,13,0,14,4
51,62,50,92,-4,50,0,95,0,4
50,62,3,93,-1,49,6,104,10,4
46,3,3,95,3,48,8,3,4,4
46,0,1,96,1,45,50,0,32,4
50,0,1,94,0,44,13,0,26,4
50,69,44,87,-1,45,25,100,14,4
40,66,44,90,-2,44,3,100,38,4
50,0,47,97,0,46,78,0,46,4
50,0,48,97,0,49,16,0,2,4
42,70,47,93,-3,47,92,101,0,4
45,68,42,96,-6,43,20,100,2,4
40,72,41,91,-1,41,87,97,1,4
39,0,40,96,0,42,1,0,37,4
46,76,40,97,-3,43,66,112,28,4
45,81,44,98,-1,45,26,117,25,4
42,79,43,98,-1,44,79,0,19,4
39,0,37,96,0,42,96,0,12,4
44,0,44,97,1,44,0,1,12,4
42,1,47,92,1,49,89,0,11,4
45,69,48,95,-2,48,1,96,10,4
50,0,0,90,0,45,1,0,6,4
36,2,0,87,5,44,2,5,0,4
34,9,1,87,10,42,0,9,0,4
31,12,0,85,12,39,10,10,12,4
39,0,3,92,10,41,2,10,15,4
3,12,6,103,13,45,0,0,20,4
12,10,50,113,10,53,112,10,3,4
11,7,50,109,8,55,106,0,2,4
48,3,10,98,3,48,96,0,21,4
32,3,3,86,4,42,10,0,14,4
50,3,42,81,5,42,6,5,14,4
37,1,0,88,2,46,88,2,12,4
37,0,0,88,3,48,0,3,26,4
50,0,50,90,7,50,3,0,0,4
57,0,50,94,6,50,31,0,0,4
54,3,0,92,4,44,37,4,37,4
34,1,2,86,8,43,78,8,28,4
50,0,53,93,8,53,0,7,1,4
46,0,56,96,1,57,0,0,0,4
51,0,52,85,0,52,85,0,2,4
50,55,5,84,0,49,75,89,3,4
55,1,5,86,5,48,78,5,7,4
51,6,50,95,6,50,87,6,0,4
50,4,50,89,4,50,89,4,0,4
50,3,2,92,5,50,1,0,0,4
53,3,52,92,4,52,3,1,1,4
55,6,50,99,6,50,14,0,0,4
45,12,3,98,13,48,15,0,40,4
41,12,0,91,19,44,3,6,19,4
51,14,3,88,20,50,75,18,0,4
45,0,50,96,13,51,12,0,50,4
35,7,0,85,7,49,7,0,34,4
51,0,0,88,3,44,76,3,43,4
51,9,50,87,9,51,85,6,51,4
43,9,3,93,7,49,6,1,8,4
37,1,1,87,2,46,37,0,21,4
52,3,0,96,3,44,0,0,25,4
50,6,1,94,6,48,0,6,17,4
44,0,0,94,4,49,94,0,13,4
40,0,45,93,0,45,0,0,6,4
44,3,0,94,5,46,93,5,2,4
48,9,48,98,10,49,93,0,1,4
46,4,45,97,5,45,3,4,14,4
44,5,42,94,5,42,50,3,1,4
44,3,3,94,5,48,75,0,15,4
47,0,6,97,4,49,6,4,14,4
42,0,4,92,0,48,2,0,21,4
51,0,4,89,0,48,87,0,7,4
53,1,5,91,1,49,91,0,17,4
50,0,50,94,4,50,0,4,0,4
50,6,50,92,6,52,89,0,0,4
50,6,50,92,8,49,26,1,11,4
50,6,6,90,8,46,62,6,43,4
53,0,6,85,13,46,81,13,21,4
51,1,7,89,17,48,0,17,12,4
51,0,50,89,14,50,87,14,0,4
50,1,50,91,8,50,91,6,0,4
50,6,7,87,6,49,0,6,16,4
51,9,50,90,10,50,90,0,0,4
50,7,7,95,7,49,93,6,9,4
50,0,5,95,6,48,37,6,26,4
47,4,3,97,7,48,0,7,48,4
50,0,0,92,5,47,14,3,22,4
40,3,0,92,3,46,4,3,0,4
39,6,0,90,6,47,88,6,3,4
46,0,50,97,3,51,0,3,0,4
50,67,50,92,-1,53,89,98,3,4
40,62,0,91,-5,49,91,94,11,4
39,62,47,89,-1,47,37,107,47,4
53,0,1,96,3,51,84,3,1,4
50,0,46,94,0,48,18,0,22,4
50,1,38,84,1,43,81,1,18,4
42,5,45,92,5,45,4,3,6,4
43,0,0,96,7,50,88,6,0,4
1,0,0,101,7,51,0,0,0,4
46,0,49,96,5,49,84,2,10,4
43,4,50,93,4,51,0,1,0,4
37,4,0,89,4,49,88,0,5,4
50,0,50,89,7,50,0,0,0,4
51,0,50,86,6,51,1,0,1,4
50,0,5,89,6,49,88,0,26,4
50,0,5,88,10,49,0,4,21,4
51,9,50,89,11,50,1,6,0,4
50,7,50,89,7,51,89,1,0,4
51,0,51,89,1,52,1,0,2,4
50,60,53,90,-1,53,89,95,3,4
50,59,53,88,-3,54,12,93,0,4
55,0,51,92,0,52,5,0,52,4
51,1,5,90,7,49,37,3,0,4
40,12,3,92,15,48,4,14,15,4
38,0,6,88,12,49,63,12,16,4
50,6,51,91,7,52,0,7,0,4
50,0,50,90,1,53,0,1,0,4
50,1,6,88,4,49,87,0,12,4
50,6,1,87,6,46,87,0,7,4
50,0,53,94,6,54,87,0,0,4
53,3,50,96,3,56,87,0,6,4
56,0,6,85,0,56,9,0,0,4
50,62,50,91,-1,53,65,98,3,4
51,64,0,85,0,48,9,102,18,4
53,1,43,83,2,44,8,0,7,4
50,0,1,86,2,51,81,1,0,4
51,73,3,98,-1,54,3,100,3,4
50,71,50,95,-1,54,0,103,3,4
50,70,3,93,-1,53,17,106,3,4
39,75,43,92,0,45,4,0,19,4
39,1,43,90,1,45,89,1,14,4
50,0,1,92,5,52,90,4,1,4
50,2,7,97,5,57,3,3,0,4
44,0,0,94,0,50,93,0,0,4
50,1,45,91,3,46,0,3,15,4
36,4,49,86,5,49,86,3,14,4
51,1,50,89,1,56,0,1,0,4
51,0,52,89,0,52,0,0,2,4
28,1,3,91,2,48,3,2,13,4
50,9,12,89,9,43,3,0,12,4
28,7,50,90,11,52,78,10,2,4
0,0,53,100,7,55,100,0,1,4
43,0,50,96,6,50,89,6,0,4
39,0,25,89,5,48,89,1,19,4
64,3,50,89,3,51,0,0,18,4
50,7,18,91,7,47,3,6,18,4
52,8,18,93,12,44,67,9,25,4
40,12,14,99,15,39,21,0,12,4
37,12,21,87,19,46,62,7,26,4
37,5,21,89,17,48,25,15,21,4
50,10,51,85,11,51,81,1,0,4
37,3,20,89,10,48,2,9,5,4
37,3,19,87,9,47,0,3,3,4
43,13,51,95,13,51,93,13,1,4
50,12,51,91,19,55,88,0,1,4
35,0,50,86,6,52,82,6,0,4
34,0,12,85,0,45,78,0,0,4
35,6,50,85,8,51,6,7,0,4
45,0,51,99,7,52,1,6,0,4
43,8,50,93,8,52,0,6,0,4
37,0,51,91,5,51,4,5,0,4
37,1,14,88,3,49,0,0,9,4
41,4,55,91,5,55,91,0,0,4
39,0,51,92,0,57,87,0,7,4
50,0,50,91,1,50,3,0,0,4
28,0,15,85,7,47,7,0,10,4
41,7,52,94,11,53,81,10,0,4
31,0,54,93,16,55,0,3,4,4
25,3,50,85,16,51,7,3,1,4
37,3,15,89,11,48,87,1,6,4
37,0,54,87,15,54,0,0,0,4
42,1,51,92,20,58,92,1,7,4
38,4,50,88,17,53,87,17,3,4
25,1,50,81,11,53,75,6,3,4
34,0,51,84,8,51,9,7,1,4
32,0,54,85,7,54,85,7,0,4
37,1,50,89,7,58,12,8,2,4
41,5,50,93,5,57,18,3,0,4
37,6,53,91,7,53,12,6,0,4
52,6,50,87,6,50,34,6,0,4
50,7,50,82,8,51,7,1,0,4
31,5,53,82,12,53,75,13,0,4
50,2,60,84,8,60,0,1,0,4
50,0,60,89,-1,60,87,100,0,4
51,56,59,85,-2,60,3,100,4,4
38,0,57,88,0,58,1,0,0,4
36,0,56,87,0,57,0,0,6,4
37,52,58,87,-3,58,12,106,57,4
53,62,56,88,-4,58,38,89,57,4
53,64,50,84,-3,57,31,113,0,4
50,65,51,87,0,57,0,98,0,4
50,0,50,88,3,53,75,1,0,4
37,3,52,88,3,61,0,3,61,4
38,62,53,87,-5,60,87,100,10,4
50,55,50,81,-7,56,0,92,6,4
50,68,53,81,-1,53,75,66,0,4
50,73,53,87,0,53,12,0,5,4
39,69,52,89,0,61,76,98,3,4
37,68,51,88,-3,61,0,95,6,4
50,70,50,85,-3,56,78,95,6,4
53,0,6,84,1,56,0,1,6,4
56,0,50,85,3,57,87,0,0,4
50,0,53,90,7,59,12,0,56,4
39,9,56,96,13,54,6,0,3,4
32,1,6,86,17,46,2,1,6,4
34,0,50,84,19,50,3,0,0,4
42,0,50,92,12,54,0,0,3,4
37,0,50,87,5,53,87,4,0,4
34,0,51,83,9,50,75,9,0,4
35,5,10,86,11,49,79,0,10,4
40,7,56,90,10,56,0,1,6,4
42,4,53,92,5,55,12,1,3,4
50,4,54,91,5,55,12,2,0,4
50,9,50,89,10,52,26,7,2,4
39,7,11,89,11,49,26,10,27,4
37,0,10,88,14,49,88,12,14,4
50,1,50,84,14,50,75,12,0,4
37,3,51,87,10,52,12,10,1,4
50,0,54,87,4,56,4,4,0,4
39,0,53,89,0,53,0,0,3,4
50,0,50,93,0,53,89,0,3,4
50,0,53,91,0,55,1,0,3,4
40,1,53,90,1,55,12,0,4,4
41,0,54,91,1,55,88,2,3,4
50,0,51,94,2,52,56,0,0,4
37,0,50,87,0,50,50,0,0,4
37,3,0,88,4,48,88,3,37,4
32,2,50,85,8,51,50,0,50,4
39,4,53,89,5,55,14,2,54,4
50,64,50,88,-3,58,88,93,0,4
50,65,50,81,-8,60,81,90,9,4
40,69,52,91,-3,52,78,100,0,4
39,6,50,89,7,53,14,0,3,4
40,4,50,92,10,55,17,1,4,4
35,0,53,85,8,54,0,8,0,4
37,7,53,89,7,53,0,7,3,4
37,6,53,87,7,54,87,7,0,4
39,9,56,92,9,56,88,9,6,4
37,12,51,88,12,52,0,0,0,4
37,14,4,87,17,48,12,14,46,4
33,6,6,88,19,48,88,0,10,4
40,3,10,91,15,49,0,0,12,4
44,7,56,96,8,56,89,0,0,4
50,0,59,94,3,59,0,3,0,4
52,0,52,83,0,52,0,0,0,4
54,53,8,81,-1,49,0,98,10,4
51,56,53,85,0,54,0,99,3,4
50,0,56,91,1,56,87,0,6,4
50,3,56,92,4,56,0,3,6,4
50,5,50,90,5,54,25,3,3,4
51,3,50,89,3,51,75,3,51,4
50,0,9,88,2,49,26,0,20,4
39,3,7,89,4,49,14,3,13,4
39,3,51,90,4,51,75,3,0,4
41,1,55,91,1,55,12,1,5,4
50,3,51,91,3,55,0,3,0,4
50,3,52,89,4,52,89,0,1,4
39,0,50,89,1,50,1,0,0,4
37,0,50,88,0,51,0,0,1,4
38,0,54,90,0,54,89,0,4,4
50,0,53,90,0,54,12,0,0,4
50,65,55,91,0,55,75,94,4,4
51,0,53,91,1,55,28,0,4,4
50,0,50,88,1,53,88,1,3,4
50,0,51,84,3,52,6,3,1,4
53,0,50,86,2,52,3,2,0,4
50,0,50,88,0,56,87,0,0,4
50,66,50,88,0,57,0,94,0,4
50,0,50,87,0,55,0,0,0,4
50,0,51,87,0,57,0,0,6,4
50,0,50,87,0,56,87,0,6,4
50,1,50,87,1,55,0,1,1,4
50,3,50,88,3,53,0,3,4,4
50,4,53,87,4,53,0,0,0,4
50,3,50,92,5,57,1,0,0,4
39,0,50,89,3,56,0,3,0,4
50,2,55,85,5,55,1,5,5,4
50,3,53,85,5,53,0,0,0,4
52,3,50,86,5,54,3,3,1,4
51,0,56,87,10,55,0,3,55,4
50,1,53,92,12,53,50,11,3,4
50,3,51,86,9,51,81,6,1,4
50,0,51,87,7,51,0,0,0,4
50,1,53,87,1,54,87,1,1,4
50,0,57,89,0,58,89,0,7,4
40,2,56,90,2,56,90,2,0,4
37,6,54,87,7,54,0,6,4,4
37,3,53,87,10,53,87,6,3,4
40,0,50,90,13,52,2,12,0,4
40,0,53,90,14,53,28,2,0,4
39,1,50,89,13,50,14,0,0,4
50,8,51,87,11,52,75,4,2,4
50,7,53,89,8,54,89,7,0,4
50,6,54,89,6,55,1,6,4,4
50,0,53,84,7,54,0,0,0,4
50,5,53,85,5,53,84,5,0,4
38,0,50,90,5,53,90,1,0,4
37,1,53,89,5,55,87,0,2,4
39,2,56,89,2,56,89,0,6,4
50,1,50,89,1,54,87,1,4,4
50,0,50,89,7,52,26,0,0,4
50,0,50,87,8,51,0,7,0,4
51,0,53,89,7,53,0,0,0,4
39,1,53,89,7,53,1,1,0,4
35,1,50,86,4,51,78,1,1,4
37,0,51,87,0,52,87,0,0,4
37,66,50,87,0,53,1,98,3,4
39,68,50,90,-4,53,14,106,0,4
52,74,50,93,0,54,92,77,3,4
50,73,50,90,-1,55,15,100,4,4
40,68,50,90,-4,50,0,100,0,4
37,71,0,89,0,50,87,0,1,4
37,1,3,89,2,53,89,2,0,4
44,0,50,94,0,56,87,0,6,4
40,69,50,92,0,56,87,103,6,4
41,0,50,91,1,56,0,0,0,4
50,1,53,91,2,53,14,0,3,4
50,3,50,88,10,54,12,6,4,4
52,3,53,83,16,53,1,0,3,4
50,4,50,85,18,51,7,4,1,4
51,0,54,86,15,55,86,14,5,4
50,0,50,87,5,57,0,0,1,4
51,50,57,82,0,57,1,93,0,4
50,0,56,85,5,56,85,3,6,4
51,3,56,83,10,57,26,0,0,4
51,2,55,90,14,55,37,0,1,4
53,6,51,87,18,51,35,6,1,4
34,3,6,84,17,46,9,12,21,4
31,0,7,84,11,49,56,10,17,4
39,6,57,90,6,58,14,6,8,4
44,0,62,94,0,62,81,0,0,4
38,3,59,90,3,59,88,3,9,4
50,0,52,86,3,52,0,3,1,4
51,3,52,87,4,53,0,0,3,4
50,3,56,89,4,56,0,0,0,4
39,3,57,92,3,60,15,0,6,4
52,1,56,87,2,56,78,2,6,4
50,1,50,86,2,56,6,0,0,4
53,0,50,84,6,56,0,0,0,4
53,0,50,85,5,53,84,0,3,4
52,0,50,83,6,53,7,0,3,4
50,0,52,86,7,58,1,7,2,4
53,0,51,91,3,60,78,0,4,4
59,69,50,86,-1,60,85,101,9,4
56,62,7,81,-5,57,0,100,0,4
50,59,50,82,-3,53,75,93,0,4
34,2,50,86,2,51,84,2,0,4
37,7,51,90,7,51,89,0,1,4
46,7,53,96,10,53,95,0,3,4
44,13,55,94,13,55,94,0,0,4
42,8,50,93,11,52,2,2,0,4
43,3,50,93,9,51,0,3,1,4
50,0,53,91,8,53,79,1,50,4
39,6,50,89,6,54,0,2,1,4
37,0,50,87,5,54,87,3,3,4
37,0,53,86,3,54,3,3,3,4
50,0,56,84,1,56,3,1,0,4
54,4,56,86,4,58,82,0,1,4
53,1,56,87,7,56,0,7,0,4
50,0,51,83,8,54,2,0,0,4
50,3,53,88,10,53,50,3,53,4
50,0,53,88,12,53,75,12,3,4
50,3,53,86,16,53,6,0,3,4
51,0,54,83,12,54,83,12,0,4
50,1,53,87,7,54,0,0,1,4
35,0,50,85,7,54,7,0,0,4
50,6,50,90,6,51,90,0,0,4
38,4,54,89,5,55,89,4,5,4
43,3,56,94,3,58,94,0,1,4
39,58,50,89,-1,55,25,107,2,4
50,63,53,93,0,53,50,92,50,4
50,0,51,88,0,54,62,0,4,4
51,0,51,90,1,51,75,0,1,4
50,0,50,87,1,51,87,1,0,4
50,3,50,88,3,55,13,3,3,4
50,0,50,89,0,53,0,0,53,4
50,69,50,86,0,53,82,110,3,4
50,1,50,90,1,52,12,1,0,4
40,0,50,90,2,51,78,2,0,4
50,0,3,88,1,53,0,0,3,4
50,3,3,92,3,53,0,0,3,4
51,3,3,89,3,53,2,0,0,4
42,0,50,92,0,53,2,0,3,4
41,1,50,91,2,53,91,2,0,4
39,0,50,89,3,53,0,3,3,4
50,0,53,87,1,55,87,0,3,4
50,0,56,90,0,58,87,0,8,4
50,1,56,88,1,57,1,1,6,4
50,0,51,86,4,55,86,1,0,4
50,0,50,83,7,53,8,0,3,4
50,3,50,87,9,53,75,6,0,4
53,0,53,84,13,53,25,0,0,4
50,1,53,87,14,53,11,0,3,4
50,6,53,89,12,53,0,10,3,4
37,0,53,87,6,55,0,6,5,4
37,4,53,91,5,54,50,3,1,4
37,3,53,90,5,55,27,3,1,4
53,0,51,92,1,51,39,2,0,4
50,1,7,85,1,46,3,0,26,4
32,6,0,82,10,47,57,9,12,4
37,10,50,89,10,52,26,0,50,4
46,1,56,96,8,62,65,6,61,4
46,8,59,96,8,60,87,6,6,4
50,4,52,86,4,55,7,4,0,4
54,0,51,83,0,51,83,0,1,4
50,58,50,89,0,53,89,101,3,4
50,2,50,85,2,56,0,1,0,4
37,5,53,90,5,53,87,5,3,4
51,0,51,86,8,54,7,6,3,4
53,0,50,82,0,58,76,78,1,4
50,68,50,87,-1,58,25,107,0,4
53,65,50,86,-2,57,86,96,6,4
50,0,5,84,0,55,0,0,3,4
50,0,5,85,1,55,0,0,1,4
50,0,50,86,0,57,9,111,53,4
51,68,51,88,-3,58,13,78,1,4
50,66,50,86,-6,55,75,87,3,4
52,62,3,87,-6,53,79,91,0,4
50,64,9,84,-10,59,78,89,6,4
50,62,50,89,-8,55,89,100,1,4
37,0,50,88,0,50,88,0,0,4
34,13,6,86,16,48,86,3,16,4
43,18,50,94,23,51,0,6,1,4
0,17,50,100,17,53,100,3,3,4
37,2,51,93,11,50,93,2,0,4
37,8,2,88,8,46,87,6,18,4
39,6,0,89,6,44,0,0,6,4
41,3,4,91,5,49,75,0,16,4
0,0,53,100,3,53,100,3,3,4
53,68,50,98,0,51,9,95,1,4
50,62,50,87,-3,50,12,93,0,4
50,62,4,88,-7,48,37,90,35,4
54,53,50,86,-9,50,36,100,0,4
50,63,53,87,-2,53,0,94,0,4
51,3,56,89,4,56,50,6,0,4
40,6,51,91,6,57,15,0,0,4
32,7,51,82,7,51,75,6,1,4
50,6,50,82,8,51,1,8,0,4
50,0,56,85,0,59,10,0,6,4
50,51,57,87,-7,58,8,100,1,4
53,61,56,87,-12,56,1,81,6,4
56,63,53,86,-5,61,8,107,0,4
50,65,50,87,-2,59,25,100,0,4
53,1,3,85,2,53,78,2,3,4
50,6,5,88,6,55,1,0,0,4
50,0,50,87,2,55,0,2,1,4
39,0,51,89,0,57,1,0,1,4
42,68,50,92,-3,57,77,109,6,4
32,63,50,82,-5,52,82,100,0,4
50,62,50,82,-5,50,75,93,0,4
50,64,50,85,-6,54,7,100,4,4
50,63,57,92,-8,57,78,91,0,4
44,69,50,99,-3,56,92,101,6,4
41,12,1,91,13,45,3,0,7,4
37,19,1,87,19,45,0,21,12,4
38,19,3,94,19,48,94,0,9,4
0,0,50,103,10,51,103,10,0,4
41,12,1,99,13,49,46,0,17,4
50,0,6,86,13,46,26,12,31,4
50,0,7,85,7,45,84,0,31,4
34,0,9,85,5,49,81,5,31,4
44,6,53,96,8,54,87,0,3,4
46,0,50,96,9,52,3,6,0,4
40,12,7,91,12,49,13,12,26,4
50,0,6,89,13,47,26,0,37,4
54,9,50,86,9,50,1,6,0,4
50,0,50,87,1,50,87,0,0,4
54,0,50,87,0,50,85,0,0,4
51,1,50,92,2,53,3,0,3,4
43,3,51,94,3,55,88,0,5,4
42,6,50,92,6,53,14,0,3,4
50,4,50,89,6,51,89,6,0,4
50,0,50,85,5,53,84,1,3,4
50,6,50,87,6,51,87,6,0,4
50,3,50,87,4,51,87,3,0,4
53,1,57,91,2,57,0,1,0,4
53,0,56,93,0,58,87,0,0,4
51,65,50,88,0,53,0,100,0,4
51,2,49,87,2,49,31,1,11,4
53,5,0,84,5,50,0,0,0,4
50,0,5,92,4,55,90,3,1,4
0,6,50,101,6,58,100,7,0,4
50,6,10,89,8,60,1,8,9,4
53,3,3,80,3,55,1,3,4,4
52,0,50,83,0,57,26,0,7,4
56,58,55,83,0,61,76,98,8,4
56,58,50,81,0,57,75,99,6,4
51,3,50,80,3,56,2,3,0,4
50,0,50,89,10,51,89,10,0,4
56,12,53,84,17,60,81,17,6,4
58,15,53,96,16,60,8,3,56,4
50,9,50,85,9,57,82,9,5,4
50,6,50,87,8,53,87,8,0,4
50,0,56,86,7,60,84,6,9,4
50,2,59,87,5,60,87,5,10,4
52,0,50,86,9,53,82,9,3,4
50,12,50,79,12,53,0,0,3,4
52,9,55,83,9,55,82,9,5,4
51,0,57,89,8,57,0,8,0,4
50,0,50,88,12,57,1,12,0,4
50,0,50,89,19,54,0,0,3,4
50,6,53,87,21,53,25,6,0,4
50,0,51,83,18,51,75,0,0,4
53,0,50,84,14,53,3,14,3,4
50,6,53,89,8,54,14,7,4,4
50,3,56,89,3,56,1,0,0,4
53,0,50,87,5,53,6,5,3,4
52,6,58,89,6,58,88,6,7,4
50,0,58,89,3,62,0,0,0,4
51,56,50,89,0,55,0,100,0,4
50,0,51,82,0,51,7,0,0,4
57,0,54,82,2,55,1,0,3,4
53,0,50,91,0,56,0,0,6,4
50,1,53,92,5,54,3,0,0,4
50,0,50,90,8,52,3,0,0,4
50,3,50,91,4,54,15,3,4,4
53,3,50,91,3,54,40,0,0,4
51,5,51,89,5,55,64,1,5,4
50,0,50,91,7,53,28,7,50,4
37,0,0,87,7,50,87,7,0,4
34,0,50,86,5,51,4,4,0,4
51,3,50,88,3,54,0,0,0,4
40,1,50,90,2,56,15,0,50,4
51,0,50,88,0,53,88,0,3,4
53,68,50,84,-1,53,9,106,3,4
52,70,4,90,-1,55,0,100,5,4
52,73,4,93,-1,54,89,101,3,4
53,71,4,90,-1,54,90,100,4,4
50,0,6,88,0,56,0,0,0,4
50,0,50,91,0,55,0,0,4,4
51,0,50,88,2,53,0,0,0,4
50,3,50,88,5,54,88,4,0,4
39,3,55,89,3,55,2,0,3,4
50,6,51,88,6,51,0,0,1,4
50,7,6,84,7,49,3,1,11,4
51,6,51,87,6,52,0,0,0,4
51,3,50,89,4,55,0,3,1,4
50,4,53,88,5,52,13,4,2,4
50,0,50,88,2,51,12,2,0,4
50,0,52,92,0,52,50,0,0,4
37,0,51,87,2,51,12,0,1,4
39,1,51,89,5,52,89,0,0,4
50,3,51,88,3,56,0,0,0,4
50,0,56,89,0,56,0,0,0,4
50,0,50,88,0,53,0,0,0,4
50,1,50,87,1,51,87,0,0,4
38,0,51,88,0,51,0,0,0,4
40,0,50,90,0,50,3,0,0,4
39,0,51,92,0,51,92,0,1,4
44,0,54,94,0,56,94,0,6,4
50,0,53,94,0,54,31,0,50,4
51,1,50,96,1,51,52,0,0,4
51,4,0,87,5,48,8,2,20,4
52,1,48,86,8,48,85,6,7,4
50,6,50,91,7,50,3,1,0,4
41,7,51,91,7,54,0,7,4,4
50,4,51,91,4,55,0,0,0,4
37,1,50,87,1,52,0,0,2,4
50,0,50,88,0,51,1,0,1,4
50,0,50,88,0,53,87,0,1,4
53,64,50,90,-3,53,90,101,3,4
50,64,50,89,-3,53,1,94,0,4
50,67,50,90,0,50,87,94,0,4
50,0,51,90,0,54,90,0,4,4
42,0,50,92,1,52,92,3,2,4
38,3,50,88,3,50,0,3,0,4
41,6,0,91,7,49,90,0,12,4
42,7,50,92,11,51,25,7,0,4
44,7,50,94,12,50,7,1,0,4
50,5,50,95,11,53,70,2,3,4
56,1,57,93,4,58,6,4,8,4
53,48,56,83,-2,55,82,96,1,4
50,43,50,76,-2,50,75,94,0,4
50,0,9,82,3,49,75,3,17,4
50,6,53,88,7,55,76,0,4,4
50,10,59,94,12,59,94,0,0,4
53,9,51,91,10,55,3,10,4,4
53,6,50,85,8,53,0,0,3,4
50,0,51,87,5,54,25,1,4,4
50,6,53,89,6,53,50,6,3,4
39,8,50,89,11,50,89,4,0,4
50,0,50,88,13,52,75,12,0,4
51,6,53,90,10,55,0,6,2,4
50,0,53,88,7,53,0,0,3,4
51,7,51,87,8,52,0,8,1,4
51,6,51,87,6,52,81,0,0,4
51,6,50,92,6,53,78,6,1,4
50,3,56,89,5,57,76,3,6,4
58,0,50,86,0,55,0,0,3,4
50,0,50,89,1,53,50,0,53,4
50,0,0,83,4,49,76,1,12,4
50,3,50,87,3,52,89,2,4,4
53,4,50,93,4,57,5,0,6,4
50,1,50,92,1,57,1,0,0,4
50,0,50,87,0,54,0,0,3,4
50,65,50,87,-1,52,0,96,2,4
50,0,5,89,0,55,87,0,3,4
50,0,5,88,1,55,13,0,5,4
50,0,50,90,0,56,3,0,0,4
51,0,0,86,0,50,3,0,0,4
50,3,50,88,3,50,75,3,0,4
50,7,50,92,7,53,0,0,3,4
50,7,50,93,8,55,91,7,5,4
53,1,50,90,8,53,89,0,3,4
43,3,50,93,10,52,2,9,0,4
50,9,53,86,11,54,0,0,0,4
50,8,50,92,8,50,0,0,0,4
50,9,51,88,10,51,1,10,0,4
50,0,53,91,12,53,87,0,5,4
50,7,50,88,10,55,12,10,4,4
53,0,53,86,8,53,83,7,0,4
50,7,51,82,7,51,6,6,0,4
50,0,10,85,8,49,76,1,25,4
50,5,50,91,11,54,91,0,2,4
51,0,50,92,12,61,87,0,9,4
51,3,56,88,8,56,87,7,6,4
50,0,50,83,8,53,7,8,3,4
52,0,53,83,8,53,58,7,0,4
50,0,50,88,6,57,38,6,7,4
50,6,56,88,9,56,25,0,6,4
50,3,50,87,10,53,87,10,0,4
51,0,55,83,10,55,76,9,1,4
54,1,57,87,4,58,5,0,1,4
52,3,56,87,4,56,79,0,0,4
50,6,51,88,8,54,0,0,0,4
50,9,51,89,9,53,89,9,0,4
50,7,56,87,7,56,87,0,6,4
50,0,56,88,2,56,87,0,6,4
50,0,50,87,0,53,12,0,0,4
55,1,52,86,1,52,60,0,0,4
50,0,50,88,3,53,40,3,1,4
50,0,51,91,7,51,88,0,1,4
50,1,51,88,7,52,88,0,2,4
50,0,50,89,6,53,1,0,3,4
51,0,50,90,3,53,1,3,0,4
50,1,50,89,2,52,0,3,0,4
50,3,50,90,3,51,87,3,1,4
50,0,4,91,2,53,87,1,3,4
50,0,3,90,0,53,15,0,0,4
50,0,2,91,4,52,3,3,0,4
50,1,50,91,4,51,87,4,1,4
50,6,50,91,6,53,87,6,3,4
50,0,3,89,5,53,1,0,0,4
50,0,50,90,6,51,89,6,0,4
52,0,50,89,6,51,1,0,1,4
50,0,50,90,7,53,87,7,0,4
51,0,53,92,6,54,92,0,0,4
51,0,50,92,7,53,3,0,3,4
50,0,50,91,9,52,37,0,0,4
50,6,50,88,8,51,87,0,1,4
50,6,50,88,6,53,87,6,3,4
50,1,50,88,1,55,0,0,0,4
56,0,56,85,0,56,78,99,6,4
53,0,56,85,2,56,82,0,0,4
53,0,57,86,6,57,86,6,0,4
57,6,56,85,7,57,25,0,6,4
57,6,56,87,8,57,52,8,6,4
56,2,57,85,8,57,35,0,7,4
51,1,56,82,8,56,0,2,0,4
57,3,56,84,4,57,6,4,0,4
52,0,58,83,3,58,2,0,0,4
56,2,56,85,5,56,6,4,0,4
56,4,56,83,5,56,0,0,0,4
50,1,56,87,1,57,0,0,6,4
50,57,50,88,0,55,89,0,0,4
51,0,50,89,1,53,87,0,3,4
42,0,53,92,2,53,15,0,3,4
53,1,53,91,4,53,62,1,53,4
50,0,53,94,3,53,37,0,3,4
52,0,50,87,3,50,1,0,0,4
55,3,50,87,5,50,80,5,0,4
51,1,51,89,5,55,12,5,0,4
51,2,50,89,2,53,0,0,3,4
50,0,50,89,2,50,89,1,0,4
50,1,50,89,2,52,0,0,0,4
53,0,3,92,1,53,91,1,0,4
50,0,3,88,1,53,87,0,0,4
50,3,3,87,3,53,62,0,3,4
50,0,3,87,1,54,25,0,3,4
50,3,3,91,3,53,78,3,0,4
50,0,1,90,3,52,1,0,0,4
50,6,0,88,6,51,0,0,0,4
52,0,50,90,7,52,89,6,2,4
52,1,50,90,8,53,0,8,0,4
50,0,50,91,6,51,91,0,0,4
39,0,0,89,6,48,89,6,8,4
50,6,0,91,9,49,12,1,0,4
54,2,50,92,8,55,65,0,50,4
50,0,4,91,0,53,37,110,0,4
50,57,50,87,-4,51,62,93,0,4
56,50,50,84,-7,56,3,90,0,4
57,51,50,83,-10,58,0,89,6,4
51,40,50,77,-9,57,77,90,0,4
51,50,49,77,0,48,1,0,13,4
52,4,2,80,4,49,2,3,17,4
50,3,50,87,5,56,12,5,0,4
56,0,53,97,5,60,96,5,6,4
6,3,64,108,3,64,106,3,14,4
5,9,54,104,10,57,4,10,1,4
40,0,9,91,10,47,87,6,21,4
36,0,6,86,13,48,35,12,6,4
27,6,0,83,11,51,52,10,0,4
50,1,50,82,1,51,6,1,51,4
53,56,0,78,-3,49,3,94,8,4
52,57,53,90,-5,54,89,94,0,4
50,57,53,87,0,59,8,96,6,4
53,0,1,91,0,51,25,0,1,4
58,0,0,86,0,51,2,0,1,4
55,0,3,92,1,55,17,0,0,4
50,71,7,92,0,57,91,106,6,4
60,69,0,85,-3,53,9,101,3,4
50,64,0,88,-4,50,26,107,0,4
50,67,0,84,-7,51,81,89,0,4
41,64,1,91,-10,52,0,90,52,4
51,69,0,90,-4,53,13,100,0,4
50,0,0,95,0,50,26,0,0,4
40,1,0,91,2,51,3,0,1,4
53,0,50,97,4,51,91,0,1,4
50,0,2,92,1,52,0,1,0,4
50,3,0,89,3,49,1,3,10,4
50,4,46,87,5,45,0,5,8,4
41,1,0,91,8,46,0,0,6,4
43,6,50,93,10,50,12,4,0,4
45,2,3,99,8,49,98,0,5,4
41,6,1,93,9,48,3,0,3,4
44,2,0,96,9,44,1,0,0,4
50,0,6,93,8,46,89,6,31,4
50,0,4,95,7,48,25,0,28,4
50,0,8,88,1,49,75,0,21,4
52,56,6,89,-1,48,0,95,16,4
50,50,7,83,-5,49,84,87,0,4
50,51,5,85,-4,49,9,89,7,4
32,0,46,82,1,46,81,0,21,4
51,7,0,83,7,44,26,7,0,4
53,12,53,97,14,53,6,12,0,4
6,12,50,107,12,56,106,8,0,4
6,4,51,118,4,55,6,3,1,4
0,3,12,100,9,48,100,6,34,4
39,7,6,96,12,47,26,2,9,4
50,0,47,78,8,47,78,1,6,4
50,0,0,82,2,44,1,1,5,4
53,0,0,78,1,46,3,0,7,4
50,3,5,95,3,48,93,3,14,4
43,4,51,93,5,52,0,5,0,4
50,4,50,93,4,50,1,3,0,4
55,60,50,86,-1,50,1,114,0,4
51,62,50,89,-2,53,14,118,0,4
50,65,50,90,-3,53,52,101,3,4
50,62,0,90,-1,49,76,100,16,4
50,0,0,87,3,50,12,0,0,4
51,3,50,92,3,50,13,4,0,4
51,6,50,92,6,52,0,6,1,4
50,0,50,91,7,51,91,7,1,4
51,3,48,89,5,49,1,1,24,4
50,2,50,89,5,51,76,1,1,4
55,6,55,93,6,55,14,6,1,4
50,0,55,94,11,55,87,4,4,4
50,0,50,91,14,50,0,0,0,4
50,1,6,86,18,48,3,18,20,4
50,3,6,89,17,43,89,17,12,4
50,6,6,88,18,49,88,18,12,4
42,6,50,92,18,50,3,0,0,4
37,0,1,89,13,45,87,13,1,4
37,1,3,87,14,42,0,14,17,4
50,12,7,95,13,48,0,1,15,4
3,3,50,103,10,52,0,6,1,4
0,0,51,101,7,52,0,7,2,4
53,5,3,91,5,48,1,3,16,4
53,0,0,86,0,46,0,0,12,4
50,56,50,88,-2,50,88,91,0,4
53,58,54,90,0,54,3,96,3,4
51,0,53,89,1,53,25,0,3,4
45,0,50,95,2,53,69,1,3,4
50,62,11,96,-3,49,59,109,33,4
53,62,0,86,-7,42,61,112,15,4
50,57,1,80,-3,42,76,82,12,4
60,0,57,86,0,57,85,0,50,4
50,60,53,96,-1,61,84,87,0,4
43,59,53,93,-1,53,87,90,0,4
38,0,4,88,1,48,1,1,12,4
50,6,6,89,6,48,89,6,17,4
51,0,50,96,3,50,0,0,0,4
50,0,4,94,1,49,3,0,23,4
53,3,50,91,5,50,3,1,0,4
45,0,50,95,7,50,0,1,0,4
52,0,50,90,7,50,14,7,0,4
37,5,1,87,5,48,87,5,6,4
50,2,1,87,8,48,12,1,9,4
50,0,50,91,5,52,87,0,1,4
41,1,50,90,3,49,0,0,4,4
37,0,0,91,3,47,15,0,43,4
41,0,0,91,3,45,75,0,31,4
50,4,50,94,5,50,32,2,0,4
48,6,2,98,6,49,71,6,16,4
40,0,50,91,4,50,90,3,0,4
42,3,0,92,3,48,0,0,12,4
50,0,0,92,4,46,1,3,13,4
41,0,3,91,8,49,91,0,11,4
43,0,4,96,6,48,96,0,4,4
42,1,3,92,4,47,4,4,3,4
41,1,3,92,7,47,0,0,0,4
50,0,3,94,8,48,0,0,3,4
50,0,50,95,8,50,12,0,0,4
50,4,5,92,4,48,3,1,18,4
52,0,5,89,2,49,89,2,17,4
50,56,6,88,-1,49,0,98,19,4
57,57,50,85,-6,52,78,93,2,4
50,62,53,91,-7,53,12,103,0,4
52,0,50,92,0,54,90,0,3,4
53,1,53,92,1,53,1,0,3,4
51,0,50,95,1,51,25,1,0,4
53,1,0,90,1,46,13,1,21,4
50,1,3,88,2,41,12,2,13,4
50,0,50,87,8,50,62,0,0,4
50,1,52,98,4,55,20,1,4,4
50,0,50,93,1,53,75,0,3,4
50,10,0,87,10,48,1,12,7,4
53,10,3,84,12,47,25,0,0,4
51,0,50,89,0,51,75,0,0,4
53,58,50,92,-3,56,15,101,0,4
50,60,50,88,-1,52,0,101,0,4
50,0,50,88,0,50,12,2,50,4
51,62,50,89,0,50,89,102,0,4
51,62,49,89,-5,49,0,100,7,4
50,68,3,91,-5,53,3,100,3,4
53,71,50,96,-3,52,84,102,1,4
52,0,50,96,0,52,1,0,0,4
39,0,43,89,0,46,0,0,12,4
42,0,44,92,2,44,0,1,6,4
43,0,50,97,8,51,97,2,1,4
1,14,50,102,14,51,0,0,1,4
50,7,46,92,11,46,12,4,7,4
50,1,0,86,8,45,7,0,7,4
39,1,50,90,0,50,1,0,0,4
50,57,53,94,-3,54,0,100,0,4
52,0,50,90,0,55,0,0,3,4
55,3,50,87,3,51,3,0,1,4
55,0,51,87,3,51,3,0,0,4
56,0,54,88,3,54,0,0,3,4
51,0,54,89,0,54,0,0,3,4
56,0,55,86,0,55,10,0,2,4
50,0,50,89,2,52,1,0,1,4
50,6,50,87,6,51,12,6,1,4
52,1,50,89,5,53,13,2,0,4
50,3,50,90,3,53,89,3,0,4
51,3,50,89,5,52,25,4,0,4
50,6,4,89,6,49,14,6,14,4
41,8,50,91,8,50,12,8,0,4
39,6,50,89,6,50,0,7,50,4
51,1,50,93,2,51,3,0,1,4
50,2,50,92,2,55,5,1,1,4
52,0,53,90,1,53,0,0,3,4
50,57,51,91,-3,51,87,94,0,4
50,58,51,89,-4,51,25,108,0,4
50,62,52,94,0,55,75,92,3,4
50,0,0,88,0,50,38,0,0,4
53,3,47,84,4,48,78,0,0,4
56,5,3,86,5,54,11,5,53,4
50,0,4,93,4,54,0,3,53,4
53,0,50,90,5,53,0,0,53,4
50,4,50,87,4,53,85,3,3,4
50,0,50,87,2,54,12,2,0,4
51,0,0,88,3,50,0,3,0,4
50,0,50,88,6,51,0,6,0,4
53,0,50,86,7,53,81,6,3,4
50,0,50,94,2,50,13,3,1,4
50,3,50,88,3,52,1,0,0,4
50,0,0,91,3,48,90,0,11,4
53,5,0,91,5,47,3,1,10,4
44,4,1,94,5,49,93,1,5,4
43,1,50,94,2,51,6,0,0,4
43,0,50,98,1,50,98,0,0,4
44,4,51,93,6,51,5,0,0,4
40,6,8,90,7,46,0,0,7,4
34,6,6,85,9,46,0,0,15,4
43,6,50,93,8,51,15,0,0,4
39,0,50,89,5,50,0,1,0,4
41,6,10,91,6,49,12,6,7,4
37,6,9,91,6,48,12,6,20,4
50,0,7,94,9,49,31,3,21,4
50,3,6,94,11,48,56,2,15,4
35,0,2,85,10,46,82,4,8,4
50,6,7,90,7,49,3,6,50,4
50,3,50,92,4,51,14,4,0,4
42,6,7,92,7,48,80,6,3,4
37,7,7,90,8,49,3,0,7,4
50,6,51,90,7,52,90,0,0,4
43,60,50,93,-1,51,5,101,0,4
50,60,50,91,-1,51,0,101,0,4
50,0,50,86,0,51,30,0,0,4
42,0,0,93,0,48,92,0,26,4
50,1,50,96,1,51,18,0,1,4
50,6,51,92,7,51,78,7,0,4
50,3,1,89,9,49,1,0,4,4
34,0,0,85,8,47,7,0,0,4
40,0,3,91,6,48,0,6,1,4
38,0,50,91,0,50,15,0,0,4
45,0,50,95,0,50,7,0,0,4
44,0,4,94,3,49,75,0,24,4
50,0,50,89,4,50,87,0,1,4
50,3,2,94,5,49,0,0,17,4
50,5,50,95,5,52,95,4,0,4
34,6,4,84,6,48,3,0,16,4
37,0,3,88,7,41,0,7,16,4
39,0,4,90,8,48,91,7,0,4
44,0,50,99,7,52,87,0,0,4
0,6,50,98,8,50,93,7,0,4
43,14,3,94,14,49,7,1,17,4
41,12,0,91,12,44,3,12,12,4
39,5,6,89,5,45,89,1,6,4
39,0,50,89,0,50,89,0,0,4
50,57,9,91,-1,49,87,96,16,4
39,4,50,89,4,51,87,3,0,4
44,0,50,94,5,50,7,5,50,4
2,3,54,102,3,55,2,0,3,4
50,8,3,97,12,40,18,4,15,4
50,7,0,75,7,28,0,6,0,4
30,1,0,80,2,39,78,0,13,4
50,63,50,94,-7,57,31,87,50,4
15,63,53,116,-8,72,113,87,6,4
3,1,51,104,4,51,3,0,1,4
56,7,1,70,10,34,20,3,3,4
50,53,1,84,-2,36,0,100,28,4
56,51,53,94,-16,53,56,52,3,4
0,63,50,112,-10,71,6,102,21,4
0,0,0,108,0,47,101,0,6,4
50,1,32,74,8,33,10,1,6,4
50,0,35,84,9,35,0,0,9,4
50,0,3,91,1,49,0,1,12,4
0,0,56,106,0,58,0,0,0,4
43,69,3,98,0,48,18,106,6,4
40,4,1,90,5,42,5,7,0,4
43,10,50,95,10,52,76,6,0,4
0,7,42,101,7,42,1,7,25,4
50,6,28,85,9,30,35,6,5,4
35,2,43,85,11,43,81,6,12,4
50,0,50,92,1,53,93,0,0,4
46,64,52,98,-4,68,91,100,12,4
50,0,37,92,0,37,1,0,12,4
25,3,35,75,10,35,75,6,6,4
37,4,0,87,11,43,0,0,6,4
6,2,50,110,8,64,106,1,50,4
2,0,0,108,7,49,6,1,31,4
50,0,1,71,13,42,6,0,12,4
50,6,6,91,7,44,91,6,6,4
50,53,52,87,-9,52,50,90,2,4
51,51,52,89,-10,58,14,101,0,4
50,0,51,89,0,55,87,0,4,4
51,0,2,89,7,48,14,6,20,4
50,6,4,94,6,48,19,0,13,4
47,1,4,97,1,48,78,0,35,4
39,66,0,89,0,48,0,84,25,4
37,2,3,88,2,47,87,1,19,4
38,0,4,90,3,50,12,0,0,4
51,0,50,98,0,51,89,0,1,4
50,3,51,91,3,52,3,0,1,4
37,2,50,88,5,50,0,3,0,4
37,0,2,89,1,46,1,1,12,4
38,62,50,90,-1,50,91,97,0,4
40,65,54,90,-1,55,90,100,3,4
43,62,50,93,-2,58,0,97,0,4
50,62,50,91,-5,56,76,100,6,4
50,72,0,91,0,48,16,111,23,4
41,1,0,93,5,48,88,6,11,4
34,3,2,84,10,52,9,9,2,4
37,0,1,87,8,48,0,8,3,4
42,6,50,92,9,51,1,9,50,4
39,1,50,89,8,56,89,2,0,4
50,2,52,88,2,52,0,3,1,4
50,0,1,83,0,49,81,0,14,4
54,0,50,90,5,53,87,3,3,4
41,6,50,91,7,55,87,6,4,4
40,3,0,90,3,48,0,3,22,4
37,0,0,87,5,47,0,0,18,4
50,6,50,93,8,50,93,6,0,4
47,9,50,97,10,53,0,0,0,4
44,7,50,94,12,51,0,10,1,4
39,3,0,89,9,49,89,9,7,4
42,0,50,92,6,50,89,6,0,4
40,0,50,92,1,53,0,0,0,4
50,0,50,91,1,53,0,3,50,4
51,1,50,80,4,52,27,0,0,4
50,6,9,89,6,49,64,6,37,4
52,6,50,86,7,53,11,7,0,4
50,3,50,90,5,53,3,0,0,4
50,0,50,89,1,51,87,0,1,4
41,0,53,91,5,53,91,5,3,4
39,0,53,89,6,53,1,0,3,4
50,1,53,89,5,53,64,3,53,4
50,2,50,93,2,51,17,2,0,4
53,0,6,91,2,49,0,1,26,4
35,0,0,85,4,48,84,0,19,4
53,0,50,86,7,53,8,1,50,4
50,0,50,91,2,57,63,1,6,4
50,0,54,90,0,54,90,0,3,4
50,0,53,89,3,53,89,0,3,4
50,1,50,89,1,51,87,0,1,4
40,0,50,89,0,50,77,0,0,4
41,65,50,91,0,53,0,98,0,4
53,0,51,92,0,57,14,0,7,4
50,69,50,93,-1,56,12,107,0,4
38,69,0,88,0,50,13,93,0,4
50,0,48,88,1,48,1,1,12,4
50,0,0,87,4,50,0,1,0,4
41,1,50,93,4,52,5,3,0,4
37,0,50,89,4,55,2,4,3,4
40,0,50,91,1,51,0,0,50,4
50,0,50,85,0,50,84,0,0,4
37,2,50,87,2,50,12,2,0,4
39,0,50,91,0,50,62,0,0,4
40,71,50,92,-3,53,3,100,0,4
40,73,4,92,0,54,4,101,0,4
40,1,50,91,1,52,0,1,0,4
50,0,50,88,3,51,0,3,0,4
40,0,0,91,3,49,1,3,9,4
42,7,0,92,7,48,90,7,6,4
43,9,50,93,10,53,6,1,0,4
44,8,4,94,11,54,0,11,0,4
50,5,50,90,5,51,3,0,0,4
54,0,50,91,0,51,87,0,51,4
52,53,51,83,-2,51,83,91,1,4
53,53,53,84,-3,53,6,100,3,4
53,56,54,84,-3,54,84,94,3,4
50,57,50,89,-1,57,12,101,0,4
50,0,50,88,0,56,87,0,4,4
50,3,50,87,3,56,0,0,0,4