3,0,25,35,19,49,0,13,17,1
50,4,56,87,5,57,62,2,0,1
112,49,71,121,0,75,113,0,0,1
104,0,51,105,12,68,101,12,14,1
50,0,63,90,28,63,53,25,12,1
50,2,51,85,46,77,59,37,1,1
62,2,3,87,39,103,61,39,0,1
53,5,5,91,49,112,62,38,1,1
50,53,70,76,66,99,51,53,15,1
50,10,62,93,11,63,50,9,13,1
56,29,1,96,-20,27,51,76,0,1
62,25,16,94,-18,16,56,81,15,1
50,25,0,75,-8,22,57,81,17,1
63,7,25,66,10,28,50,9,3,1
56,3,50,57,3,56,50,3,0,1
62,50,18,67,-5,46,51,87,14,1
68,50,13,93,-2,38,56,87,13,1
100,0,20,101,0,21,50,0,1,1
56,25,68,83,28,70,51,28,7,1
51,6,72,82,52,101,56,50,1,1
50,0,14,85,25,117,57,25,0,1
62,50,23,96,56,124,56,50,9,1
67,50,24,74,73,124,50,57,10,1
109,35,52,109,36,77,109,32,2,1
103,50,50,125,-5,47,100,81,16,1
75,46,18,81,-3,43,50,83,12,1
52,28,25,74,-7,33,56,78,6,1
50,34,0,54,-15,17,53,81,14,1
55,27,14,55,-6,14,54,78,12,1
50,37,13,62,-14,42,50,84,14,1
62,28,51,62,-19,51,50,77,0,1
63,50,3,90,-17,28,52,75,3,1
62,8,7,62,12,32,50,0,7,1
67,0,70,67,43,70,51,37,7,1
75,28,7,112,15,117,100,12,3,1
100,12,6,-127,14,-124,100,14,6,1
100,7,56,-127,23,-70,103,10,0,1
112,0,25,113,44,-115,100,32,12,1
112,2,75,114,8,93,100,7,12,1
107,40,19,97,-8,45,59,88,14,1
12,14,0,37,20,2,12,12,0,1
5,25,70,5,-5,-4,5,82,20,1
-43,25,62,-12,-8,-12,-46,78,12,1
19,37,64,21,-8,-10,2,75,14,1
62,1,0,81,-4,13,56,87,12,1
106,31,19,-122,-15,44,101,75,6,1
116,62,65,-114,-34,66,113,64,3,1
118,50,53,-109,-37,55,107,62,3,1
64,1,64,90,26,64,50,26,12,1
67,1,57,92,25,81,55,25,6,1
101,48,14,126,0,121,100,89,7,1
103,0,18,-127,36,119,100,25,6,1
101,0,6,127,34,106,102,34,0,1
100,12,50,110,12,59,103,0,0,1
103,27,14,107,-28,40,106,58,12,1
65,25,3,92,-21,28,53,75,3,1
6,28,0,47,-15,17,6,75,14,1
12,3,0,16,3,3,3,3,3,1
12,1,75,17,15,0,4,0,17,1
25,33,0,37,-3,15,7,83,12,1
76,0,50,98,-42,50,57,50,0,1
104,54,34,-125,-32,49,101,64,11,1
114,2,7,114,2,32,100,1,7,1
74,16,53,99,17,80,61,14,5,1
58,0,62,83,43,91,59,41,6,1
100,14,14,119,14,121,118,14,8,1
101,0,1,126,39,-126,125,37,3,1
106,7,0,111,46,123,108,31,22,1
65,44,65,92,47,93,37,25,12,1
63,6,25,90,20,34,50,0,0,1
50,13,65,76,-30,-3,51,63,12,1
65,19,56,62,-25,-7,62,61,14,1
121,59,62,125,-20,62,100,75,1,1
112,62,28,119,-10,47,112,114,12,1
53,6,50,98,7,82,95,0,26,1
67,12,3,67,12,110,0,12,103,1
100,25,0,101,25,126,100,0,0,1
100,0,25,111,37,-125,104,37,126,1
-118,16,3,-117,17,115,113,3,12,1
100,25,62,-104,-23,62,101,50,50,1
36,59,17,87,0,17,76,106,0,1
50,37,39,69,-1,-10,56,89,14,1
50,35,50,54,-13,-12,54,77,29,1
1,25,51,57,-10,-22,56,76,26,1
10,28,28,60,-19,28,59,77,28,1
50,1,50,72,4,61,60,3,3,1
56,0,50,83,15,65,51,3,15,1
103,51,67,116,-29,58,116,56,2,1
100,32,26,-106,-14,48,-106,75,34,1
51,25,51,77,25,51,50,25,0,1
53,12,1,78,19,117,53,12,13,1
56,26,18,85,27,-109,51,26,33,1
105,1,13,-113,32,-123,112,31,25,1
100,0,0,-123,34,107,106,31,6,1
109,3,51,110,3,58,100,3,8,1
101,4,0,114,-37,27,112,58,27,1
50,13,3,78,-36,3,53,50,3,1
47,25,75,48,-14,-11,17,81,38,1
28,32,67,35,-3,-7,9,77,42,1
0,26,19,25,-16,22,0,81,21,1
18,3,31,44,4,44,19,0,38,1
75,53,23,97,0,48,75,88,29,1
112,14,51,116,-24,37,103,75,12,1
68,28,50,98,-8,50,78,88,0,1
59,29,62,84,35,62,78,26,12,1
100,0,12,103,10,116,103,4,16,1
114,6,62,-109,6,-93,113,6,0,1
116,1,25,-96,24,119,-99,9,7,1
100,40,50,-125,-1,55,102,85,0,1
120,42,18,-110,-57,45,112,29,43,1
52,0,0,83,0,5,57,0,3,1
0,26,75,37,26,-14,12,25,25,1
14,9,62,12,5,-9,12,5,37,1
2,1,1,8,14,4,1,0,0,1
71,1,10,98,7,36,73,7,34,1
100,30,58,125,-19,58,100,76,1,1
100,56,16,125,-5,41,125,82,28,1
-106,50,13,-105,-42,47,125,62,28,1
54,12,53,92,14,55,67,1,2,1
52,41,65,80,47,90,54,37,25,1
55,48,0,86,49,127,53,37,25,1
102,50,0,127,50,126,101,50,25,1
-98,6,77,-98,21,89,-104,25,28,1
106,32,57,120,-4,57,107,76,6,1
100,28,25,104,-21,37,100,75,0,1
54,32,14,73,-17,17,73,81,17,1
31,38,56,34,-3,-15,6,83,31,1
6,28,1,43,-5,3,18,81,3,1
1,2,12,36,14,15,9,0,12,1
68,38,2,70,-11,27,50,75,25,1
62,44,2,96,-3,33,76,89,27,1
103,3,57,110,9,57,103,0,0,1
62,5,76,93,17,90,59,25,25,1
67,3,20,99,16,123,63,12,23,1
102,1,0,108,36,117,102,26,15,1
53,50,14,91,57,-116,66,50,25,1
125,3,17,-125,53,117,101,50,14,1
101,15,67,114,7,64,114,0,14,1
115,25,3,116,-22,30,115,76,28,1
53,40,0,66,-7,2,66,79,0,1
50,37,0,52,-3,1,52,87,1,1
3,25,71,53,-5,0,53,81,32,1
50,0,12,50,6,14,52,6,16,1
53,32,25,79,-5,47,75,81,34,1
75,25,58,98,-23,58,75,75,2,1
-119,0,5,-118,-45,30,108,50,26,1
50,49,25,63,49,47,62,37,31,1
61,37,51,73,40,76,68,55,25,1
54,12,1,93,16,105,67,3,4,1
100,6,5,122,33,105,115,26,0,1
101,0,18,-113,35,118,112,35,4,1
100,26,0,117,32,101,112,32,0,1
100,14,68,113,17,70,106,6,0,1
62,39,7,99,-3,32,69,89,25,1
50,7,21,77,-17,21,52,75,21,1
37,15,62,45,-8,-10,14,78,26,1
50,20,69,50,-4,-3,50,82,33,1
2,0,16,46,3,16,19,1,14,1
57,25,20,62,-6,45,51,87,26,1
50,37,17,89,-5,42,64,87,28,1
112,50,50,123,-37,50,121,62,0,1
50,0,53,94,28,67,68,28,1,1
50,4,51,77,24,80,68,28,25,1
100,25,6,100,31,107,100,25,0,1
103,0,12,111,26,119,103,25,19,1
122,6,12,123,45,113,120,32,0,1
100,19,62,116,19,65,116,6,1,1
101,34,0,120,-15,25,114,75,9,1
103,12,20,103,-33,20,103,50,12,1
28,26,14,79,-23,14,53,76,14,1
51,2,6,73,-19,6,70,77,0,1
0,28,25,48,-8,39,15,78,37,1
9,25,7,47,0,33,17,1,25,1
0,29,7,39,-14,32,14,78,6,1
59,28,20,86,-16,15,61,75,15,1
60,9,18,73,10,22,69,7,3,1
100,5,75,116,5,85,115,4,25,1
100,31,62,101,31,87,101,31,25,1
50,50,17,81,58,-113,56,51,17,1
51,56,65,64,81,-82,62,75,21,1
103,16,20,-114,66,121,115,50,7,1
100,50,0,-102,-17,28,-106,81,28,1
100,0,0,122,-46,1,100,51,48,1
50,37,75,60,-3,-16,50,78,32,1
0,27,63,47,-5,-8,13,75,28,1
51,3,8,76,4,33,50,3,32,1
3,0,12,34,0,39,9,0,25,1
61,17,50,61,-7,79,51,78,28,1
100,3,0,126,-45,0,100,50,0,1
0,31,57,44,56,107,12,56,7,1
53,26,56,85,27,82,60,25,32,1
100,0,59,102,39,84,101,37,25,1
100,50,57,116,64,86,103,50,26,1
56,25,50,70,39,-100,62,39,0,1
108,31,6,123,46,-123,112,32,25,1
-110,16,70,-110,16,73,112,0,16,1
100,31,21,-123,-15,22,101,81,22,1
58,1,0,61,2,0,54,1,0,1
17,6,1,42,8,1,12,7,0,1
45,19,1,39,-11,8,14,75,0,1
53,25,6,78,-15,31,50,81,31,1
64,38,7,89,-6,35,64,78,28,1
100,12,0,100,-29,28,100,62,25,1
100,0,12,106,0,38,106,0,26,1
51,1,50,54,23,67,57,3,28,1
52,0,64,89,21,89,63,6,37,1
103,16,0,111,16,110,100,3,0,1
107,28,0,107,28,121,100,28,6,1
117,0,11,118,19,111,117,7,3,1
107,18,50,112,23,58,100,6,35,1
101,38,3,126,-50,16,101,34,15,1
58,37,0,83,-12,7,52,75,0,1
57,9,19,74,-26,21,67,59,7,1
25,10,0,88,-27,22,62,63,6,1
59,16,19,72,-27,44,68,60,31,1
64,25,9,67,-25,35,65,75,28,1
50,25,6,62,-17,33,50,75,7,1
60,17,1,85,-31,27,84,65,26,1
50,56,64,58,-13,-6,50,84,30,1
56,0,12,56,4,37,50,12,28,1
52,0,75,83,2,84,56,0,34,1
37,3,7,89,35,108,62,25,7,1
105,1,14,-125,1,118,100,0,0,1
50,0,11,88,50,-118,62,50,10,1
57,37,0,82,40,112,51,39,0,1
101,5,69,117,5,71,114,3,13,1
105,4,0,123,-48,21,119,50,19,1
56,10,7,98,-39,7,70,60,0,1
60,0,22,62,1,22,61,0,3,1
0,0,7,37,6,11,12,0,1,1
51,25,1,62,-9,33,61,75,33,1
55,6,13,78,-24,43,75,75,37,1
100,25,26,100,-22,39,100,77,26,1
100,37,6,103,-12,19,100,87,0,1
50,1,50,85,7,52,56,7,1,1
102,39,50,108,-10,64,102,75,0,1
56,11,17,85,21,40,57,8,26,1
102,0,53,102,1,60,101,1,0,1
53,28,57,78,28,82,50,28,25,1
62,39,0,95,39,107,62,26,6,1
100,39,25,107,43,125,100,29,25,1
103,6,0,104,46,119,100,31,0,1
100,31,53,118,-5,53,104,81,0,1
100,0,25,125,-41,25,100,57,25,1
56,37,0,58,-5,6,51,82,6,1
50,32,21,53,-5,24,50,88,3,1
1,25,18,39,-2,19,26,82,0,1
12,12,9,44,-6,35,18,81,34,1
67,7,20,67,-16,45,64,81,37,1
106,0,25,108,-43,42,100,56,39,1
65,0,6,65,7,9,62,7,9,1
108,0,76,108,0,76,115,84,3,1
112,37,50,114,-12,64,114,87,14,1
71,3,50,99,21,59,67,9,0,1
100,0,65,103,2,66,100,1,0,1
75,3,22,80,54,122,53,51,9,1
101,31,0,105,32,104,101,25,31,1
100,37,30,126,-8,49,101,91,30,1
115,25,31,117,-23,32,104,75,26,1
53,27,25,79,0,25,51,83,25,1
63,0,0,94,-33,15,62,53,12,1
100,0,0,108,-49,21,101,50,6,1
105,4,25,112,-31,37,111,66,25,1
56,12,16,64,-2,37,62,84,25,1
3,0,26,29,0,49,3,0,31,1
13,30,27,44,-19,46,13,80,31,1
63,27,78,71,-22,-20,65,82,25,1
57,0,25,58,5,42,58,3,25,1
67,9,50,96,15,55,68,0,1,1
106,25,50,106,25,71,100,25,1,1
50,13,50,86,65,75,54,51,25,1
119,37,15,119,39,122,113,37,0,1
100,31,25,114,32,-116,101,31,25,1
-110,34,3,-113,33,96,113,32,38,1
116,6,63,118,7,66,113,0,13,1
112,37,17,120,-5,42,114,81,37,1
66,0,8,97,6,33,66,6,25,1
50,12,10,62,16,11,62,12,11,1
50,0,0,56,6,9,56,6,6,1
54,0,0,55,16,17,55,0,17,1
0,25,18,28,-2,43,0,81,41,1
66,25,50,91,-24,50,66,75,0,1
114,25,62,121,-8,-12,118,88,25,1
50,29,51,80,41,60,53,37,7,1
100,28,50,105,28,66,103,25,16,1
112,0,75,113,18,87,112,6,25,1
100,2,5,-127,27,105,103,25,5,1
113,4,0,119,17,101,113,3,0,1
100,0,54,113,33,75,112,26,25,1
-127,26,16,-127,-11,42,100,88,14,1
101,38,2,115,-5,30,115,88,29,1
50,39,0,76,0,25,50,88,25,1
55,8,5,67,8,30,66,7,25,1
0,12,0,31,22,12,9,7,4,1
0,27,8,37,0,33,12,82,27,1
50,12,14,78,-12,40,53,75,27,1
103,5,25,105,-26,39,103,62,26,1
112,0,0,113,0,0,113,0,0,1
69,12,50,69,23,69,53,25,25,1
106,37,75,110,-5,78,103,87,3,1
112,0,58,121,2,83,112,1,27,1
118,3,75,119,22,88,112,9,25,1
100,0,75,100,37,97,100,25,37,1
60,33,75,98,33,79,100,31,25,1
104,0,25,110,0,44,106,0,25,1
64,39,20,89,-4,48,64,82,26,1
75,39,25,75,-10,44,50,75,32,1
69,33,26,74,-12,45,68,83,32,1
18,27,0,69,-16,16,62,81,12,1
56,28,2,72,-13,14,66,84,0,1
53,25,28,78,-23,43,50,75,29,1
50,9,25,79,-27,35,50,59,32,1
54,32,63,85,-17,-11,59,76,25,1
28,3,50,48,17,69,51,0,25,1
69,3,51,96,15,70,71,12,0,1
101,3,51,107,-2,75,100,84,25,1
114,14,60,123,14,85,118,12,26,1
100,39,6,-127,-9,107,100,76,0,1
50,1,0,75,52,111,51,35,9,1
54,1,75,92,51,85,64,50,28,1
104,5,50,116,-2,53,116,84,3,1
57,25,14,86,-19,39,51,76,25,1
57,26,11,74,-16,12,71,83,10,1
57,29,1,58,-19,7,50,82,0,1
0,18,69,60,-5,-5,54,81,31,1
54,16,0,86,-9,29,54,78,28,1
106,7,0,106,-30,26,106,63,25,1
56,35,7,93,0,7,68,85,0,1
50,26,57,81,26,82,56,25,25,1
106,1,53,108,11,73,102,11,6,1
109,13,53,120,20,55,112,7,3,1
114,10,50,117,10,56,112,0,0,1
71,25,75,97,25,76,66,25,26,1
100,25,68,101,26,94,100,25,31,1
113,0,0,119,26,100,113,26,0,1
103,17,50,109,29,63,100,28,0,1
100,0,26,106,1,42,100,0,29,1
62,31,25,97,-18,41,65,81,28,1
53,0,17,59,2,18,56,1,4,1
8,14,0,33,20,4,6,8,1,1
2,3,0,32,16,15,0,0,12,1
50,12,12,62,-3,39,62,84,26,1
115,27,12,121,-22,37,118,75,25,1
101,7,0,-117,-39,7,112,59,0,1
62,2,51,68,55,58,62,51,0,1
103,37,54,-127,-2,79,114,87,25,1
71,33,51,96,33,65,69,33,2,1
66,0,50,99,35,69,65,32,6,1
102,25,60,102,25,85,101,25,25,1
53,44,0,84,49,100,53,36,0,1
64,53,75,96,61,76,67,55,3,1
100,13,13,103,21,38,103,13,25,1
101,33,25,101,-12,38,100,84,25,1
62,0,0,72,0,12,65,0,0,1
64,7,15,93,8,17,63,8,4,1
51,26,2,89,-10,11,69,75,13,1
59,25,25,98,-25,35,65,75,25,1
65,31,25,91,-18,34,62,81,31,1
50,34,0,85,-1,7,53,85,0,1
67,6,60,67,21,62,64,9,5,1
106,28,50,-124,-9,60,103,78,0,1
62,0,50,89,6,51,64,6,1,1
69,15,23,87,16,49,62,12,32,1
66,31,75,73,31,79,65,25,28,1
69,43,7,72,45,108,72,31,8,1
63,0,7,98,41,112,101,29,6,1
101,1,53,117,8,54,112,7,3,1
66,50,25,89,-9,39,62,87,27,1
50,37,15,78,-9,16,53,78,12,1
54,12,1,99,-28,2,65,63,0,1
65,32,1,92,-17,12,64,84,0,1
50,25,25,94,-10,25,68,75,25,1
100,9,25,98,-14,45,70,75,31,1
59,28,20,85,-14,46,57,84,32,1
55,25,0,99,-8,9,73,88,6,1
59,26,1,96,-23,8,62,76,7,1
57,3,27,83,22,46,52,12,32,1
65,1,51,91,11,75,62,1,25,1
107,6,0,111,8,100,101,0,0,1
56,0,12,82,32,-118,57,26,12,1
50,37,6,99,41,106,67,38,6,1
28,26,82,84,39,85,50,26,31,1
31,-7,0,94,-12,7,62,75,7,1
63,17,14,63,-26,21,62,65,6,1
57,25,75,58,-15,-1,58,84,35,1
62,25,0,72,-11,24,72,75,10,1
53,12,1,80,-8,20,51,75,6,1
62,25,0,107,-11,28,107,75,25,1
112,6,26,124,-26,46,121,62,32,1
100,25,25,101,-5,46,100,87,26,1
62,35,53,65,47,65,65,38,15,1
113,28,50,118,-14,69,116,78,19,1
100,34,55,103,26,56,103,25,0,1
113,3,63,122,3,63,118,3,0,1
78,25,62,98,26,89,70,25,26,1
56,20,26,68,70,127,62,62,0,1
125,25,50,-123,28,62,100,25,0,1
103,31,54,125,-19,50,100,80,0,1
15,28,72,41,28,0,16,25,37,1
51,3,1,52,3,20,50,3,14,1
50,18,0,50,-1,7,50,84,7,1
50,0,0,85,-20,12,54,79,0,1
107,3,0,114,-34,25,114,53,25,1
113,25,5,121,-24,18,112,75,3,1
64,25,78,64,43,91,62,29,25,1
100,28,75,117,-8,81,117,78,25,1
100,25,56,100,26,59,100,25,3,1
100,3,80,110,14,85,103,1,31,1
68,14,75,98,21,76,67,8,25,1
63,25,75,94,25,91,63,25,25,1
65,37,76,90,39,80,65,27,26,1
100,26,0,126,-23,18,101,75,0,1
101,9,0,95,-14,12,62,82,0,1
50,35,0,75,-14,9,50,84,9,1
62,0,28,62,3,35,62,3,25,1
50,21,7,77,-2,19,50,85,6,1
103,12,25,105,-36,28,103,50,25,1
103,25,6,103,-24,23,100,75,6,1
51,0,0,71,6,26,71,6,25,1
100,25,53,100,-24,54,100,75,0,1
75,12,32,93,18,33,62,6,26,1
103,12,50,109,12,67,106,12,1,1
109,17,78,111,17,86,104,5,25,1
106,28,75,108,30,94,108,30,25,1
65,37,75,91,43,84,65,37,28,1
100,0,1,-127,4,23,103,1,4,1
100,0,0,125,-46,14,100,53,1,1
50,0,0,78,5,0,50,9,0,1
55,25,8,86,-5,12,59,87,10,1
56,6,10,81,6,24,56,6,8,1
62,3,28,90,-13,34,65,86,31,1
100,12,7,100,-12,8,100,87,7,1
67,7,1,92,10,23,70,12,26,1
72,1,50,98,8,59,76,1,0,1
101,0,13,108,10,39,101,1,26,1
100,12,51,110,17,64,107,4,1,1
112,12,78,112,13,78,112,13,25,1
101,28,75,110,36,87,100,28,12,1
101,15,75,112,17,77,105,14,1,1
50,26,50,80,37,39,54,28,25,1
50,32,53,91,-14,-21,65,75,28,1
62,0,68,91,-36,-5,66,62,25,1
75,0,65,88,1,-7,76,12,28,1
57,0,50,86,10,50,57,6,0,1
43,19,3,101,23,21,100,10,6,1
100,1,28,127,-29,48,100,57,28,1
112,10,78,-117,-26,-2,113,62,28,1
50,25,12,81,39,38,56,37,25,1
63,13,25,93,22,34,63,10,28,1
54,25,25,92,29,28,67,28,25,1
67,31,50,92,32,51,65,25,1,1
103,10,73,105,10,73,105,10,4,1
100,46,66,102,49,91,100,37,25,1
109,37,0,110,39,103,107,39,0,1
100,31,62,101,35,79,100,25,28,1
109,30,75,112,-19,-1,101,78,34,1
59,13,6,84,-36,6,56,50,6,1
62,0,68,63,0,-6,50,84,36,1
50,3,10,65,10,10,62,7,10,1
4,3,1,32,60,17,7,50,0,1
56,0,14,81,4,39,50,3,26,1
108,29,25,-122,-13,37,106,75,25,1
113,37,50,116,-8,-29,116,78,0,1
-106,32,75,-102,-16,95,-102,76,25,1
104,26,26,80,34,43,51,25,16,1
112,0,53,-106,25,53,119,25,0,1
115,26,50,115,26,50,100,26,0,1
63,40,19,96,46,44,64,33,25,1
52,15,1,65,73,102,50,64,2,1
59,7,62,105,47,89,105,35,25,1
-127,3,50,-127,21,60,103,9,7,1
47,0,75,99,0,-1,64,0,34,1
50,25,75,75,-20,-5,50,78,31,1
62,0,0,71,2,2,69,1,1,1
51,7,14,58,20,42,57,14,25,1
9,25,25,46,43,32,18,37,25,1
106,25,68,106,-12,68,106,87,0,1
100,32,28,-126,-14,48,104,75,25,1
115,14,75,118,-29,-23,118,64,25,1
114,31,79,-116,-4,87,114,87,25,1
103,0,26,103,14,45,103,12,26,1
103,25,0,110,25,17,104,25,0,1
66,35,2,91,36,24,62,36,4,1
56,25,50,96,32,66,65,32,3,1
50,32,75,90,39,88,63,27,25,1
53,14,68,78,65,96,53,64,25,1
66,1,75,92,57,76,64,57,25,1
100,25,75,106,26,76,100,26,25,1
53,1,25,99,4,26,64,3,25,1
50,1,75,96,-35,-6,65,50,25,1
63,26,3,66,-10,4,62,77,1,1
54,0,1,54,3,7,50,0,6,1
0,0,0,50,7,0,50,7,0,1
56,0,14,82,12,14,57,0,1,1
106,0,25,111,2,37,118,89,28,1
106,35,9,-121,-14,35,100,84,25,1
104,32,18,-113,-17,18,115,81,4,1
50,43,50,96,43,57,64,37,7,1
51,37,78,98,38,78,67,25,25,1
106,19,0,119,24,100,116,29,32,1
107,32,0,108,35,101,108,25,1,1
62,1,68,89,51,96,64,51,25,1
63,3,50,88,53,76,62,53,25,1
53,14,0,66,23,12,66,12,0,1
50,6,56,95,-43,-18,64,33,31,1
56,25,69,73,-25,-5,69,75,32,1
50,25,0,73,1,16,67,0,12,1
52,2,0,71,15,15,64,1,3,1
50,1,25,78,1,35,53,0,28,1
110,25,50,123,-21,50,118,75,0,1
109,28,20,-120,-20,20,107,79,1,1
100,1,0,94,21,7,62,12,1,1
53,0,50,85,53,72,57,50,0,1
62,31,62,93,33,87,68,26,25,1
113,13,75,119,14,85,112,12,26,1
104,0,75,-126,13,87,104,0,25,1
65,15,68,62,73,94,62,60,25,1
103,28,50,103,28,64,103,28,0,1
50,37,3,83,-1,9,50,86,3,1
52,0,75,52,10,-7,51,7,26,1
66,1,0,66,1,3,63,0,3,1
53,0,25,80,7,25,53,3,33,1
50,25,28,84,-1,28,56,84,28,1
100,3,54,-127,-21,55,100,78,5,1
100,31,0,125,-3,16,100,87,3,1
50,25,25,75,38,42,50,37,17,1
53,25,53,85,31,80,75,26,23,1
62,25,21,96,25,49,70,25,28,1
100,37,62,100,40,62,100,37,0,1
64,46,75,89,46,86,62,33,30,1
50,21,0,75,74,117,50,64,5,1
101,7,1,108,57,102,112,35,28,1
0,-24,25,-125,-7,37,103,87,25,1
56,31,1,81,-5,17,50,88,0,1
57,1,73,57,4,0,56,3,29,1
61,6,0,61,-18,11,57,81,7,1
50,26,1,83,-14,30,75,87,28,1
50,25,6,80,-12,33,52,87,25,1
50,4,25,77,7,50,52,0,0,1
57,0,50,86,1,66,52,0,3,1
59,4,0,84,17,6,53,5,0,1
100,2,52,116,2,58,113,2,2,1
109,17,25,109,17,47,106,4,28,1
100,30,25,100,37,48,100,37,29,1
100,38,61,106,38,62,100,25,6,1
57,31,70,95,35,71,62,35,1,1
56,0,69,96,50,69,62,50,1,1
65,13,68,66,67,95,53,53,31,1
50,15,75,78,70,76,50,62,25,1
52,26,1,77,33,26,51,31,25,1
100,25,0,101,-16,26,101,81,25,1
51,6,0,77,7,25,51,6,25,1
62,33,1,96,-3,20,65,82,6,1
52,12,1,77,18,26,71,10,28,1
62,0,25,68,16,41,56,12,28,1
58,6,25,99,7,40,63,6,25,1
100,30,25,100,-7,28,100,89,25,1
53,34,50,87,48,59,54,35,0,1
107,17,50,-122,24,66,102,10,0,1
56,39,50,97,39,54,62,39,1,1
102,32,56,114,32,81,112,25,25,1
52,28,50,96,30,78,62,25,25,1
59,19,65,73,69,91,68,63,15,1
62,12,51,64,65,76,65,64,21,1
53,37,0,90,40,28,62,28,28,1
59,25,50,98,-24,50,62,75,0,1
50,15,2,64,16,27,64,3,26,1
53,27,0,85,-9,22,50,75,6,1
30,28,3,80,-8,24,50,78,25,1
50,26,23,85,-3,24,56,83,7,1
56,6,13,86,7,13,56,6,0,1
63,25,7,88,25,8,62,25,1,1
111,6,53,124,8,79,117,1,4,1
100,28,50,109,28,50,68,38,23,1
103,41,70,103,42,95,103,37,25,1
100,40,75,107,41,79,100,38,29,1
100,41,58,103,42,86,103,30,28,1
103,37,50,104,41,74,103,28,1,1
66,33,51,98,33,73,68,25,1,1
51,12,50,95,20,50,57,8,0,1
51,39,19,83,-3,44,56,88,32,1
70,38,25,71,-1,26,63,81,25,1
62,25,25,66,-4,25,63,82,25,1
53,0,0,53,8,9,54,9,6,1
66,12,0,66,12,9,66,0,6,1
67,26,3,99,0,22,67,0,3,1
75,27,50,92,33,58,63,27,1,1
112,37,51,-118,-7,71,112,87,21,1
100,41,54,103,41,66,100,37,16,1
116,18,77,124,22,93,116,12,26,1
118,17,75,114,28,80,112,28,29,1
65,7,75,97,62,76,68,60,25,1
113,13,26,113,13,42,112,13,28,1
103,37,1,111,-5,12,112,84,3,1
101,12,17,107,-28,17,107,62,3,1
62,37,77,88,-1,10,62,87,3,1
50,12,28,61,19,28,57,6,25,1
55,25,34,61,26,35,54,26,32,1
113,3,53,117,-20,66,112,61,7,1
63,0,53,89,14,59,63,1,6,1
106,31,53,109,-8,51,106,87,1,1
51,9,26,77,23,39,75,15,14,1
65,12,50,96,19,58,65,12,2,1
100,34,77,108,34,77,100,32,29,1
70,17,76,96,23,86,64,12,28,1
113,19,60,99,26,87,68,25,25,1
51,3,73,55,55,98,53,55,26,1
56,12,27,96,16,37,70,16,25,1
101,7,10,108,-25,37,101,56,25,1
62,26,16,69,-14,17,68,85,4,1
58,28,25,71,-1,26,69,81,25,1
51,1,25,65,5,33,63,5,31,1
62,0,25,64,20,32,62,6,25,1
51,0,25,82,4,46,62,3,21,1
106,25,71,106,26,71,106,25,21,1
112,0,51,110,16,67,109,16,16,1
100,28,75,106,28,82,106,28,25,1
103,26,51,103,27,71,100,25,6,1
56,42,75,97,42,80,64,39,3,1
62,39,69,93,42,94,68,42,18,1
53,39,58,80,44,76,54,38,25,1
60,37,50,97,-3,55,71,89,1,1
51,9,15,89,9,40,62,0,25,1
51,2,17,57,2,17,57,0,1,1
16,9,19,66,9,19,62,9,6,1
25,25,12,86,-1,19,60,86,7,1
43,3,1,93,4,26,68,0,25,1
101,0,14,102,3,42,101,0,26,1
59,25,12,84,44,37,59,38,25,1
100,15,69,127,16,69,125,12,0,1
104,0,56,103,28,88,103,28,25,1
103,28,60,116,28,86,116,25,26,1
100,9,50,125,9,65,100,3,0,1
51,39,50,85,39,56,53,26,0,1
20,0,50,46,57,83,19,50,25,1
6,63,56,34,64,93,14,62,25,1
50,25,63,79,30,63,54,26,1,1
56,31,9,82,-17,34,75,81,28,1
51,32,6,63,-3,31,62,83,25,1
52,33,0,55,-13,13,52,84,0,1
50,0,0,56,9,13,50,10,0,1
62,1,0,62,14,6,62,12,0,1
106,12,25,107,13,43,100,13,25,1
114,12,78,120,18,79,120,12,26,1
101,17,66,112,17,91,110,14,16,1
114,12,62,117,13,89,107,14,25,1
112,28,64,112,29,90,112,25,25,1
100,6,50,101,12,74,100,4,3,1
106,36,75,107,48,97,100,34,28,1
50,1,71,75,52,96,50,51,28,1
50,25,57,89,31,57,68,12,26,1
51,46,0,70,-3,22,62,87,6,1
15,31,67,46,-5,-7,14,82,25,1
51,25,15,52,-11,16,52,75,0,1
3,0,0,46,21,1,15,6,1,1
59,12,0,85,14,6,71,1,1,1
101,1,0,-125,5,18,103,1,0,1
103,0,25,-127,21,31,103,12,6,1
-104,0,75,-104,18,97,-106,12,22,1
115,3,64,116,9,92,115,0,25,1
107,0,71,-123,30,73,106,25,3,1
106,22,50,-124,23,64,106,13,1,1
100,42,61,112,42,86,104,37,26,1
113,40,77,119,46,96,112,37,25,1
62,45,50,67,48,66,65,37,0,1
59,0,25,72,7,35,62,1,25,1
62,6,72,71,-30,-2,68,62,28,1
12,28,58,39,-14,-12,14,75,25,1
0,0,0,29,0,3,25,0,0,1
56,6,12,57,9,12,56,9,0,1
68,0,28,95,5,28,70,5,28,1
116,0,28,122,4,46,112,0,28,1
100,10,26,-122,15,46,107,14,20,1
114,0,66,-113,0,66,115,0,0,1
65,0,75,92,27,99,67,25,26,1
100,2,0,125,17,100,100,13,0,1
100,0,60,126,32,85,100,32,28,1
103,33,56,-124,38,79,106,38,25,1
114,28,58,117,34,83,117,25,27,1
62,38,50,87,41,56,62,37,0,1
58,0,8,83,1,33,50,0,32,1
51,17,0,76,-25,19,51,64,6,1
1,37,3,39,-6,3,16,87,3,1
6,37,9,33,-7,9,8,88,3,1
3,13,6,41,19,9,16,7,6,1
62,26,25,64,27,27,64,25,27,1
106,37,25,109,43,44,106,31,25,1
114,1,56,-110,2,85,116,0,26,1
100,1,0,-125,26,103,100,26,0,1
-106,14,75,-106,14,88,-106,0,25,1
100,31,75,108,35,89,101,35,26,1
57,43,56,98,43,84,67,37,28,1
72,9,16,74,61,116,51,56,3,1
102,37,3,102,40,109,100,37,3,1
59,25,53,73,35,78,64,35,25,1
65,0,15,71,0,15,68,0,3,1
9,31,0,47,-15,0,19,84,0,1
1,31,69,29,-18,-5,0,76,37,1
0,38,67,32,-5,-7,6,82,28,1
51,31,21,65,-3,21,62,83,7,1
100,0,25,100,7,25,100,7,25,1
113,30,56,113,-6,56,112,79,0,1
107,28,25,120,28,40,116,29,28,1
103,50,50,-114,0,80,113,86,28,1
53,0,75,97,39,98,66,26,28,1
100,20,63,117,20,91,114,6,25,1
100,25,73,126,28,74,100,28,7,1
101,28,69,107,29,69,101,32,25,1
100,0,0,103,51,101,103,50,0,1
107,40,62,110,46,89,100,31,26,1
50,1,50,87,20,63,54,6,0,1
57,37,12,73,-5,12,65,81,0,1
53,27,75,59,-22,-3,50,76,38,1
14,27,58,49,-12,-16,17,82,25,1
50,0,3,52,7,16,51,7,12,1
63,0,7,65,1,32,62,0,32,1
109,4,50,109,4,51,109,0,0,1
101,25,51,-125,-24,51,100,75,1,1
112,25,25,115,-14,39,112,85,27,1
105,0,0,95,29,16,68,28,0,1
106,0,50,108,3,75,106,3,25,1
60,25,59,98,25,61,68,25,9,1
100,34,62,112,37,63,112,35,0,1
53,8,1,86,58,101,54,56,0,1
50,14,1,96,69,117,64,57,0,1
101,0,75,101,50,85,100,50,35,1
51,25,26,86,28,29,58,28,26,1
54,25,75,99,-22,-5,63,75,31,1
50,10,3,81,-27,4,50,62,0,1
63,25,0,67,-1,4,67,82,0,1
64,0,3,73,0,17,67,0,14,1
62,32,25,88,-1,45,62,82,32,1
67,32,50,99,-16,58,64,82,7,1
62,25,26,87,-21,46,62,75,27,1
69,25,27,100,-17,23,100,82,4,1
59,28,25,60,30,42,50,26,28,1
106,12,50,107,17,51,107,12,0,1
76,25,63,87,25,63,58,25,0,1
114,18,75,115,23,75,101,10,25,1
103,25,77,102,34,106,102,34,0,1
62,31,22,91,32,122,53,32,7,1
108,41,0,108,42,103,107,28,0,1
53,1,50,90,14,69,53,1,6,1
50,37,5,77,-4,24,52,81,7,1
50,25,3,75,-16,5,50,82,5,1
56,25,11,69,-10,11,68,75,8,1
51,6,9,51,7,9,51,6,9,1
63,0,0,63,12,23,62,0,6,1
50,1,25,82,7,41,56,7,25,1
103,40,25,110,-8,40,108,85,28,1
100,25,25,125,-21,41,100,75,29,1
102,16,25,102,18,40,101,5,28,1
65,2,75,92,52,90,67,51,25,1
101,10,64,-125,11,90,103,0,26,1
100,25,50,-118,27,71,106,26,3,1
103,32,70,104,33,70,101,32,1,1
62,37,59,87,45,84,62,32,31,1
53,12,18,91,17,43,62,3,28,1
100,18,0,109,-26,7,103,59,0,1
64,26,6,76,-19,9,51,78,9,1
53,25,3,86,-8,10,57,75,0,1
51,36,26,70,0,30,70,78,25,1
56,7,25,69,21,38,50,19,25,1
70,26,55,71,-4,55,69,87,4,1
52,0,50,89,1,53,81,0,1,1
100,43,0,101,-1,25,101,87,0,1
68,12,53,99,23,78,78,9,28,1
108,33,50,108,36,72,107,31,21,1
106,20,50,120,23,62,120,9,8,1
105,17,18,105,23,44,67,25,0,1
62,26,3,88,27,105,63,25,0,1
50,25,1,91,25,101,50,25,1,1
113,0,76,123,0,83,116,0,32,1
54,31,50,80,33,57,51,32,7,1
50,12,25,75,14,33,75,3,26,1
54,25,75,67,-11,-1,65,75,28,1
50,0,59,60,0,-15,59,0,25,1
50,1,0,82,2,7,50,2,0,1
62,0,25,97,0,38,69,0,25,1
66,6,28,91,9,49,62,9,29,1
68,37,25,97,-5,41,72,87,25,1
107,12,65,119,19,79,100,12,25,1
100,19,52,118,19,61,112,13,0,1
108,32,73,121,35,73,119,25,1,1
100,34,50,103,35,55,100,25,1,1
100,25,54,101,28,54,100,25,0,1
100,15,69,109,16,71,106,15,0,1
104,32,72,118,-12,73,115,76,3,1
100,3,18,102,10,45,102,9,26,1
56,0,27,82,0,27,56,0,25,1
50,36,3,87,-13,28,62,75,25,1
50,6,2,47,25,13,21,25,0,1
12,0,1,38,24,21,12,10,8,1
59,1,25,74,2,28,50,1,28,1
67,18,25,99,-6,37,76,87,25,1
114,35,0,115,-12,16,100,77,0,1
100,1,76,-119,2,79,125,1,25,1
58,25,51,96,25,67,64,25,1,1
103,38,75,-127,38,75,100,37,25,1
100,25,75,105,28,82,104,25,25,1
56,26,50,96,33,75,63,32,25,1
64,8,75,101,53,79,100,50,28,1
53,0,25,91,13,49,62,12,23,1
62,25,26,96,-12,42,65,87,17,1
53,3,25,60,16,26,57,13,25,1
62,33,25,73,-12,33,73,76,25,1
50,25,0,91,-23,15,75,75,0,1
57,25,4,98,-12,29,72,87,26,1
64,25,55,89,-11,55,75,87,3,1
53,25,51,85,-9,54,53,87,0,1
57,25,25,85,-6,46,59,88,28,1
50,31,2,86,-7,14,55,87,0,1
51,5,3,76,12,16,51,1,3,1
103,3,50,103,12,50,103,1,0,1
65,12,53,90,12,53,76,12,0,1
62,29,51,89,36,55,64,34,5,1
56,26,71,96,29,71,64,25,27,1
100,40,75,101,49,84,100,34,28,1
56,3,3,82,53,118,51,50,18,1
53,50,12,73,86,-117,63,75,25,1
54,5,75,92,67,98,64,55,28,1
51,14,9,74,16,19,70,13,0,1
56,25,62,81,-18,-4,56,81,26,1
50,26,62,52,-16,-6,52,77,30,1
56,31,9,60,-18,9,53,81,6,1
50,0,1,58,15,21,57,3,1,1
69,17,50,69,17,52,50,0,3,1
100,3,52,103,3,58,103,3,2,1
101,38,25,126,-11,37,101,88,25,1
62,38,75,95,38,75,64,38,0,1
50,25,76,86,32,95,56,25,25,1
100,25,0,106,25,100,100,37,0,1
100,25,58,110,33,86,104,25,26,1
62,37,50,96,41,77,69,38,26,1
51,6,75,66,59,81,62,50,25,1
53,25,50,78,25,52,53,25,0,1
111,8,26,111,-28,27,100,75,25,1
51,25,21,80,-15,24,54,75,6,1
57,3,25,69,3,26,69,3,25,1
52,2,25,58,8,37,57,7,25,1
53,25,53,98,-22,54,73,75,1,1
12,13,75,37,13,-12,18,25,35,1
56,25,53,81,38,80,56,38,30,1
62,40,64,65,40,64,52,37,14,1
112,26,62,115,29,88,113,26,25,1
100,0,75,113,36,91,112,28,25,1
106,27,10,107,30,111,100,31,3,1
55,4,69,87,55,94,57,50,26,1
51,4,60,76,55,85,51,51,28,1
53,0,25,98,10,44,68,10,32,1
58,26,24,96,-19,24,62,78,5,1
50,0,3,75,0,10,65,81,8,1
50,28,0,75,-7,18,50,79,2,1
1,25,25,49,25,28,19,25,28,1
63,12,25,74,12,46,72,12,32,1
51,3,0,76,9,24,50,0,1,1
71,32,50,96,33,52,100,26,0,1
113,4,64,124,5,92,105,3,17,1
100,15,52,107,21,83,107,9,25,1
112,27,57,114,27,82,100,25,25,1
61,30,75,99,30,80,68,26,27,1
50,33,53,88,46,72,62,39,25,1
56,31,63,83,32,88,51,31,25,1
50,25,25,78,25,49,53,25,33,1
107,11,1,111,-25,27,103,59,27,1
51,37,0,77,-12,3,51,87,3,1
50,0,11,85,14,11,76,1,4,1
52,9,28,71,11,41,70,1,25,1
51,8,50,82,3,62,57,0,7,1
64,27,50,99,-3,58,70,88,1,1
56,15,0,83,-28,21,57,65,21,1
53,25,64,78,40,64,50,37,12,1
106,26,50,107,30,53,107,28,3,1
101,14,65,103,14,66,103,1,3,1
103,32,75,103,33,87,100,26,25,1
100,18,57,100,19,-84,100,12,0,1
39,53,28,98,60,-126,101,52,19,1
63,6,75,88,60,77,62,53,26,1
51,0,29,77,19,41,52,13,28,1
0,-44,12,63,-7,12,62,87,0,1
51,11,78,60,-13,-9,59,82,28,1
3,29,0,41,-19,5,25,76,3,1
7,1,9,44,17,11,18,3,5,1
50,20,21,71,23,27,56,19,25,1
101,25,25,105,31,28,105,25,25,1
103,9,53,-120,10,53,110,0,0,1
112,32,75,-111,33,89,113,25,26,1
114,13,0,-107,15,112,117,13,0,1
-102,6,75,-95,17,71,-95,14,20,1
107,2,51,107,61,55,101,59,3,1
100,35,75,127,36,79,100,25,25,1
100,10,51,125,23,73,112,6,6,1
107,9,25,108,9,47,108,0,28,1
103,1,0,97,2,15,75,0,2,1
50,0,0,50,11,2,50,0,1,1
14,15,7,23,15,7,3,12,0,1
0,25,14,19,32,14,18,25,0,1
50,0,29,53,27,35,53,25,34,1
100,22,25,113,22,44,123,0,28,1
114,12,50,123,18,66,118,12,0,1
112,13,0,-111,16,103,119,13,0,1
100,18,0,115,19,107,115,13,0,1
107,25,50,108,28,66,106,25,3,1
70,37,53,99,37,53,100,38,0,1
53,25,73,84,37,74,53,37,3,1
50,33,12,81,46,117,56,33,1,1
53,0,76,85,52,92,59,50,27,1
62,19,50,90,19,52,62,12,0,1
62,37,0,73,-1,16,66,75,0,1
57,32,0,71,-17,22,69,82,3,1
53,26,0,61,-14,10,60,85,7,1
12,0,1,38,16,20,12,3,6,1
50,8,9,55,8,35,55,7,31,1
50,10,25,75,10,33,51,1,25,1
100,12,27,100,14,46,100,12,21,1
126,1,78,-116,10,86,114,3,10,1
101,0,77,127,35,86,102,35,26,1
103,0,75,110,26,84,103,25,28,1
112,48,53,112,48,73,112,37,0,1
100,25,54,107,30,80,106,26,26,1
50,13,12,89,64,112,64,52,0,1
120,26,50,120,26,75,114,26,25,1
112,26,25,120,-16,44,112,83,31,1
56,28,3,60,28,17,59,5,25,1
62,25,25,66,-5,31,66,87,25,1
16,0,26,48,7,33,22,0,25,1
50,0,31,51,10,34,50,0,28,1
68,13,50,69,-5,50,69,88,0,1
68,7,28,68,8,42,63,12,25,1
50,4,50,82,5,51,57,0,1,1
63,6,51,98,18,50,78,16,0,1
112,14,71,117,17,71,114,12,0,1
100,40,50,101,41,64,101,37,1,1
100,0,75,108,58,87,100,58,25,1
107,31,66,108,33,91,100,31,25,1
101,1,75,120,39,81,120,37,25,1
103,13,2,-127,13,102,103,0,0,1
109,28,53,110,29,73,109,25,7,1
52,27,50,77,27,50,51,3,25,1
50,34,12,87,-15,13,61,78,0,1
65,7,74,72,-29,0,69,56,0,1
18,3,0,47,3,10,25,0,7,1
0,0,28,26,21,28,0,6,25,1
50,1,25,51,20,36,50,14,31,1
100,20,25,101,-4,43,101,87,25,1
116,12,25,124,-2,33,124,87,26,1
119,25,50,119,27,58,119,25,0,1
112,26,78,121,26,84,120,26,25,1
110,31,75,122,31,90,116,25,25,1
104,38,69,117,38,94,114,37,25,1
100,38,59,107,48,93,107,37,26,1
106,0,0,106,53,103,106,50,3,1
100,37,50,100,43,51,100,37,0,1
100,37,1,100,-5,15,100,87,2,1
102,25,12,118,-23,12,114,76,0,1
66,0,1,67,0,16,51,0,0,1
50,0,25,50,16,25,50,3,25,1
6,25,25,33,39,31,7,39,25,1
56,1,25,70,8,41,70,0,28,1
103,31,21,103,-14,47,103,75,28,1
100,28,25,125,-19,38,100,76,28,1
100,6,25,104,6,28,100,0,25,1
101,18,78,-118,18,84,104,12,25,1
58,25,52,83,31,61,56,25,3,1
101,28,50,-116,28,61,112,28,5,1
106,26,50,105,33,55,104,33,0,1
62,38,62,63,46,88,62,37,25,1
64,1,76,90,55,83,63,51,25,1
100,39,50,100,40,70,100,26,1,1
65,4,51,98,11,57,68,0,1,1
60,31,25,98,-6,38,66,76,31,1
106,0,3,106,-27,22,100,62,6,1
62,25,1,93,-22,20,68,75,7,1
67,7,25,67,7,25,67,0,25,1
22,31,1,23,31,24,22,25,0,1
19,1,25,19,51,41,26,37,0,1
52,0,50,77,0,51,51,0,0,1
100,29,28,-124,-20,47,106,75,28,1
108,43,51,120,-5,-34,118,87,1,1
102,42,0,-109,-1,105,114,87,1,1
57,30,52,96,30,71,68,26,25,1
114,25,73,121,31,74,119,31,4,1
101,27,76,107,30,79,100,25,29,1
50,0,76,80,51,99,55,50,28,1
62,37,0,94,43,100,62,37,0,1
111,25,82,111,27,95,105,0,32,1
106,25,25,119,-10,28,113,75,25,1
70,39,3,74,-4,23,68,87,4,1
62,28,1,64,-9,1,64,78,0,1
56,7,15,56,8,15,50,0,0,1
7,3,1,32,21,26,1,12,25,1
64,1,23,64,10,49,64,0,29,1
54,5,52,93,14,53,65,13,3,1
100,28,25,125,-21,44,100,78,25,1
100,3,0,103,55,108,103,53,0,1
112,15,75,123,15,92,107,0,27,1
100,6,63,103,9,88,100,0,25,1
101,35,75,126,33,78,101,25,28,1
103,25,73,117,32,99,114,31,30,1
101,25,10,104,36,110,104,36,4,1
62,0,54,98,50,74,62,30,7,1
100,26,27,107,-10,46,107,75,38,1
116,28,25,105,-19,35,103,75,32,1
53,0,3,54,2,28,51,0,28,1
7,3,0,37,15,12,12,12,0,1
0,1,16,27,15,17,0,2,0,1
50,25,25,56,35,28,56,35,25,1
57,26,65,93,-3,64,68,83,1,1
100,28,25,-127,-8,38,125,91,25,1
104,18,51,105,22,57,103,12,7,1
100,0,75,100,50,90,100,50,27,1
100,1,69,125,4,94,100,3,31,1
100,25,78,-114,21,86,116,7,29,1
102,2,70,102,27,96,100,27,27,1
50,13,12,84,71,112,56,57,0,1
59,25,75,73,75,90,65,75,25,1
51,3,31,79,24,43,54,10,31,1
100,1,25,108,-48,25,100,51,25,1
50,38,80,64,-11,-1,64,87,29,1
0,0,3,36,13,16,5,13,3,1
3,26,0,30,26,16,1,26,0,1
16,32,25,47,37,43,18,35,31,1
62,41,50,107,4,46,107,0,25,1
118,21,19,-109,-27,44,115,66,19,1
112,25,25,-118,-24,42,125,75,17,1
66,3,50,91,55,76,66,52,1,1
100,1,62,101,8,87,100,8,25,1
103,0,51,118,35,72,112,25,6,1
103,0,66,109,31,66,109,31,3,1
51,37,69,79,43,94,51,37,32,1
51,27,0,55,80,107,53,76,6,1
56,0,75,84,51,87,53,50,25,1
56,0,25,93,7,44,56,0,37,1
56,12,2,94,-28,27,63,57,25,1
50,28,15,87,-21,17,62,78,4,1
50,3,0,63,3,19,62,0,0,1
5,8,0,48,21,19,20,8,0,1
62,7,0,62,24,26,62,12,26,1
62,31,50,93,-2,53,68,87,3,1
112,37,25,115,0,44,114,0,25,1
103,26,13,-121,-17,40,106,75,14,1
100,16,50,101,16,51,100,16,1,1
63,37,50,93,37,78,75,26,26,1
119,14,64,119,15,90,119,1,27,1
100,21,75,-125,23,75,105,12,25,1
50,28,71,87,30,98,62,26,32,1
57,40,76,86,40,92,50,37,26,1
50,39,50,68,45,68,50,29,1,1
50,32,25,91,-16,25,65,75,25,1
50,25,14,75,-21,14,50,75,0,1
50,31,13,76,-16,13,51,75,0,1
51,6,0,64,7,25,62,0,25,1
3,0,28,47,16,35,19,0,25,1
59,1,29,74,10,48,71,10,29,1
69,34,25,99,-3,44,71,89,26,1
114,25,22,123,-23,47,123,75,22,1
62,43,51,91,44,76,75,37,0,1
101,12,60,126,15,87,107,12,26,1
100,6,50,127,6,63,101,6,0,1
107,13,50,112,27,50,106,25,0,1
69,0,70,73,51,74,62,50,8,1
53,0,56,74,50,81,64,50,31,1
44,37,51,94,44,60,63,31,4,1
103,32,53,115,-17,53,112,82,0,1
56,1,51,77,3,58,50,3,2,1
56,26,22,97,-16,24,71,75,3,1
51,0,26,77,0,32,51,0,26,1
55,3,25,61,17,28,57,12,28,1
53,6,26,66,6,43,62,6,26,1
50,31,23,81,-10,43,56,75,26,1
62,30,25,89,-7,46,64,89,25,1
50,1,15,87,2,42,62,1,17,1
62,14,64,93,15,64,68,14,0,1
62,9,73,94,11,73,62,1,5,1
106,3,50,120,5,71,114,3,1,1
62,15,57,96,17,83,64,12,27,1
56,0,75,69,59,83,56,59,31,1
1,1,75,48,52,87,4,50,25,1
50,25,75,94,25,78,63,25,28,1
62,15,59,89,15,60,62,0,3,1
51,6,50,83,11,51,58,0,1,1
50,25,21,75,-5,21,50,87,0,1
100,25,0,104,-21,15,101,75,3,1
103,25,26,110,-5,39,103,88,25,1
75,0,25,85,12,39,51,14,25,1
58,0,57,58,12,57,50,12,0,1
50,3,21,75,3,46,50,0,27,1
100,14,25,100,-25,26,100,63,26,1
51,37,25,80,45,48,52,37,26,1
50,26,76,80,26,89,62,13,28,1
100,41,77,103,41,93,100,28,26,1
103,16,63,111,23,91,100,13,25,1
56,39,76,97,39,85,66,26,29,1
52,0,76,68,55,87,68,50,30,1
52,10,25,99,11,47,106,0,25,1
100,39,5,104,-7,30,103,89,26,1
51,31,0,90,-16,10,75,76,0,1
57,0,3,98,0,22,75,0,3,1
63,0,28,72,13,30,65,12,30,1
51,25,25,55,31,39,50,25,27,1
65,20,59,97,-3,59,72,87,3,1
69,0,57,98,0,57,75,0,0,1
50,15,18,85,15,43,56,12,25,1
64,37,25,89,38,44,75,37,19,1
62,35,50,91,35,56,62,27,10,1
63,37,50,91,38,57,62,37,0,1
64,38,56,98,51,84,66,50,28,1
52,26,13,83,33,113,56,26,0,1
53,0,0,90,50,101,65,50,1,1
100,25,53,104,25,60,100,13,0,1
100,6,25,111,10,32,101,10,25,1
65,6,0,72,11,19,71,0,6,1
50,3,26,75,5,29,50,3,26,1
62,6,31,62,11,34,50,1,28,1
56,1,50,81,2,51,50,2,0,1
57,18,28,82,-6,42,57,87,25,1
62,31,28,101,-9,36,101,77,30,1
50,15,50,78,21,52,53,12,0,1
103,17,59,103,17,60,100,15,10,1
64,28,50,98,30,54,68,26,0,1
68,25,50,94,30,50,68,28,0,1
54,25,50,90,26,76,62,25,25,1
53,44,18,60,49,-112,59,40,25,1
48,50,51,99,71,-104,61,62,0,1
106,13,0,-124,23,101,100,13,0,1
103,13,50,103,18,57,103,12,0,1
15,6,0,44,22,7,18,9,6,1
13,25,66,46,-11,-8,19,87,25,1
15,0,64,23,14,-10,23,12,25,1
0,3,12,25,23,12,0,12,3,1
50,21,6,81,24,21,56,12,0,1
105,25,25,-125,-12,44,103,87,25,1
116,34,28,-114,-14,41,113,75,25,1
101,16,50,-123,16,73,125,13,23,1
100,19,59,-127,20,85,103,12,26,1
112,26,50,112,27,63,112,25,0,1
105,19,31,-125,17,37,101,12,29,1
64,28,68,92,28,70,62,28,6,1
50,29,3,56,85,103,56,76,0,1
53,12,51,80,65,76,50,62,25,1
58,17,28,99,17,35,67,12,28,1
100,0,1,121,-40,21,113,59,6,1
56,28,1,86,-6,14,75,89,1,1
57,7,25,86,7,29,57,7,28,1
17,26,56,49,27,59,21,25,0,1
50,25,32,51,28,45,51,25,26,1
62,26,50,94,-14,51,62,75,1,1
68,25,0,72,-3,22,71,89,0,1
75,25,25,84,25,46,59,25,21,1
112,0,50,114,1,71,112,0,19,1
62,26,50,96,26,57,68,25,6,1
112,25,50,115,30,64,113,26,14,1
102,11,52,108,12,71,101,0,1,1
53,25,75,85,37,92,56,37,25,1
53,36,75,90,49,85,65,35,26,1
60,0,75,73,63,85,72,62,25,1
100,26,25,112,20,37,112,12,27,1
53,1,26,97,-32,26,69,64,26,1
63,25,0,94,-22,6,69,75,0,1
100,0,0,109,-29,18,109,62,0,1
57,25,25,82,-4,35,76,89,25,1
17,25,50,41,37,60,25,37,9,1
56,12,51,56,13,61,56,12,9,1
57,26,25,70,-7,37,70,87,25,1
62,37,0,93,-11,18,68,88,0,1
112,12,4,119,-30,17,112,62,0,1
72,1,75,100,35,102,100,26,1,1
101,25,52,107,26,58,107,25,0,1
100,26,75,101,37,82,100,26,26,1
62,3,75,93,53,88,68,50,25,1
67,29,76,99,36,77,72,28,27,1
57,38,75,78,58,93,53,50,28,1
53,0,0,78,55,105,53,55,0,1
103,18,50,109,20,57,100,7,7,1
106,25,25,108,-12,46,101,86,32,1
104,3,1,105,10,15,101,0,1,1
50,6,1,79,8,20,53,1,0,1
16,29,26,47,29,26,18,29,25,1
68,6,50,71,9,62,71,9,0,1
62,25,50,91,-12,51,63,75,1,1
52,1,26,80,4,32,53,0,26,1
56,7,23,82,10,48,52,12,0,1
67,31,75,67,32,97,64,25,21,1
106,40,51,109,40,70,103,37,0,1
100,15,75,103,24,89,100,13,25,1
50,7,73,83,21,98,51,8,26,1
59,41,6,72,43,106,67,28,2,1
50,26,51,88,27,74,62,27,4,1
53,35,25,91,-14,28,66,85,28,1
109,0,0,110,-42,14,103,57,1,1
65,31,14,90,-6,14,65,87,14,1
50,7,1,80,7,23,50,12,3,1
53,27,31,60,33,35,57,31,25,1
64,25,51,67,25,58,62,25,6,1
118,26,50,121,-13,68,112,75,0,1
103,37,0,105,-12,19,101,75,0,1
75,0,25,89,4,46,63,12,3,1
103,25,50,110,32,69,103,32,0,1
100,13,50,108,33,59,101,25,0,1
100,42,55,100,49,61,100,37,6,1
50,37,75,79,39,88,54,26,25,1
53,1,1,78,55,105,53,50,1,1
51,0,76,76,52,89,50,51,26,1
62,14,30,91,5,48,66,5,32,1
62,0,28,91,1,40,66,0,25,1
56,31,26,82,-6,30,57,81,26,1
50,28,25,76,-3,27,51,84,27,1
51,3,25,65,3,37,64,3,25,1
65,0,25,73,1,35,71,1,32,1
56,25,25,85,-5,44,53,81,32,1
57,31,50,85,-5,50,57,81,0,1
103,25,27,105,-23,27,104,76,1,1
100,34,25,104,-2,32,103,90,6,1
67,14,25,99,13,49,65,0,31,1
65,25,50,96,26,57,68,26,7,1
62,6,75,88,20,80,62,6,28,1
65,28,75,92,35,89,67,25,26,1
53,29,0,91,35,105,66,32,0,1
51,5,12,51,66,-111,50,53,31,1
57,15,7,69,74,108,63,60,1,1
50,0,50,92,6,62,64,6,0,1
107,31,26,107,-18,39,100,81,25,1
12,11,0,41,12,20,12,11,6,1
0,0,3,30,7,28,0,0,25,1
14,7,3,17,8,28,0,0,28,1
6,0,0,45,3,19,18,0,1,1
66,32,0,92,-17,23,67,76,1,1
100,9,25,-127,-40,35,100,59,31,1
100,1,25,126,-38,32,101,62,25,1
112,38,25,112,-8,40,112,87,26,1
56,26,50,83,27,53,57,25,0,1
76,26,51,99,30,73,71,25,6,1
100,20,78,122,20,91,119,7,25,1
112,0,0,112,21,100,112,9,0,1
100,0,0,100,52,106,100,50,0,1
103,17,75,103,23,75,103,12,25,1
62,0,29,89,10,48,64,10,31,1
103,25,6,104,-24,33,100,75,27,1
64,33,25,96,-12,31,68,89,31,1
66,1,27,72,5,30,69,0,30,1
6,0,25,44,13,44,19,12,32,1
3,5,50,34,24,50,3,9,0,1
57,26,50,57,-4,58,56,82,6,1
63,25,54,88,-23,55,62,75,2,1
101,25,25,107,-21,39,107,78,25,1
63,44,25,83,23,49,58,13,26,1
64,12,75,98,17,75,62,3,25,1
106,15,55,107,21,61,107,9,8,1
64,32,67,93,33,92,63,32,29,1
65,37,6,71,43,-109,68,37,26,1
59,37,25,77,41,124,51,38,2,1
112,0,75,119,4,83,112,4,27,1
75,9,66,76,10,66,50,10,0,1
58,12,31,58,19,34,50,6,25,1
50,25,1,51,-8,14,51,78,1,1
14,31,1,45,-3,-2,19,82,34,1
51,25,0,60,-3,17,57,82,1,1
51,26,25,83,-16,49,58,75,30,1
67,26,51,98,-6,58,75,89,1,1
68,30,53,98,-13,74,67,75,3,1
100,0,53,99,-7,67,74,90,17,1
64,12,50,96,21,56,70,12,0,1
63,12,51,94,23,58,63,9,1,1
62,29,25,91,30,45,65,30,31,1
101,25,75,101,25,85,100,25,34,1
60,17,18,100,23,120,100,10,6,1
57,29,75,95,36,95,68,34,26,1
64,1,50,98,7,66,69,7,0,1
51,12,28,76,12,28,50,0,28,1
65,31,6,73,-5,7,68,81,6,1
106,3,1,110,-40,28,109,50,28,1
100,26,25,100,-22,26,100,75,25,1
50,9,32,76,12,33,50,1,31,1
50,3,26,50,16,48,50,3,34,1
13,6,25,49,20,44,22,7,31,1
66,14,0,86,7,25,59,1,25,1
112,0,22,112,0,22,112,0,0,1
119,25,51,119,27,74,101,25,0,1
100,25,62,111,26,89,107,25,25,1
100,34,6,110,35,106,101,35,6,1
109,18,10,-118,20,110,116,10,7,1
100,39,75,105,43,81,103,30,25,1
100,26,66,100,29,66,100,28,4,1
57,1,0,96,7,23,69,0,7,1
68,2,12,71,2,15,68,0,3,1
52,13,75,55,13,-1,50,1,0,1
62,0,0,63,3,13,62,3,0,1
56,0,0,81,0,15,50,0,3,1
57,20,25,82,20,25,57,8,25,1
75,13,51,92,23,64,64,10,0,1
100,18,75,100,24,81,112,12,28,1
100,7,68,-115,7,68,112,0,18,1
100,31,75,116,26,84,113,25,6,1
100,28,51,112,28,58,112,28,0,1
101,38,64,101,41,65,100,28,2,1
100,0,76,-124,13,77,100,0,25,1
53,28,75,91,28,75,66,28,25,1
106,8,51,103,16,51,103,3,0,1
56,37,25,81,-6,34,50,81,28,1
56,37,25,81,-9,27,56,78,25,1
51,27,0,76,-13,22,51,81,6,1
51,4,0,55,5,15,53,0,0,1
58,6,28,67,9,37,62,9,25,1
53,0,12,78,0,37,53,0,25,1
50,0,3,79,1,28,51,1,25,1
110,37,25,111,-5,33,110,87,25,1
101,34,54,101,35,54,100,25,3,1
103,6,75,114,-2,78,112,87,28,1
119,0,75,119,50,75,113,50,25,1
118,0,75,122,35,99,118,35,33,1
100,45,2,107,49,102,100,36,0,1
113,56,53,118,57,78,100,50,25,1
106,12,28,-106,-46,37,-106,50,25,1
7,12,7,112,12,7,106,0,6,1
50,16,2,55,16,2,54,12,0,1
56,37,0,56,-6,4,56,81,3,1
15,6,3,48,7,23,19,7,9,1
22,12,25,45,26,37,18,25,28,1
64,32,28,74,32,47,71,25,25,1
103,0,14,111,3,39,106,3,26,1
114,31,51,114,-17,51,114,82,0,1
103,16,75,-120,17,78,103,3,25,1
112,25,66,107,32,71,101,32,1,1
112,19,50,117,24,73,112,10,6,1
106,28,51,110,28,66,106,25,3,1
50,27,14,76,37,114,51,33,0,1
112,25,0,120,28,100,114,28,0,1
-105,32,50,-98,-46,79,-106,53,28,1
56,14,25,94,17,29,62,3,29,1
56,18,10,58,24,10,51,8,9,1
14,13,3,17,14,3,14,0,3,1
6,1,19,7,7,19,7,7,7,1
5,31,21,57,0,22,57,0,6,1
50,35,0,84,0,14,56,87,1,1
119,28,25,119,-19,47,118,75,28,1
114,0,25,114,0,39,114,0,25,1
112,2,72,-114,2,74,115,1,2,1
109,7,6,123,10,108,112,7,0,1
103,13,50,-126,16,72,103,3,0,1
112,20,27,112,24,46,112,11,26,1
64,12,20,89,16,46,64,0,32,1
53,0,69,80,50,94,75,50,32,1
60,37,50,73,43,75,50,32,7,1
103,6,50,104,10,50,103,10,0,1
107,0,0,110,-43,19,110,56,7,1
62,12,0,94,-27,13,69,59,0,1
50,37,0,75,-5,5,50,82,4,1
50,0,25,54,23,25,53,26,25,1
64,0,54,71,12,55,69,0,1,1
52,29,18,74,7,30,70,7,28,1
55,0,60,80,10,61,51,10,2,1
62,31,19,90,33,44,65,25,18,1
102,25,50,102,25,75,102,25,25,1
100,33,56,110,33,81,100,31,25,1
108,37,75,-120,37,74,104,26,1,1
112,25,68,119,26,93,112,25,18,1
57,46,62,99,47,89,62,34,26,1
100,25,56,107,26,82,106,9,26,1
56,15,25,83,23,25,58,4,25,1
59,3,8,97,-32,8,65,53,8,1
50,0,76,83,1,-4,50,1,31,1
53,7,0,61,7,16,57,7,0,1
50,25,30,62,31,30,62,31,26,1
53,10,50,80,10,64,52,10,0,1
64,33,57,94,0,55,68,0,3,1
75,0,63,92,3,63,78,3,13,1
104,18,69,105,22,71,101,12,1,1
64,16,51,96,16,64,75,12,14,1
103,31,51,103,34,51,103,31,1,1
50,37,78,90,47,74,64,34,5,1
59,6,59,74,24,85,64,12,25,1
102,7,75,102,7,87,102,0,12,1
51,3,20,89,55,120,64,54,0,1
53,0,50,59,50,69,50,50,0,1
51,7,32,80,0,34,53,86,31,1
100,28,0,105,-15,19,104,84,0,1
50,25,2,81,-14,18,56,75,2,1
66,4,0,67,11,20,64,11,1,1
9,23,50,49,23,50,22,12,0,1
66,0,50,72,5,60,75,0,3,1
62,25,23,88,-7,48,75,92,25,1
62,18,23,90,20,48,62,12,23,1
102,0,3,105,12,103,101,3,0,1
100,31,57,100,35,69,100,34,0,1
108,37,75,108,40,75,100,27,25,1
50,38,75,86,39,82,52,26,25,1
64,25,54,64,44,80,62,37,28,1
50,3,69,89,18,69,64,5,0,1
51,25,58,52,28,87,50,28,30,1
50,0,53,76,8,55,53,84,0,1
50,38,32,91,-8,32,65,87,25,1
53,31,0,91,-1,17,66,85,1,1
64,0,25,96,2,28,68,1,28,1
54,0,30,80,14,43,51,0,27,1
50,10,28,81,11,42,56,1,29,1
51,23,25,82,23,34,75,10,25,1
62,0,15,94,10,35,68,0,25,1
112,3,52,115,-26,77,115,62,2,1
100,32,50,118,45,75,100,37,0,1
50,34,75,88,35,75,62,34,25,1
109,8,76,109,58,79,109,50,26,1
106,25,51,105,39,70,101,37,0,1
62,37,75,87,45,93,50,31,30,1
50,31,19,81,45,121,50,33,2,1
50,0,75,89,18,78,64,15,25,1
56,26,25,97,-19,31,65,75,25,1
1,40,0,40,-6,2,15,81,0,1
50,1,69,59,-29,-5,56,57,37,1
10,0,6,48,4,8,20,3,8,1
50,2,0,51,24,15,51,11,2,1
50,14,50,86,14,63,56,12,0,1
112,25,57,121,21,71,120,14,0,1
107,0,0,-122,6,100,102,0,0,1
116,2,3,117,2,-120,112,0,10,1
111,1,53,123,1,74,110,0,3,1
103,25,50,117,30,57,113,30,0,1
115,21,53,118,23,66,101,0,5,1
57,25,75,61,39,93,59,25,31,1
52,37,75,71,46,80,64,34,28,1
58,0,50,71,7,50,63,7,0,1
50,14,21,75,-28,24,50,58,4,1
52,28,66,77,-15,-2,76,89,25,1
64,32,8,65,-17,11,64,82,7,1
58,0,25,70,0,31,64,0,25,1
54,15,32,73,15,44,65,3,31,1
52,33,27,58,46,33,51,33,27,1
-123,25,1,-111,-19,117,-105,76,0,1
101,26,53,-109,-20,60,120,79,3,1
114,1,53,121,7,53,113,0,0,1
50,25,30,73,32,42,69,26,17,1
75,3,53,81,60,53,50,60,3,1
102,9,72,105,22,72,106,3,28,1
100,25,60,110,25,85,104,25,26,1
55,2,69,98,12,97,67,1,22,1
100,12,64,101,19,64,101,6,0,1
100,26,28,-127,-23,41,103,76,25,1
52,10,0,77,10,21,51,0,3,1
53,0,0,53,13,23,53,0,3,1
12,0,20,44,25,27,32,25,2,1
14,25,9,48,28,34,18,28,28,1
53,5,25,78,12,44,50,3,31,1
100,7,51,112,-16,74,112,83,8,1
114,14,25,-113,-35,29,114,64,29,1
67,26,28,88,44,89,62,37,14,1
103,1,50,110,7,62,101,0,0,1
100,26,15,101,27,42,101,27,29,1
56,40,50,81,40,58,56,37,2,1
50,40,67,75,40,92,50,28,25,1
52,12,12,111,18,-127,104,13,28,1
101,33,75,115,33,78,115,25,25,1
50,44,50,50,47,57,50,34,1,1
55,0,19,80,7,19,51,0,0,1
65,32,19,74,-16,22,73,81,6,1
68,25,12,92,-13,14,75,77,0,1
68,37,6,96,-11,31,81,87,25,1
50,1,27,87,8,40,62,8,27,1
17,25,31,49,29,45,17,29,26,1
53,0,50,85,19,62,59,12,12,1
51,12,50,89,19,46,76,12,21,1
101,13,15,108,18,47,100,17,21,1
100,15,19,110,24,44,100,17,25,1
100,39,25,100,42,41,100,40,25,1
112,0,56,115,48,71,114,38,1,1
64,1,76,93,54,98,68,51,25,1
69,43,16,74,49,116,73,39,0,1
52,6,0,92,60,104,66,53,0,1
63,39,59,91,46,84,66,38,31,1
65,20,8,98,23,12,75,11,5,1
51,11,13,84,-19,35,75,78,34,1
51,36,0,61,0,12,50,89,0,1
6,6,1,44,10,17,19,0,4,1
3,0,29,42,16,37,17,12,31,1
50,0,50,54,18,59,50,12,3,1
69,1,25,74,10,41,75,12,25,1
52,13,25,92,19,25,65,12,25,1
118,15,10,122,15,36,118,15,26,1
101,25,63,-126,26,88,103,25,12,1
106,6,0,119,47,101,119,40,1,1
115,50,56,115,61,84,115,64,7,1
112,50,50,118,56,75,118,50,25,1
101,1,62,114,51,87,114,50,26,1
100,44,62,100,46,63,100,38,0,1
62,17,10,96,24,35,68,11,32,1
62,25,3,91,-24,28,72,64,25,1
62,41,3,66,0,3,65,88,3,1
50,0,10,51,0,11,50,0,4,1
50,1,1,53,2,23,53,0,4,1
59,3,25,59,5,48,56,3,26,1
50,8,50,80,8,57,62,1,7,1
115,34,53,116,-15,59,116,75,6,1
66,39,50,98,-4,54,75,89,1,1
100,1,64,102,1,64,100,0,0,1
68,6,25,95,9,39,68,0,26,1
51,28,17,82,29,43,75,26,26,1
60,26,50,98,26,51,71,26,0,1
65,1,75,94,51,82,69,51,32,1
51,32,85,76,49,98,51,39,25,1
50,42,75,75,49,99,50,38,25,1
50,37,75,75,49,91,50,39,25,1
69,25,75,70,28,90,68,28,26,1
51,34,70,51,45,92,51,39,28,1
57,4,50,70,11,50,68,11,0,1
50,26,0,66,-10,16,65,87,4,1
50,10,17,81,-25,18,56,66,0,1
56,32,6,83,-16,31,77,75,25,1
50,3,25,47,25,28,25,25,28,1
0,20,25,31,46,45,0,32,31,1
52,7,51,89,8,51,63,1,1,1
105,28,27,117,43,49,100,38,25,1
103,34,75,-127,37,89,125,28,25,1
100,25,79,100,38,87,100,26,29,1
64,12,75,92,64,87,65,51,25,1
43,0,61,94,51,61,62,50,1,1
50,25,68,77,38,95,51,37,25,1
50,0,75,77,51,94,50,51,25,1
62,33,75,77,32,75,50,32,25,1
63,3,51,88,9,51,62,9,1,1
59,34,0,59,-3,26,59,87,25,1
66,25,0,66,-19,5,65,79,3,1
56,34,10,68,-12,10,68,77,1,1
60,6,25,59,14,29,56,1,28,1
62,12,25,62,17,46,62,17,27,1
57,2,25,98,2,44,69,0,26,1
66,0,26,97,0,39,72,0,25,1
101,18,73,117,23,99,100,16,24,1
100,30,55,112,37,74,106,37,5,1
105,37,54,-119,37,74,101,37,0,1
103,9,73,-127,12,73,103,1,1,1
57,0,0,73,50,105,66,50,3,1
63,44,3,99,49,105,75,37,1,1
106,9,50,106,24,58,103,12,0,1
70,0,26,98,11,36,68,2,30,1
50,0,1,50,9,5,50,9,1,1
57,25,0,58,-8,15,56,88,3,1
61,26,0,61,-9,13,58,77,0,1
51,0,7,70,1,10,65,0,0,1
51,14,27,82,14,37,50,12,28,1
77,18,56,82,31,68,50,31,5,1
126,0,0,126,17,105,100,3,4,1
109,25,76,111,25,98,109,25,20,1
112,28,75,120,29,91,112,25,16,1
102,25,77,108,34,80,107,28,26,1
101,25,75,100,36,99,100,36,28,1
66,28,0,66,40,101,62,37,0,1
51,31,50,65,37,65,62,27,0,1
50,26,4,75,-10,24,50,79,6,1
67,31,5,67,-18,24,66,75,5,1
51,32,6,61,-17,9,58,76,0,1
51,27,3,60,-6,24,59,80,3,1
71,0,30,74,0,42,51,0,28,1
56,0,25,83,3,42,56,0,28,1
53,3,51,79,79,70,50,75,1,1
106,0,50,-114,-12,64,112,87,0,1
117,12,79,118,16,85,112,12,10,1
105,31,75,-125,31,94,104,25,18,1
106,26,76,110,39,79,109,39,4,1
70,34,75,99,47,81,70,37,25,1
72,40,81,99,48,80,69,37,26,1
112,0,53,113,9,54,113,0,3,1
65,0,25,93,0,33,65,0,25,1
63,4,3,66,5,21,66,0,3,1
68,25,5,69,-11,12,69,75,7,1
50,34,0,58,-2,19,50,89,6,1
71,7,3,71,7,22,70,7,6,1
50,3,31,78,5,46,50,1,28,1
54,10,56,86,11,60,60,0,3,1
118,31,50,119,-3,69,119,88,0,1
107,0,78,108,16,87,119,1,25,1
112,0,50,116,5,60,112,0,0,1
102,25,50,102,25,50,100,25,0,1
67,41,30,99,49,48,70,39,26,1
53,26,53,78,32,66,50,26,3,1
56,38,50,81,41,71,50,37,6,1
54,25,75,79,33,75,51,25,25,1
53,1,50,85,10,57,56,0,0,1
50,0,29,84,7,36,53,7,31,1
62,32,28,89,-5,30,64,87,27,1
64,0,31,95,1,32,62,0,29,1
62,0,32,91,12,33,66,12,25,1
62,3,25,87,21,42,62,12,26,1
50,32,50,77,36,50,76,31,0,1
51,25,50,82,30,50,82,0,0,1
62,31,56,88,31,61,88,0,3,1
64,35,62,89,35,65,64,28,12,1
62,37,51,93,50,50,55,50,0,1
62,6,53,96,56,65,37,0,15,1
100,37,78,100,44,78,0,38,3,1
101,37,75,101,41,83,100,13,58,1
62,32,75,94,33,76,82,33,50,1
100,9,26,100,8,30,100,1,29,1
50,29,19,75,-1,19,75,96,19,1
72,0,12,74,6,12,62,6,0,1
68,28,0,68,29,10,56,4,0,1
54,1,4,55,52,23,52,0,0,1
68,22,57,73,48,60,20,51,50,1
64,29,5,64,85,112,64,79,10,1
100,37,3,110,37,116,110,37,3,1
100,1,76,110,51,79,110,50,0,1
110,37,51,110,43,71,109,6,18,1
50,0,54,76,53,67,50,51,0,1
50,12,50,54,62,60,50,12,6,1
57,21,0,83,-3,8,8,114,0,1
56,25,12,83,-17,12,25,32,12,1
52,3,4,77,16,24,2,0,15,1
68,25,28,74,25,36,50,3,14,1
63,31,62,90,46,68,2,15,18,1
51,0,78,71,53,77,15,0,50,1
63,12,26,88,63,-123,87,13,26,1
68,30,68,97,30,94,87,5,12,1
103,6,62,103,21,67,100,0,15,1
62,25,21,99,32,46,38,7,32,1
57,27,53,55,34,55,55,34,4,1
53,12,41,91,19,41,62,19,15,1
62,10,27,94,10,30,31,4,1,1
78,13,25,78,21,44,75,6,25,1
57,0,14,60,6,46,53,0,31,1
50,15,50,64,18,53,14,0,0,1
53,13,50,55,38,50,1,37,0,1
53,6,94,84,56,98,25,50,47,1
50,7,30,87,58,-125,87,0,25,1
101,38,3,117,43,111,114,2,0,1
112,7,50,111,2,59,108,1,3,1
75,26,9,84,-4,23,9,114,6,1
62,0,0,62,0,0,12,0,0,1
57,3,0,57,3,5,6,0,3,1
51,32,0,63,44,25,63,44,25,1
62,31,72,96,44,73,56,1,53,1
53,36,94,85,49,94,7,13,50,1
75,6,0,81,58,123,75,0,16,1
75,25,9,82,32,111,6,26,3,1
63,0,51,88,16,80,50,4,26,1
62,0,65,96,8,65,25,12,50,1
50,28,66,87,34,66,12,0,12,1
32,3,0,91,12,51,3,1,51,1
59,0,37,96,6,41,50,0,15,1
69,1,25,71,15,37,57,1,33,1
53,0,1,53,22,26,3,16,1,1
53,0,1,55,28,30,54,28,4,1
59,25,3,66,31,32,65,0,25,1
50,32,25,75,44,39,75,43,12,1
100,20,30,103,73,-125,0,0,3,1
100,33,29,-111,33,-126,-118,26,3,1
100,50,75,125,51,95,125,50,39,1
64,38,63,99,38,65,62,0,3,1
62,3,9,89,17,35,75,3,0,1
57,25,0,82,-17,1,32,32,0,1
75,25,15,87,-10,17,0,88,14,1
51,29,7,64,35,7,12,0,7,1
51,37,29,67,39,29,25,6,12,1
100,1,43,100,14,49,100,0,12,1
104,7,26,104,8,45,100,8,39,1
75,7,0,89,7,32,62,0,25,1
75,0,56,75,51,97,50,0,9,1
71,35,53,74,35,92,69,13,1,1
55,50,81,99,71,83,90,62,26,1
104,7,0,118,58,93,17,7,68,1
100,50,75,101,64,80,1,0,75,1
105,37,28,105,-1,47,101,59,0,1
76,33,6,92,-16,9,37,25,0,1
53,27,0,78,-19,0,75,28,0,1
53,0,3,50,7,6,50,7,6,1
50,25,3,54,35,17,4,0,1,1
50,28,50,76,41,50,0,0,50,1
56,12,78,97,20,79,21,12,78,1
100,43,62,100,44,64,100,43,51,1
79,6,0,92,56,103,79,0,3,1
64,26,62,89,26,92,89,26,26,1
68,6,56,94,19,56,57,12,6,1
54,27,55,60,39,55,10,0,55,1
50,11,82,58,74,85,57,11,10,1
50,0,86,98,42,83,47,42,50,1
101,0,59,126,5,59,100,3,0,1
100,6,43,101,11,47,101,10,9,1
50,0,25,64,18,25,64,12,0,1
56,0,1,59,0,14,50,0,14,1
68,19,0,70,-5,13,13,27,14,1
65,6,4,74,31,12,20,6,2,1
57,4,28,60,54,41,50,3,3,1
62,39,84,69,93,84,57,64,78,1
60,10,100,97,61,-97,43,57,101,1
113,50,45,114,51,-107,114,50,18,1
125,0,77,125,51,99,125,1,32,1
100,25,53,100,27,55,0,0,3,1
62,7,0,70,8,19,18,0,0,1
53,17,1,66,-7,5,50,41,1,1
13,0,1,38,25,4,12,25,3,1
50,25,6,50,25,22,0,0,9,1
50,28,1,96,30,66,56,2,66,1
100,26,3,103,30,85,100,1,78,1
100,37,76,103,38,93,100,25,43,1
50,31,65,72,44,91,68,25,15,1
57,21,52,57,46,77,57,15,76,1
65,25,57,63,42,67,50,40,50,1
50,1,75,76,54,76,75,53,75,1
56,0,75,97,50,91,6,0,87,1
39,25,75,92,46,78,14,31,78,1
104,25,44,104,26,48,3,25,41,1
56,0,25,78,6,24,53,0,15,1
63,0,14,67,13,24,64,0,2,1
56,0,0,56,23,25,56,7,0,1
57,12,15,57,15,46,0,15,9,1
64,12,51,67,37,55,50,0,2,1
53,0,62,66,50,67,16,0,14,1
33,37,0,83,88,100,6,50,0,1
103,1,0,105,52,110,100,50,7,1
100,37,75,106,44,87,106,31,62,1
57,32,57,87,32,71,82,25,18,1
50,0,53,76,13,78,19,12,0,1
12,6,52,45,57,64,7,50,62,1
50,25,26,51,35,35,50,31,31,1
52,25,25,55,26,27,55,1,27,1
12,41,0,65,41,38,12,40,0,1
57,3,37,69,24,48,13,6,9,1
56,21,55,85,21,62,85,18,59,1
62,7,68,69,56,76,56,50,0,1
71,26,50,71,39,80,53,26,79,1
50,28,57,75,36,86,50,9,83,1
53,28,50,79,42,78,54,42,3,1
50,3,75,77,65,89,1,15,62,1
50,25,87,75,87,96,50,75,82,1
50,25,76,72,75,82,18,50,75,1
53,0,51,68,50,51,66,50,1,1
51,28,19,67,42,46,51,37,8,1
51,0,15,64,16,49,50,0,1,1
52,1,51,58,15,57,8,13,56,1
65,0,54,67,6,62,51,0,7,1
51,3,62,67,9,62,67,3,60,1
51,6,56,77,7,56,27,0,50,1
64,25,53,92,-12,55,79,87,52,1
100,25,50,100,-11,56,100,79,53,1
67,25,51,92,-19,70,55,53,56,1
71,0,50,71,12,50,71,12,0,1
0,26,0,20,43,35,20,16,34,1
14,6,50,14,73,50,1,71,50,1
0,6,81,42,81,82,50,76,15,1
16,25,56,74,83,-96,51,32,59,1
100,12,64,-104,15,-91,100,2,51,1
106,6,26,-122,19,126,-124,0,25,1
63,28,56,98,29,60,66,28,50,1
55,25,25,62,41,26,50,37,6,1
3,12,15,28,38,23,0,25,20,1
9,4,12,9,12,21,3,8,12,1
0,6,9,12,7,10,0,6,7,1
57,0,21,58,13,21,7,0,6,1
50,8,25,83,12,25,56,7,25,1
113,12,31,113,19,45,113,0,18,1
106,39,80,127,39,78,125,14,50,1
112,17,26,112,68,-111,112,51,44,1
-107,0,53,-107,25,-100,109,25,3,1
101,14,11,121,64,112,116,60,6,1
107,44,68,108,45,71,102,20,7,1
53,3,53,84,48,60,59,9,57,1
68,30,23,68,30,48,65,4,6,1
50,25,6,50,-3,31,50,76,6,1
10,3,7,24,4,7,0,3,3,1
0,1,4,41,2,16,0,2,15,1
0,10,5,46,11,20,32,5,1,1
9,25,18,49,39,21,1,12,3,1
103,0,75,103,56,94,100,50,37,1
64,25,50,89,41,56,51,16,0,1
57,25,6,82,32,35,32,31,25,1
50,0,18,76,17,18,25,16,6,1
62,0,14,62,18,14,7,0,13,1
50,28,1,54,34,24,50,34,2,1
51,26,25,61,45,45,54,1,26,1
50,0,54,80,23,66,52,0,3,1
101,31,58,104,32,74,104,31,14,1
106,25,52,106,25,65,100,25,0,1
56,27,53,81,40,59,81,39,9,1
12,3,60,46,53,73,28,53,17,1
53,12,56,66,39,69,53,37,0,1
51,0,64,52,65,90,51,15,38,1
50,46,0,53,96,101,1,3,1,1
50,15,97,78,74,97,0,63,84,1
59,26,51,85,33,60,51,7,57,1
68,9,57,74,22,58,17,7,8,1
50,0,23,61,0,49,60,0,25,1
53,0,3,66,-11,42,52,50,3,1
50,1,12,66,-13,44,63,77,44,1
59,1,20,64,7,47,62,0,44,1
57,0,51,57,25,63,57,25,50,1
28,1,76,28,51,76,25,50,75,1
12,12,67,12,69,73,0,56,17,1
1,12,50,33,70,85,33,51,4,1
14,12,64,73,44,96,50,12,0,1
31,16,12,94,23,112,50,7,12,1
25,25,65,91,31,93,75,25,75,1
1,6,50,64,33,67,51,25,50,1
0,12,46,54,45,46,53,32,6,1
103,6,1,110,59,102,103,50,0,1
101,13,50,111,66,89,100,65,37,1
14,3,51,89,66,54,76,0,0,1
19,0,0,69,68,40,53,53,28,1
0,0,3,52,64,30,51,51,28,1
12,8,1,35,62,26,7,50,25,1
6,3,1,33,67,33,6,51,32,1
12,0,3,40,62,54,25,62,4,1
15,3,16,47,54,74,25,51,1,1
3,0,26,53,49,86,53,47,4,1
0,1,32,55,54,85,55,53,3,1
19,0,51,46,62,76,6,50,25,1
27,7,50,40,57,66,2,50,53,1
37,0,51,37,50,64,37,0,51,1
37,0,53,43,52,73,25,52,18,1
19,46,50,47,48,89,34,46,32,1
0,31,9,53,45,111,53,32,0,1
0,25,13,76,25,-117,75,25,1,1
28,3,0,78,12,125,50,1,25,1
9,84,9,84,84,47,34,53,16,1
0,3,1,50,59,45,0,0,7,1
-74,-11,54,35,36,30,-32,80,-20,1
-67,-10,45,24,14,25,-18,87,-4,1
-60,-10,46,28,16,12,31,-103,91,1
-83,-3,72,59,87,112,-59,-116,-11,1
-73,9,65,70,86,-121,7,100,87,1
-81,12,51,73,84,-100,-37,51,103,1
-76,12,51,105,41,124,-36,53,72,1
25,3,50,84,40,82,53,3,26,1
-62,3,54,66,32,43,-33,71,-2,1
-57,2,55,32,34,23,-31,75,-20,1
-51,3,58,12,33,18,-21,122,9,1
-51,13,65,22,29,16,-3,102,65,1
-49,18,73,51,42,46,-51,45,73,1
-50,28,79,58,31,45,-41,78,73,1
-41,30,86,97,64,48,-48,74,76,1
-45,39,90,105,99,62,-62,65,65,1
-47,33,79,-107,55,112,-46,74,47,1
-50,40,71,-103,5,-123,-55,70,11,1
-32,36,62,104,46,79,-38,67,-13,1
-21,30,63,76,41,38,-28,96,-28,1
-26,33,87,112,-1,102,-65,64,95,1
-32,25,97,118,15,107,-25,82,76,1
-24,26,90,125,-20,70,-57,64,57,1
67,11,0,67,24,14,50,3,12,1
53,38,16,65,42,16,50,4,3,1
50,34,14,60,48,18,4,42,5,1
53,43,0,59,44,33,53,0,25,1
55,37,9,86,41,47,90,41,27,1
107,20,22,107,20,47,106,20,6,1
62,25,50,89,48,54,62,6,51,1
56,4,91,94,74,98,19,22,10,1
101,26,50,114,33,-99,101,26,0,1
50,6,50,99,59,-97,112,2,20,1
100,0,75,118,53,99,12,53,64,1
122,21,50,123,23,50,3,4,50,1
62,26,15,64,46,17,50,31,0,1
14,8,69,46,12,-3,6,10,33,1
0,0,75,25,25,-1,25,25,20,1
12,15,6,38,21,9,0,21,9,1
50,19,26,77,21,30,77,20,26,1
100,0,76,114,12,76,18,-84,42,1
-26,47,84,113,19,85,0,115,62,1
-47,43,79,105,67,110,-65,23,51,1
-32,39,81,92,33,126,-80,23,26,1
-30,46,83,107,86,-117,-59,81,19,1
-39,37,85,-99,-12,101,19,-69,48,1
-25,24,71,109,19,41,2,98,68,1
-16,28,77,49,25,-6,-37,68,48,1
-24,28,74,29,27,-10,-58,23,24,1
-32,19,75,33,5,10,-37,24,21,1
-30,25,73,78,-16,37,-47,25,28,1
-12,25,78,96,-6,44,-54,72,58,1
119,28,5,121,36,111,113,34,10,1
107,3,25,111,-26,41,108,5,12,1
71,25,56,97,25,59,66,25,53,1
68,0,75,91,59,113,53,6,12,1
52,38,26,83,40,-116,50,27,26,1
112,28,1,112,41,123,100,25,5,1
62,2,1,91,64,104,37,14,0,1
50,1,25,70,1,40,14,0,37,1
75,25,32,91,-1,44,50,19,38,1
100,25,53,119,-1,54,106,21,4,1
75,3,55,77,22,74,50,0,19,1
112,2,71,112,24,96,100,7,25,1
78,0,28,78,13,30,78,0,0,1
56,0,6,69,21,33,0,21,7,1
50,15,14,57,16,39,50,12,25,1
62,0,21,66,3,50,50,0,0,1
50,0,54,68,1,54,12,0,0,1
50,7,0,61,58,101,4,57,0,1
50,6,3,64,63,114,51,63,12,1
50,0,7,50,63,107,50,63,6,1
51,12,84,68,49,86,18,40,32,1
56,4,75,62,29,75,50,3,25,1
50,6,50,75,-2,50,50,31,0,1
50,0,3,63,50,116,50,0,3,1
55,1,26,67,23,29,4,17,0,1
54,13,26,55,38,35,52,38,32,1
83,12,50,83,39,74,50,0,8,1
75,25,78,87,44,84,39,12,32,1
75,1,76,76,61,76,76,6,25,1
75,0,50,88,15,53,88,0,3,1
50,0,25,70,0,25,18,0,0,1
50,18,3,58,-6,22,58,50,3,1
50,0,5,59,7,17,59,0,2,1
103,6,0,116,62,113,103,11,12,1
103,14,62,121,59,83,115,9,32,1
56,3,75,93,55,82,81,0,50,1
7,6,3,33,34,10,25,9,3,1
4,14,6,37,7,11,2,6,2,1
56,3,26,57,12,32,7,6,32,1
62,16,27,90,16,42,50,16,30,1
77,28,42,77,79,-113,76,53,3,1
100,32,4,100,49,117,100,39,3,1
75,3,51,87,53,60,0,0,7,1
81,25,50,96,27,56,53,25,6,1
58,20,50,86,21,54,50,0,0,1
74,1,25,74,5,26,58,4,25,1
100,39,0,100,49,100,100,10,0,1
100,21,26,101,0,40,100,35,38,1
43,1,56,46,70,56,20,6,50,1
56,3,51,56,67,70,62,14,53,1
75,0,50,76,52,70,51,50,51,1
53,25,50,80,43,65,55,43,15,1
100,0,53,102,12,53,100,12,0,1
-25,27,89,96,16,30,-56,30,33,1
-21,27,87,98,18,32,-60,50,30,1
-16,23,90,87,33,35,-43,38,53,1
-14,23,86,66,44,45,-10,-120,59,1
-9,23,88,74,44,53,12,113,59,1
-14,25,92,87,48,62,46,-70,84,1
75,26,82,76,89,96,75,25,38,1
57,10,63,98,72,73,7,65,66,1
62,0,75,73,64,76,50,62,26,1
56,3,50,60,79,71,0,4,21,1
76,26,27,75,34,36,75,31,4,1
50,16,28,57,23,29,50,17,0,1
81,13,78,82,71,78,82,13,53,1
81,27,12,86,77,120,35,1,0,1
75,14,82,77,70,98,60,0,42,1
76,12,57,86,73,73,83,70,23,1
100,37,33,110,39,49,107,1,39,1
62,28,25,62,34,30,50,25,0,1
-23,30,87,72,63,84,0,126,52,1
-13,29,76,59,60,74,30,107,57,1
-23,32,75,90,3,42,-76,23,41,1
50,26,25,84,27,25,50,25,25,1
50,25,25,75,38,47,50,25,9,1
-13,34,77,80,30,35,1,125,34,1
-22,25,78,51,46,29,-43,77,45,1
-30,24,80,75,25,32,-52,33,42,1
-23,27,90,80,47,52,-60,16,37,1
-21,28,88,73,56,57,-53,43,24,1
-25,21,91,89,48,88,-35,96,35,1
-16,30,92,89,71,89,20,-56,32,1
-22,33,79,78,62,84,12,-123,50,1
-21,29,72,62,60,51,-1,102,43,1
-22,21,80,59,67,48,-44,53,36,1
-19,23,85,60,48,39,-54,29,25,1
-27,19,87,68,37,51,-55,27,24,1
-17,30,84,63,53,49,1,113,50,1
-18,26,83,51,71,47,-5,126,50,1
-18,19,80,14,102,45,-29,77,40,1
-34,19,82,67,66,86,-51,45,31,1
-17,31,86,73,41,50,22,111,50,1
-20,26,82,76,32,39,-41,75,52,1
-19,16,81,66,37,43,-19,72,42,1
-20,18,83,64,42,48,-31,74,50,1
-18,15,87,69,48,53,-13,81,46,1
-9,30,89,73,66,52,14,-111,51,1
-8,28,81,57,65,41,3,95,44,1
-22,35,76,75,57,37,-2,88,62,1
50,30,50,68,49,53,55,9,50,1
-28,25,81,61,47,44,-39,40,44,1
-33,29,86,88,19,48,-52,30,30,1
75,3,32,92,13,39,42,13,14,1
52,28,25,67,30,40,12,3,28,1
55,25,37,74,40,49,10,38,41,1
53,0,50,65,66,58,3,16,0,1
26,23,53,42,73,59,37,58,56,1
10,16,75,40,92,80,37,50,26,1
64,25,75,68,75,94,1,25,19,1
-14,31,85,71,30,51,22,-114,51,1
-21,31,76,74,25,38,-32,74,57,1
-18,28,80,93,50,70,-17,86,48,1
-25,28,80,77,50,67,26,50,4,1
54,26,60,79,44,60,50,0,10,1
75,26,37,75,33,48,75,33,30,1
50,16,33,69,16,33,62,13,25,1
53,20,31,66,20,31,14,12,6,1
50,4,26,59,30,33,6,27,1,1
53,18,25,59,46,43,56,0,31,1
52,6,50,67,58,53,63,58,50,1
50,25,75,70,85,84,12,3,53,1
50,32,6,75,82,121,50,0,7,1
102,35,3,105,35,103,103,31,0,1
101,7,50,120,23,62,101,21,12,1
100,4,28,110,10,40,101,3,28,1
64,3,25,89,15,26,39,3,25,1
76,0,3,80,1,17,56,3,1,1
76,6,0,76,6,22,25,6,3,1
50,1,1,53,14,14,50,0,14,1
3,15,0,21,15,0,12,15,0,1
18,3,82,18,28,-3,21,28,25,1
23,18,9,24,20,9,11,12,6,1
100,19,28,110,19,28,107,7,25,1
-4,41,91,99,19,37,36,-88,63,1
-8,40,78,85,5,16,21,101,86,1
0,37,77,80,4,19,-26,79,62,1
-6,26,78,69,3,19,-54,23,49,1
-8,20,89,60,2,24,-44,33,30,1
-10,23,87,74,12,35,-46,50,23,1
-2,32,77,88,7,48,-45,62,17,1
-7,39,83,109,-8,32,-52,53,25,1
-6,35,81,83,32,25,-33,63,23,1
-16,34,89,71,70,91,-58,-122,19,1
-5,45,79,109,48,-127,52,2,47,1
-12,40,78,98,57,94,-41,125,51,1
-16,39,78,110,49,69,17,110,51,1
-10,39,79,105,32,71,-82,50,31,1
-27,28,87,105,-2,37,-46,35,24,1
-27,24,87,124,-40,6,-42,31,26,1
-14,34,82,85,-2,0,-50,38,27,1
-5,25,82,76,0,17,-51,46,29,1
-15,18,89,73,1,25,-57,92,50,1
-3,22,89,64,8,35,39,-94,51,1
-11,25,92,67,26,44,41,124,66,1
-13,28,78,72,21,51,-28,122,58,1
-10,34,77,117,4,42,0,104,57,1
-21,36,78,105,28,11,-61,61,49,1
-25,31,80,91,69,87,-45,44,30,1
-30,32,83,125,25,113,-53,37,7,1
-32,45,80,118,53,96,-74,48,-2,1
-23,45,82,120,46,82,-60,54,24,1
-17,39,90,123,20,70,28,-87,48,1
-14,33,85,98,33,38,55,-114,66,1
-9,26,77,98,-5,17,-15,103,78,1
-9,32,79,80,8,9,-31,64,64,1
-16,29,83,53,21,11,-60,32,33,1
-26,19,93,55,14,16,-43,37,28,1
-20,17,85,69,0,33,-43,41,32,1
-15,23,84,83,7,38,-53,48,35,1
-14,28,80,109,-1,62,-85,67,48,1
-1,34,92,123,8,27,77,-70,47,1
-5,39,84,64,73,104,-11,-124,65,1
-15,30,83,97,53,98,-10,100,58,1
-18,30,77,117,32,80,-45,67,50,1
-15,31,81,123,32,69,-40,47,44,1
-22,24,84,97,36,80,-37,33,41,1
-31,29,86,104,18,62,-52,30,47,1
-23,27,87,93,-3,27,-68,34,39,1
-14,19,87,95,-12,19,-73,53,37,1
-5,27,86,67,11,21,-49,126,40,1
7,22,92,61,21,32,-92,114,59,1
-13,14,81,56,8,39,-87,106,33,1
-1,11,82,69,25,43,34,126,39,1
-3,16,78,87,6,62,-56,74,40,1
-20,14,86,105,13,59,-41,48,31,1
-23,18,91,99,39,97,-65,35,32,1
-20,26,84,99,30,91,-64,50,20,1
-18,26,85,107,26,83,-42,91,27,1
-11,26,97,107,40,86,8,-78,22,1
-8,36,85,92,51,80,30,96,39,1
-16,30,80,93,25,57,-1,125,33,1
-13,25,77,87,-4,19,-18,105,37,1
-19,16,86,83,-21,10,-59,56,35,1
-22,16,89,73,-11,12,-48,38,29,1
-22,17,85,75,2,21,-46,34,26,1
-23,14,85,72,3,32,-40,55,29,1
-9,8,82,72,12,37,-46,80,45,1
-1,26,92,80,32,19,28,-103,25,1
0,30,85,101,28,89,29,-101,36,1
-16,35,89,123,43,104,5,-127,46,1
-18,37,80,112,53,99,-15,100,56,1
-16,33,85,122,42,87,-46,57,44,1
-24,25,85,103,46,93,-56,43,22,1
-33,23,85,103,35,91,-48,40,12,1
-37,23,83,104,16,39,-60,37,7,1
-13,10,69,69,-10,-5,-57,57,34,1
-10,10,80,78,-20,-5,-50,66,62,1
-17,25,107,47,3,5,126,-56,47,1
10,30,84,64,18,24,-42,37,33,1
-12,30,85,59,14,42,3,-116,39,1
-15,19,83,95,14,50,-7,105,52,1
-14,24,83,124,-5,63,-54,62,32,1
-23,30,88,111,22,76,-38,43,38,1
-25,38,83,93,50,101,-42,30,28,1
-8,37,76,101,36,103,-49,30,21,1
-19,26,80,106,33,78,-75,41,25,1
-20,24,87,109,23,67,-58,112,25,1
-13,32,91,109,16,63,54,-81,44,1
-12,37,92,92,14,36,10,127,74,1
-10,26,80,100,-33,20,-4,127,32,1
-7,25,78,71,-1,7,-25,91,45,1
-15,23,81,50,16,17,-49,61,43,1
-23,19,84,57,13,23,-31,57,36,1
-16,20,83,61,22,49,-37,48,28,1
-15,23,83,101,5,61,-59,44,22,1
-18,25,85,106,8,62,-68,64,25,1
-16,27,95,101,26,97,-49,98,37,1
-17,33,92,121,30,112,22,-93,26,1
-8,37,90,108,37,79,-16,89,57,1
-5,36,84,92,30,57,-32,79,63,1
-3,26,80,100,17,42,-25,90,38,1
-22,25,82,106,-24,15,-21,108,37,1
-25,24,81,89,-29,16,-37,76,34,1
-20,22,81,91,-2,16,-43,60,24,1
-23,21,85,80,11,39,-53,39,22,1
-28,25,89,80,8,39,-59,34,21,1
-25,24,91,98,9,37,-51,99,28,1
-14,31,89,95,10,42,55,-73,41,1
-12,27,79,95,7,51,28,125,41,1
-19,24,71,101,0,37,-5,111,26,1
-20,25,80,68,44,44,-49,61,16,1
-29,28,91,94,38,88,-78,38,14,1
-25,29,89,119,14,85,-61,43,19,1
-23,33,91,115,33,80,-22,99,49,1
-11,32,86,112,9,66,24,-86,45,1
-16,25,76,114,3,34,-11,93,30,1
-22,21,76,84,0,6,-10,105,26,1
-25,24,83,82,-3,0,-30,89,32,1
-27,10,86,58,19,7,-38,58,31,1
-24,18,87,70,26,24,-73,55,16,1
-28,22,88,72,23,35,-55,72,19,1
-12,27,83,110,13,53,-5,-112,38,1
-24,33,80,122,14,49,37,-127,46,1
-23,41,78,100,32,35,-9,125,37,1
-30,32,77,86,71,85,-15,106,29,1
-35,32,80,77,55,77,-52,71,24,1
-41,30,81,114,67,75,-47,42,14,1
-36,36,79,101,44,62,-57,25,22,1
-36,30,79,122,20,48,-44,40,23,1
-30,25,79,103,-4,33,-50,58,23,1
-23,25,80,100,-5,21,-66,87,39,1
-23,35,83,84,25,12,7,-104,71,1
-16,40,89,82,53,35,97,-99,75,1
-23,35,73,72,38,44,-18,102,5,1
-20,33,78,58,36,36,-3,127,52,1
-19,19,88,90,16,46,1,91,50,1
-29,27,82,96,1,26,-43,61,27,1
-26,26,87,88,50,38,-89,29,11,1
-23,33,80,85,56,97,-67,25,10,1
-26,36,80,92,42,117,-41,74,37,1
-22,36,89,121,35,103,-24,-109,34,1
-16,45,81,111,55,73,42,-88,41,1
-19,40,68,92,32,44,5,125,51,1
-19,35,72,74,39,20,-14,98,46,1
-25,30,89,76,-2,-12,-50,73,37,1
-24,35,90,85,-4,2,-54,35,20,1
-24,30,86,76,25,24,-48,29,15,1
-24,25,81,97,1,44,-43,44,19,1
-16,26,80,105,0,52,-60,59,31,1
-12,33,83,107,-8,28,-41,88,32,1
-12,30,85,67,58,28,14,-116,53,1
-23,41,81,87,56,82,87,-105,60,1
-22,35,75,86,53,82,0,100,51,1
-17,34,78,89,51,69,-17,112,45,1
-12,37,89,95,55,72,-48,79,30,1
-24,33,90,115,22,54,-45,67,22,1
-25,33,82,105,4,26,-43,48,15,1
-25,31,77,103,-12,10,-57,25,14,1
-16,33,82,88,10,18,-52,76,25,1
-4,30,91,75,21,33,0,110,32,1
-10,26,87,83,14,37,57,-66,48,1
-15,27,78,81,16,37,16,93,65,1
-16,30,78,75,28,21,-45,69,48,1
-12,30,83,70,46,25,-50,33,24,1
-16,35,84,86,61,90,-57,25,21,1
-21,39,83,91,55,87,-61,46,24,1
-10,42,84,120,32,92,-51,91,40,1
-10,45,89,114,50,74,21,-97,41,1
-10,39,83,93,53,55,24,-114,44,1
-3,38,78,107,19,36,13,116,55,1
-8,33,80,99,3,16,-30,100,52,1
-16,26,87,87,-4,3,-58,57,36,1
-12,27,91,75,19,17,-51,38,26,1
-11,25,87,75,25,26,-46,38,27,1
-4,25,83,75,21,43,-56,41,31,1
-1,27,84,98,6,59,-55,67,55,1
8,32,90,100,3,43,29,-107,60,1
0,29,90,91,71,80,11,-105,53,1
-14,37,74,53,53,85,-1,101,50,1
-12,30,79,86,62,68,-43,68,43,1
-16,42,89,96,45,57,-54,47,27,1
-22,43,80,-127,20,67,-50,40,20,1
-26,31,82,108,7,50,-57,53,35,1
-17,30,87,103,1,37,-2,-126,50,1
-14,32,80,77,25,21,12,-122,51,1
-9,30,78,64,29,16,-6,100,42,1
-12,27,81,51,35,20,-33,65,29,1
-13,25,85,52,49,33,-58,35,22,1
-15,22,88,92,38,48,-69,32,18,1
-17,25,86,106,41,71,-62,51,38,1
-23,39,89,121,41,106,10,-98,36,1
-10,45,85,100,60,103,0,-101,29,1
-7,39,75,88,58,68,26,120,39,1
-7,36,75,98,45,50,1,126,49,1
-15,30,78,99,33,25,-35,88,50,1
-19,26,89,82,12,11,-69,39,41,1
-19,25,91,87,1,9,-61,17,21,1
-17,30,83,75,26,21,-54,14,18,1
-12,26,84,83,31,32,-56,54,25,1
-9,24,90,91,29,51,-13,107,59,1
-6,37,89,98,41,70,65,-61,51,1
-11,40,78,93,43,73,35,-121,51,1
-17,28,73,34,90,79,-36,70,52,1
-16,20,90,77,55,75,-57,37,36,1
-17,23,93,110,39,73,-71,27,29,1
-16,31,83,100,21,67,-54,37,33,1
-21,22,82,93,25,50,-48,70,53,1
-13,30,89,85,26,42,29,-80,60,1
-7,33,85,82,24,31,37,-123,60,1
-12,27,76,73,28,35,-5,119,47,1
-19,20,85,66,32,29,-23,59,26,1
-16,18,94,63,40,40,-64,37,18,1
-21,20,86,76,46,65,-57,29,15,1
-17,14,80,75,46,66,-42,54,37,1
-19,19,79,57,67,64,-5,-101,41,1
-21,30,88,102,53,102,-7,106,50,1
-20,34,90,112,46,84,28,-105,45,1
-13,39,77,98,45,69,-41,80,37,1
-16,30,90,94,46,53,-57,44,26,1
-15,24,89,91,19,33,-68,32,26,1
-9,21,87,63,19,24,-51,60,36,1
-3,25,85,75,20,28,2,123,52,1
-5,28,82,67,38,35,-2,124,40,1
-15,23,82,66,37,41,-16,86,39,1
-20,12,87,86,27,50,-52,44,26,1
-21,15,91,82,48,26,-59,46,20,1
-8,23,85,73,80,83,-26,77,46,1
-16,36,83,92,41,113,9,-106,47,1
-13,42,79,103,57,76,21,-108,45,1
-10,39,78,75,71,48,-24,98,46,1
-25,45,84,77,69,48,-50,53,31,1
-32,42,89,108,25,50,-52,35,24,1
-21,39,84,108,14,37,-46,44,26,1
-19,29,83,90,9,26,-51,55,34,1
-20,25,82,75,22,26,-57,85,46,1
-8,35,83,69,35,29,19,121,45,1
-16,28,89,74,39,35,25,-81,31,1
-13,28,78,76,28,43,7,117,62,1
-17,23,80,84,30,19,-35,78,53,1
-21,24,83,62,90,74,-53,33,31,1
-33,26,87,84,62,98,-74,28,25,1
-33,30,85,98,53,90,-61,36,27,1
-21,31,79,71,68,77,-80,62,33,1
-12,31,85,76,60,73,-26,122,24,1
-19,37,89,100,48,46,14,-102,55,1
-7,41,74,92,5,30,65,118,50,1
-17,25,77,73,27,16,-7,124,31,1
-22,21,81,51,23,19,-45,87,42,1
-26,19,92,62,29,22,-44,61,31,1
-29,20,89,84,28,39,-54,50,22,1
-30,23,83,99,30,47,-40,55,23,1
-25,26,80,86,44,58,-48,46,34,1
-23,27,83,60,85,93,-43,78,29,1
-28,31,78,83,52,101,-40,77,32,1
-13,35,99,94,63,83,50,-56,13,1
-23,37,74,79,57,57,5,126,32,1
-21,31,79,83,55,46,-15,117,35,1
-25,25,83,80,28,32,-55,76,33,1
-25,22,88,85,13,20,-63,42,25,1
-29,26,87,96,9,19,-60,32,23,1
-22,25,81,86,23,34,-56,44,14,1
-22,21,82,82,24,45,-58,51,23,1
-19,20,87,89,24,48,-17,102,26,1
-16,27,84,92,25,54,-3,-120,35,1
-9,25,92,97,37,17,76,-90,62,1
-17,23,79,64,76,95,-17,113,48,1
-20,22,86,73,45,58,-32,90,35,1
-20,23,88,85,60,55,-51,62,28,1
-19,34,85,79,54,66,-42,54,19,1
-21,23,82,66,62,80,-49,44,15,1
-23,26,81,73,63,76,-63,30,16,1
-18,32,80,94,29,54,-48,60,16,1
-14,25,83,108,-15,58,-83,85,28,1
0,26,113,104,22,33,-56,-56,49,1
-7,23,67,68,0,37,-58,107,27,1
-25,23,85,71,17,19,-2,-118,28,1
-14,15,94,61,17,33,-70,69,32,1
-15,20,89,66,7,36,-37,58,30,1
-21,22,82,100,-2,33,-40,51,27,1
-10,25,85,74,60,49,-50,38,14,1
-14,30,81,100,48,86,-44,54,22,1
-23,26,82,100,23,110,-58,44,35,1
-26,32,80,-122,19,89,-69,103,41,1
-8,34,83,112,51,102,17,118,37,1
-14,38,94,81,85,-127,51,-56,51,1
-20,34,80,111,48,114,-18,100,30,1
-21,30,85,103,50,65,-3,125,46,1
-9,24,82,83,3,44,-54,63,41,1
-23,26,90,26,13,-8,-51,37,32,1
-22,17,83,14,4,-8,-50,37,21,1
-25,20,76,8,16,-1,-42,58,21,1
-8,17,84,40,11,17,-45,86,30,1
4,21,85,108,7,41,-22,87,48,1
-8,37,91,-106,-12,69,0,-120,51,1
-14,34,82,-105,23,76,28,-125,40,1
-14,46,73,108,17,123,-8,118,36,1
-12,35,79,-127,31,103,-23,97,33,1
-21,37,82,114,40,80,-54,62,28,1
-18,39,87,100,65,80,-66,31,28,1
-12,39,80,87,47,80,-60,35,19,1
-13,26,83,95,33,66,-43,87,21,1
-7,24,95,82,1,45,54,-66,46,1
-1,20,82,83,-23,34,22,-119,51,1
-16,26,81,58,0,18,-35,77,38,1
-19,17,86,47,0,16,-53,58,23,1
-21,20,90,43,5,20,-51,42,22,1
-10,22,85,56,5,47,-38,78,52,1
-11,25,81,88,-20,42,27,116,58,1
-7,27,80,114,26,28,-22,96,47,1
-9,33,83,96,51,50,-29,66,25,1
-16,39,81,-127,25,64,-59,41,17,1
-20,50,83,125,30,115,-69,33,16,1
-13,53,76,-127,34,125,-64,56,25,1
-18,37,90,98,59,93,-45,112,48,1
-10,36,92,-116,41,71,-112,-63,72,1
-15,32,79,97,49,41,-63,105,39,1
-9,36,80,75,29,6,15,124,49,1
-19,30,81,80,-2,-16,-69,65,39,1
-21,24,82,78,-9,-4,-69,32,27,1
-19,12,84,82,11,18,-45,27,21,1
-16,16,87,75,3,46,-60,37,16,1
-15,14,90,67,23,39,-56,63,39,1
-5,27,85,105,10,43,-29,105,53,1
0,40,85,103,28,43,21,-109,46,1
-4,40,82,115,33,82,15,-124,46,1
-4,36,81,105,32,59,2,120,48,1
-5,27,84,91,47,38,-46,77,34,1
-16,31,93,106,48,66,-65,33,17,1
-21,37,83,-114,13,75,-74,20,19,1
-19,34,82,109,57,78,-56,36,28,1
-7,32,85,83,34,58,-33,100,53,1
0,33,89,103,14,39,48,-79,54,1
-5,33,81,96,-13,4,23,-122,55,1
5,41,80,85,-3,7,-16,98,56,1
-10,25,79,45,9,14,-51,57,44,1
-15,22,85,64,0,28,-53,40,23,1
-11,20,89,77,-7,33,-52,35,16,1
-12,25,88,96,-7,35,-55,43,23,1
-10,31,87,89,2,26,-85,54,43,1
3,34,94,59,72,74,-3,-102,52,1
-2,43,91,-116,9,120,45,-91,55,1
-16,57,84,-123,36,103,-8,93,42,1
-8,39,79,112,24,87,3,119,43,1
-7,27,77,113,14,54,-41,86,32,1
-16,26,83,100,1,42,-58,63,26,1
-16,28,88,93,-17,14,-64,41,21,1
-17,31,86,91,-10,10,-64,36,14,1
-10,30,83,64,1,18,-65,52,28,1
-3,29,86,62,10,30,-53,86,44,1
-7,29,91,78,8,34,61,-61,34,1
-4,30,80,80,19,39,51,112,53,1
-6,32,77,86,23,51,-14,108,36,1
-12,30,80,120,-1,39,-44,79,36,1
-20,28,92,92,16,17,-70,39,33,1
-21,30,91,100,64,83,-68,38,23,1
-14,32,80,88,45,116,-54,52,21,1
-21,35,83,106,51,94,-33,106,28,1
-6,37,84,112,28,73,0,123,30,1
-12,33,84,99,41,57,49,-99,65,1
-23,33,78,91,5,31,-38,85,46,1
-26,26,84,95,3,3,-57,42,35,1
-20,37,85,67,16,6,-62,19,26,1
-21,34,84,65,22,23,-58,35,23,1
-16,23,81,69,20,36,-61,63,28,1
-19,18,82,92,12,50,-44,88,30,1
-21,25,94,125,24,41,23,-79,20,1
-10,32,81,57,77,16,4,115,48,1
-14,36,78,94,34,98,-3,109,33,1
-12,33,80,91,48,94,-13,115,33,1
-23,37,81,125,40,64,-31,87,42,1
-21,27,84,92,57,67,-57,53,38,1
-32,27,86,89,45,65,-59,39,26,1
-29,26,86,110,3,51,-54,41,19,1
-22,26,83,102,-10,25,-62,54,25,1
-14,25,88,90,-1,20,-37,98,35,1
-8,29,89,78,15,26,5,-113,37,1
-8,29,84,62,29,27,14,127,41,1
-9,28,79,61,15,30,10,117,48,1
-7,21,77,69,7,31,-17,96,52,1
-7,18,84,92,20,36,-52,54,44,1
-15,27,90,96,49,97,-59,37,28,1
-25,34,88,121,32,104,-70,27,19,1
-21,37,80,-123,5,100,-65,50,24,1
-10,33,83,111,19,73,-27,105,23,1
-4,40,89,100,38,60,5,-99,46,1
-14,37,85,105,8,38,27,124,62,1
-5,37,75,98,-10,23,8,120,46,1
-7,32,76,71,3,13,-25,96,46,1
-16,27,88,80,-4,23,-67,55,35,1
-14,24,93,82,6,30,-60,33,23,1
-24,24,89,71,19,41,-42,45,19,1
-11,21,80,72,17,55,-32,59,23,1
-8,24,83,100,3,37,-48,67,30,1
-4,31,89,72,76,73,-53,89,42,1
-7,30,96,115,34,75,36,-82,66,1
-10,35,80,-122,26,90,14,80,43,1
-15,37,78,101,39,76,-4,113,43,1
-6,37,78,96,55,68,-12,125,39,1
-17,30,80,101,32,56,-34,92,31,1
-25,31,87,117,5,38,-61,60,24,1
-22,27,92,106,-7,8,-60,28,19,1
-23,28,88,82,7,2,-47,33,19,1
-10,25,80,68,12,23,-38,75,26,1
-8,19,83,64,1,19,-42,80,42,1
-6,19,90,74,5,18,-14,-121,57,1
-1,20,89,91,17,32,66,-107,71,1
-11,19,80,103,18,38,0,98,48,1
-11,23,79,65,89,64,-44,69,39,1
-9,30,89,106,25,104,-53,46,26,1
-17,35,92,-114,44,103,-69,35,19,1
-23,37,82,-127,33,77,-64,53,12,1
-11,37,83,90,60,67,-50,80,9,1
-13,32,107,104,44,46,21,-56,37,1
-3,35,73,102,3,34,17,67,55,1
-19,25,78,96,-7,14,-9,107,50,1
0,30,87,69,19,-1,6,125,44,1
-19,25,87,48,24,8,-62,50,32,1
-20,18,90,58,35,19,-50,47,28,1
-17,17,85,82,9,44,-44,49,26,1
-4,22,83,110,11,38,-32,77,20,1
-19,24,85,104,54,57,-39,85,38,1
-16,30,85,111,48,98,-2,116,46,1
-11,35,82,91,39,109,-9,126,42,1
-11,33,77,101,53,75,-1,100,42,1
-10,31,79,92,55,57,-46,55,35,1
-22,33,87,104,33,51,-55,25,27,1
-21,30,88,98,16,25,-92,36,25,1
-8,29,94,98,-9,17,-7,-116,30,1
-5,35,91,108,0,18,-1,-97,50,1
-2,31,81,93,16,27,49,127,60,1
-2,25,74,78,9,30,-24,91,51,1
-12,19,85,73,17,30,-65,50,42,1
-8,20,92,84,3,35,-56,32,25,1
-7,23,87,97,13,33,-50,31,22,1
-7,23,82,107,4,24,-64,45,27,1
0,28,86,80,63,83,-76,90,34,1
1,27,93,78,50,117,16,-106,12,1
8,39,83,-123,39,92,16,-100,29,1
-5,37,76,104,41,61,-1,107,47,1
-19,33,81,96,21,50,-26,92,54,1
-17,21,90,100,11,25,-59,56,41,1
-12,19,95,94,2,8,-69,40,24,1
-12,28,85,80,9,17,-53,37,17,1
-14,23,84,79,18,24,-54,61,24,1
-6,20,84,77,16,36,-44,58,41,1
-2,16,97,82,32,46,25,-78,56,1
0,25,90,97,35,46,46,116,67,1
-8,26,77,73,49,59,-25,101,35,1
-19,32,79,100,44,84,-27,93,34,1
-21,29,89,113,40,69,-59,59,30,1
-21,27,88,97,46,54,-49,50,20,1
-20,25,83,84,58,63,-64,44,14,1
-15,29,82,94,40,57,-56,102,13,1
-13,32,93,121,16,49,51,-88,42,1
-14,27,82,114,-5,25,3,102,42,1
-12,23,76,88,9,17,17,125,42,1
-14,26,77,70,26,17,-28,83,48,1
-20,21,91,67,12,14,-62,46,36,1
-17,16,92,64,17,22,-47,39,23,1
-18,19,85,87,17,38,-56,44,18,1
-14,20,84,100,8,50,-62,64,22,1
-13,28,91,108,22,33,-8,100,32,1
-3,31,89,94,49,98,7,-114,12,1
-15,38,87,102,37,117,24,-100,28,1
-13,34,84,105,51,80,0,123,44,1
-11,34,82,102,35,52,-1,110,40,1
-14,26,80,108,10,39,-44,72,34,1
-21,21,92,98,0,29,-65,40,27,1
-19,22,93,93,-10,12,-54,40,24,1
-12,25,84,74,-2,23,-31,70,37,1
-6,23,85,58,15,25,-24,90,49,1
-3,18,81,60,11,33,-10,62,45,1
-7,17,81,73,7,36,-52,51,40,1
-6,19,87,99,5,47,-66,75,45,1
0,30,109,121,14,51,94,-56,71,1
-5,30,85,106,35,74,-46,89,30,1
-12,34,78,66,57,99,2,126,10,1
-12,33,83,87,50,70,-26,106,25,1
-16,29,86,100,35,46,-50,67,27,1
-12,23,84,91,35,58,-50,49,25,1
-20,25,83,80,31,71,-61,37,26,1
-23,24,86,115,0,57,-54,47,32,1
-12,26,89,104,-9,37,-18,96,46,1
-2,25,94,94,-5,22,51,-73,50,1
-6,21,80,71,14,27,5,-122,42,1
-16,27,79,53,25,25,-32,81,37,1
-16,25,87,53,32,25,-44,62,28,1
-15,24,87,73,23,40,-45,44,17,1
-21,22,88,110,15,51,-50,38,17,1
-20,27,80,126,-3,51,-60,44,17,1
-20,28,83,121,-6,30,-48,73,30,1
-12,25,89,88,76,60,42,-111,19,1
-6,34,86,67,58,94,38,-72,50,1
-19,31,87,125,58,99,8,117,45,1
-19,41,73,77,30,116,-27,89,37,1
-16,32,91,104,77,116,-45,60,25,1
-18,19,95,117,41,95,-68,39,23,1
-22,19,88,83,14,49,-39,48,22,1
-13,18,83,58,-7,36,-28,101,32,1
-11,23,87,32,-8,-2,20,-113,44,1
-16,18,76,20,-9,-18,20,108,44,1
-21,21,73,18,1,0,-25,73,35,1
-12,22,93,29,30,12,-55,52,23,1
-2,17,91,75,32,37,-60,59,21,1
-18,10,92,-77,10,66,-18,101,33,1
-15,38,84,-64,-6,80,-1,117,39,1
-24,38,86,-79,-30,64,4,118,44,1
-11,44,78,110,58,94,0,116,42,1
-14,33,76,105,29,58,-17,93,36,1
-19,36,78,-122,28,73,-44,56,31,1
-16,35,87,109,40,80,-60,33,23,1
-19,32,89,114,34,84,-68,36,21,1
-16,31,91,110,2,57,-36,100,51,1
-1,29,94,113,-26,31,32,-79,58,1
-4,25,78,68,-3,8,33,-124,56,1
-7,22,73,37,8,3,-25,79,44,1
-17,23,78,33,1,13,-59,45,35,1
-24,17,94,35,-10,11,-57,33,24,1
-11,23,89,73,0,31,-51,33,21,1
-10,19,84,89,0,60,-57,54,30,1
-10,28,82,92,13,66,-64,81,45,1
-8,34,96,-120,2,75,42,-73,46,1
-13,34,89,-125,25,37,11,-115,55,1
-13,37,74,105,36,92,1,-125,43,1
-5,32,78,-123,12,89,15,-121,40,1
-23,33,74,-122,5,70,-46,92,40,1
-23,30,93,119,23,55,-66,37,44,1
-18,29,92,101,0,43,-42,22,32,1
-23,25,85,121,-43,42,-50,38,30,1
-10,26,84,81,-3,8,-37,49,23,1
-5,22,83,49,8,10,-64,55,26,1
-23,20,89,47,13,12,-42,100,50,1
-12,24,84,43,16,18,37,-116,40,1
-12,23,88,69,49,24,32,-123,67,1
-13,21,78,100,25,59,-7,110,16,1
-15,32,83,-125,23,64,-13,115,25,1
-19,34,83,124,44,85,-35,89,33,1
-35,27,88,124,28,114,-44,71,29,1
-32,35,79,-115,14,97,-45,54,17,1
-23,31,83,-122,30,68,-63,41,12,1
-14,29,85,121,3,37,-67,55,21,1
-18,25,91,103,4,16,-11,116,25,1
-3,27,86,98,-8,11,58,105,16,1
-19,25,77,66,9,9,-20,110,43,1
-12,23,84,63,17,11,0,125,46,1
-19,18,82,53,19,18,-44,68,36,1
-12,19,86,53,13,28,-55,59,27,1
-17,14,90,108,14,51,-42,49,21,1
-20,32,85,123,6,64,-50,35,18,1
-19,28,84,-127,9,70,-59,30,22,1
-24,30,84,93,36,116,-73,54,36,1
-19,33,87,97,56,119,1,-122,41,1
-13,30,94,126,48,75,40,-56,53,1
-6,27,80,105,33,50,14,91,38,1
-14,25,78,87,23,29,0,-122,33,1
-17,25,78,84,-7,8,-46,76,46,1
-17,19,90,80,-23,7,-55,50,46,1
-17,26,90,86,3,9,-46,24,34,1
-14,21,83,87,0,30,-54,19,26,1
-5,20,82,80,6,47,-62,39,33,1
-5,21,90,86,7,56,-64,83,51,1
-4,28,93,100,10,57,35,-91,49,1
-7,29,91,89,19,6,27,-126,67,1
-11,31,76,78,60,123,0,112,56,1
-15,27,82,73,38,95,-43,72,40,1
-16,23,86,-124,32,74,-76,53,22,1
-13,28,88,117,6,65,-57,31,17,1
-23,28,84,102,22,47,-68,39,25,1
-16,25,85,92,-2,20,-44,63,21,1
-10,18,82,97,-23,8,-106,57,44,1
-9,31,106,92,23,17,-116,-56,39,1
0,22,78,84,14,36,-47,62,14,1
-16,25,82,71,21,42,20,-126,24,1
-1,22,80,85,4,51,-16,116,39,1
-11,27,85,97,7,38,-44,61,30,1
-19,25,87,83,6,26,-53,42,33,1
-16,23,87,97,54,100,-49,30,27,1
-21,34,84,91,31,92,-45,48,26,1
-13,25,87,119,28,71,-40,87,21,1
-9,26,88,115,11,62,4,124,24,1
-13,31,82,85,27,54,-36,92,21,1
-13,24,91,86,26,51,-1,115,34,1
-7,30,90,103,-20,35,24,-126,60,1
-8,21,85,91,-12,25,20,127,44,1
-6,21,82,93,-8,30,-25,98,42,1
-10,25,86,82,1,31,-66,55,29,1
-10,25,89,82,0,31,-48,38,16,1
-9,24,86,83,0,33,-49,42,17,1
-8,25,84,88,-5,44,-48,51,17,1
-1,27,86,82,6,39,-53,100,32,1
-6,27,88,90,5,33,-11,114,46,1
3,23,88,75,54,82,34,-111,58,1
-11,26,87,102,21,70,11,109,50,1
-6,29,82,105,32,75,0,119,39,1
-7,37,79,104,25,82,-37,91,37,1
-14,30,82,89,33,106,-49,58,30,1
-18,32,92,124,32,116,-49,44,22,1
-15,36,88,120,14,79,-64,39,21,1
-5,23,94,117,-37,60,-41,76,49,1
-1,25,89,86,-21,30,23,-101,59,1
1,21,84,35,19,7,28,125,49,1
-9,16,75,8,7,2,-8,83,41,1
-21,19,78,5,1,6,-35,58,35,1
-8,21,92,48,-1,10,-71,46,30,1
-3,17,94,102,-5,37,-48,67,28,1
-7,28,92,123,21,45,-16,106,17,1
-4,26,80,-116,-12,70,-5,119,33,1
-5,40,89,-124,49,85,0,114,39,1
-10,37,80,112,27,110,-6,114,41,1
-12,32,81,-120,23,75,-21,80,43,1
-10,32,85,115,38,66,-58,50,35,1
-8,31,85,104,34,59,-65,21,24,1
-15,32,88,113,16,69,-71,58,29,1
-2,30,97,97,8,49,22,123,37,1
-2,24,91,110,-21,37,43,-96,49,1
-2,22,79,86,-15,25,5,127,39,1
-8,27,77,58,8,13,-23,91,39,1
-17,23,83,39,0,14,-61,44,26,1
-12,19,91,30,1,23,-51,29,18,1
-9,17,89,66,0,33,-51,28,21,1
-5,24,83,83,13,44,-59,61,23,1
3,28,77,112,-16,50,-55,91,32,1
0,26,99,112,51,111,16,-105,39,1
-14,32,92,127,20,-109,42,-114,53,1
-10,35,79,-110,-9,95,-1,110,37,1
-8,30,80,87,46,53,-30,96,40,1
-5,28,82,78,40,51,-44,53,38,1
-23,29,89,83,17,45,-58,35,33,1
-22,24,87,111,-44,18,-59,44,32,1
-1,25,92,112,-19,8,-12,119,32,1
-1,26,82,86,5,38,0,124,44,1
-6,26,81,84,1,37,-4,91,45,1
-9,25,82,70,1,44,-41,52,36,1
-12,20,89,60,6,48,-65,28,21,1
-12,21,89,69,0,55,-60,47,19,1
-5,20,82,100,-11,44,-67,57,28,1
-8,33,107,61,63,43,110,-56,21,1
11,30,73,100,30,87,16,35,9,1
-11,28,78,85,42,93,-6,-118,24,1
1,29,81,112,37,91,23,-126,38,1
-11,32,79,110,25,68,-62,64,35,1
-23,28,95,122,6,51,-55,47,28,1
-9,29,89,114,-5,34,-50,25,25,1
-7,23,87,103,-3,21,-57,29,24,1
-4,19,85,106,-14,23,-62,71,32,1
-5,24,85,101,7,23,-39,91,36,1
0,28,92,89,17,30,8,-114,35,1
3,25,92,69,25,35,20,-106,38,1
5,24,81,48,31,49,21,117,55,1
0,25,79,79,15,57,-8,101,52,1
-5,26,81,105,1,17,-51,59,52,1
0,25,89,55,66,55,-59,35,37,1
-7,25,89,109,46,64,-55,26,24,1
-6,25,87,91,38,108,-73,35,21,1
-7,30,84,123,18,96,-72,66,29,1
-3,33,89,109,49,105,-17,104,19,1
-3,33,98,85,61,92,79,-56,68,1
1,25,80,101,5,65,-28,78,42,1
-1,26,83,116,-8,26,0,119,44,1
-3,22,84,92,-24,0,-37,92,53,1
-4,23,89,44,19,1,-46,59,40,1
-14,15,90,44,18,19,-46,52,33,1
-8,24,84,24,24,52,-43,46,23,1
-5,19,84,77,13,50,-37,69,32,1
-8,25,92,123,-8,49,-11,113,43,1
-6,25,84,100,4,35,-13,92,34,1
-6,25,81,98,57,78,-48,44,37,1
-5,34,82,85,37,119,-56,72,38,1
-5,37,91,-113,36,116,18,-121,34,1
-12,36,92,127,48,80,4,120,50,1
-2,35,80,117,21,48,-10,110,25,1
-2,36,80,93,25,12,0,122,33,1
-5,28,78,84,-6,4,-37,83,33,1
-14,22,89,91,-13,-5,-60,51,33,1
-11,30,90,79,11,11,-50,30,28,1
-6,25,85,85,2,33,-58,46,26,1
-1,23,89,89,0,43,-16,108,31,1
1,29,86,91,12,47,-3,124,45,1
-5,27,80,108,-10,60,10,108,41,1
-6,29,83,97,0,21,-21,58,38,1
2,27,82,66,60,70,-78,25,35,1
-6,27,92,80,28,52,-81,71,32,1
-3,30,84,111,30,78,-40,91,50,1
0,35,98,114,43,76,69,-56,63,1
0,36,79,89,42,70,-24,119,14,1
-6,33,80,86,48,58,-5,125,36,1
-7,30,78,97,0,39,-45,63,46,1
-12,29,95,110,0,22,-60,41,34,1
-7,23,87,114,-30,17,-56,18,34,1
2,37,84,83,23,23,-53,33,28,1
0,34,86,72,13,26,-80,71,41,1
2,29,92,76,3,38,7,111,40,1
-3,28,95,82,23,31,1,-97,44,1
-1,33,82,78,17,35,19,101,69,1
7,28,80,55,71,67,-8,123,37,1
-8,32,76,118,3,74,-40,77,42,1
-19,32,86,118,40,69,-52,40,44,1
-20,38,89,107,46,72,-51,24,37,1
-15,32,83,99,38,76,-74,34,35,1
-12,31,83,106,22,57,-44,73,32,1
-3,38,93,101,17,32,12,-77,20,1
-1,35,86,101,0,25,33,-119,61,1
-3,29,81,106,-17,24,-26,118,18,1
5,36,81,87,17,30,3,127,37,1
-8,29,77,60,23,23,-44,58,46,1
-16,17,91,58,17,37,-56,28,36,1
-18,20,89,91,-3,43,-67,19,30,1
-8,28,85,102,-8,37,-72,51,34,1
-3,32,91,115,-8,31,-17,119,29,1
1,30,88,73,40,60,-1,-114,37,1
-5,29,77,84,32,72,5,89,48,1
-6,27,75,89,24,73,-63,35,50,1
-5,30,85,100,31,67,-50,47,38,1
-6,32,95,91,40,73,-62,-114,30,1
-7,33,93,101,43,71,0,110,16,1
-15,34,81,101,15,49,-10,105,29,1
-4,30,82,98,-3,29,-3,119,35,1
-7,23,77,94,-9,19,-44,69,33,1
-11,22,89,98,-9,21,-55,34,37,1
-16,25,89,92,7,25,-56,28,28,1
-9,27,86,91,0,32,-53,64,23,1
-6,25,88,74,18,41,-35,98,21,1
0,30,87,78,20,54,-8,-111,16,1
-9,29,85,101,0,52,-7,113,46,1
-7,34,87,91,9,31,-6,109,43,1
2,27,81,70,46,54,-6,104,37,1
-2,28,81,91,29,67,-32,64,39,1
-13,25,83,85,43,80,-57,27,30,1
-14,28,89,107,38,83,-78,29,22,1
-14,29,89,96,37,80,-57,70,16,1
-9,26,114,94,21,69,-88,-56,-14,1
-6,26,77,95,5,41,-20,6,35,1
-6,28,87,98,-16,32,-8,-117,41,1
6,20,79,88,-6,20,-21,82,46,1
-8,21,87,71,10,26,-64,47,32,1
-7,16,94,74,5,32,-49,48,30,1
-7,19,89,77,3,38,-49,50,28,1
-4,20,90,87,16,41,-33,94,31,1
8,22,85,90,10,52,1,125,37,1
3,24,81,58,58,83,6,110,42,1
-11,23,82,98,53,113,-5,98,46,1
-10,18,84,106,28,86,-42,78,39,1
-8,19,88,116,15,67,-53,53,30,1
-8,15,91,83,21,64,-62,42,26,1
-7,13,89,76,16,54,-65,52,28,1
-10,19,92,98,-16,37,-30,-119,42,1
5,23,84,82,5,45,60,48,42,1
3,12,83,71,-4,38,-38,111,30,1
1,10,84,70,10,40,5,111,38,1
-2,7,89,80,0,47,-34,75,36,1
-4,7,87,94,-9,54,-38,65,32,1
-12,7,89,84,15,50,-37,44,32,1
-8,12,85,85,8,50,-60,42,25,1
0,7,87,57,64,82,-49,60,20,1
-4,14,88,75,34,91,-86,87,40,1
9,21,102,115,55,105,106,-56,73,1
-1,23,75,71,33,95,-64,85,35,1
-5,20,87,77,63,84,14,126,43,1
-5,18,81,93,18,53,-47,85,46,1
-15,19,91,94,-11,20,-60,41,36,1
-10,14,90,99,-22,22,-42,35,31,1
-4,16,89,80,-7,26,-54,38,25,1
1,15,87,71,10,33,-51,57,28,1
-1,10,85,76,-1,42,-64,65,44,1
6,12,95,75,11,54,25,-56,32,1
9,17,90,66,33,40,42,65,45,1
1,14,78,86,33,81,-9,107,34,1
0,24,82,101,23,50,4,116,43,1
-5,26,80,96,43,63,-49,66,37,1
-16,23,88,117,39,76,-49,50,27,1
-9,27,83,105,38,80,-56,39,24,1
-12,29,89,101,52,96,-56,55,21,1
-14,25,85,91,45,100,-62,63,35,1
-15,25,107,123,8,65,69,-56,44,1
-1,29,89,97,0,31,17,46,67,1
-8,17,83,80,-8,13,-11,116,30,1
-6,16,78,60,0,10,-27,82,39,1
-18,19,85,57,3,16,-53,48,30,1
-14,17,92,62,18,24,-33,55,28,1
-12,12,86,71,20,39,-38,69,35,1
-2,24,91,92,29,51,6,121,47,1
-5,29,86,92,39,43,-1,101,44,1
-7,27,77,101,57,93,-19,77,35,1
-15,33,75,-119,23,-124,-44,48,31,1
-28,27,86,124,41,91,-70,45,23,1
-14,35,85,105,32,52,-65,50,19,1
-4,32,107,116,49,42,31,-56,24,1
-12,31,87,106,1,40,-28,57,19,1
-12,23,82,100,-8,28,4,108,47,1
1,23,82,96,-12,18,-28,83,59,1
-9,24,85,72,-4,0,-44,56,36,1
-14,17,90,79,5,9,-49,53,31,1
-9,26,87,56,21,21,-58,41,29,1
1,25,83,62,22,30,-57,69,27,1
-8,20,89,90,31,55,-26,101,25,1
-11,34,88,103,30,62,9,-119,23,1
-10,31,82,-127,16,78,4,114,37,1
-23,26,83,105,51,97,-21,88,40,1
-22,28,79,91,45,77,-37,65,35,1
-12,22,83,105,35,72,-53,41,37,1
-19,25,87,105,28,58,-56,33,30,1
-22,22,86,99,17,41,-55,54,33,1
-21,26,91,110,-12,39,-71,116,56,1
2,25,83,103,-1,38,31,35,65,1
-8,20,82,74,7,31,-15,121,33,1
-4,25,83,71,19,26,5,114,40,1
-13,19,80,66,12,33,-46,58,37,1
-16,21,84,65,8,35,-51,46,33,1
-17,23,87,78,11,49,-50,35,35,1
-16,27,86,89,13,53,-58,60,26,1
-10,25,81,97,21,68,-59,69,22,1
0,40,90,91,42,-124,15,-86,21,1
-12,29,91,-125,26,-123,44,116,68,1
-17,34,82,-120,12,73,-7,110,19,1
-4,28,84,110,1,39,-7,120,30,1
-15,24,82,73,-5,15,-25,94,54,1
-19,20,86,74,-24,4,-41,49,45,1
-13,21,87,69,-11,24,-50,45,32,1
-13,25,86,48,4,26,-59,28,16,1
-12,24,85,65,-6,38,-64,39,24,1
-9,21,87,87,-3,46,-22,126,39,1
-5,31,92,103,2,55,3,-109,44,1
-7,33,86,105,7,65,28,125,48,1
-9,30,80,116,0,56,8,122,38,1
-21,30,75,101,20,40,-37,78,45,1
-17,26,82,91,25,47,-52,47,28,1
-21,27,85,92,44,87,-74,23,20,1
-22,38,78,74,48,115,-53,48,23,1
-20,32,84,101,37,107,-38,79,33,1
-16,37,95,-124,7,55,-58,114,55,1
-10,27,92,98,3,49,95,-95,80,1
-12,22,78,92,3,30,-26,103,34,1
-12,29,75,72,3,18,-18,89,32,1
-11,25,85,54,21,12,-43,51,37,1
-14,17,88,46,5,28,-54,31,39,1
-16,17,85,67,-8,45,-50,49,35,1
-8,25,89,92,-17,45,-29,92,30,1
-3,35,91,110,-17,41,3,-109,21,1
-8,30,86,94,17,39,24,127,35,1
-8,32,74,62,56,54,-4,80,32,1
-1,25,78,83,40,95,-56,55,23,1
-15,37,89,107,51,94,-67,46,20,1
-23,33,92,122,24,109,-67,55,29,1
-15,33,94,120,29,96,-2,-99,41,1
-13,33,91,99,43,64,46,122,60,1
-9,26,80,84,11,31,-23,103,58,1
-5,26,77,78,0,11,1,102,52,1
-7,25,82,60,7,10,-48,57,41,1
-9,20,87,60,11,15,-57,36,29,1
-16,12,92,77,-2,40,-58,40,21,1
-8,21,87,81,12,53,-55,53,21,1
1,24,85,75,27,61,-22,104,38,1
0,26,92,76,46,58,12,-107,44,1
-12,26,87,103,48,52,26,-119,46,1
-9,33,76,75,52,82,-23,69,51,1
-11,30,80,98,45,94,-62,51,34,1
-17,33,83,111,41,78,-70,41,22,1
-16,24,88,113,25,70,-59,58,22,1
-16,23,85,101,21,54,-46,85,33,1
-9,24,103,112,16,35,82,-64,79,1
-4,29,87,93,-10,18,-35,100,40,1
0,25,86,93,-1,19,0,125,39,1
-6,21,80,72,1,21,-38,81,44,1
-12,17,86,61,9,23,-52,42,39,1
-12,16,87,65,19,24,-49,35,30,1
-10,17,88,73,29,40,-56,40,24,1
-5,16,86,86,21,59,-67,64,31,1
-7,28,94,108,41,113,-17,105,33,1
-10,31,92,101,40,110,-7,-105,28,1
-8,31,80,99,53,92,32,103,59,1
-1,29,78,76,52,67,-2,108,45,1
-4,30,80,71,52,57,-25,93,41,1
-16,24,84,81,27,32,-49,53,33,1
-24,23,91,107,-20,19,-60,38,25,1
-14,17,88,101,-20,32,-75,44,30,1
0,30,85,76,11,39,-35,73,32,1
-15,20,96,80,19,46,16,-93,47,1
-3,26,88,79,23,48,35,114,58,1
1,30,80,75,19,41,1,108,43,1
-4,25,80,75,26,50,-12,100,39,1
-11,20,82,81,34,48,-47,53,32,1
-14,17,86,70,60,77,-59,39,27,1
-10,22,85,96,28,100,-70,47,22,1
-14,26,82,100,46,91,-31,86,20,1
-11,36,85,100,48,86,-11,114,22,1
-7,38,93,99,52,60,23,-102,37,1
-6,33,92,102,5,44,4,113,57,1
-5,29,89,108,-15,24,0,113,50,1
-7,26,81,104,-12,21,-48,53,40,1
-1,34,82,71,2,32,-50,39,32,1
-10,25,84,51,4,18,-56,37,26,1
-12,18,85,66,4,25,-45,60,20,1
-8,23,87,69,1,30,-56,80,35,1
0,29,92,60,55,33,9,-111,35,1
-3,35,87,110,28,85,60,-126,51,1
-11,35,78,97,30,84,-19,97,31,1
-11,35,76,100,42,92,-23,96,30,1
-14,33,83,107,40,99,-49,65,20,1
-22,29,88,102,42,92,-55,60,11,1
-19,33,89,-114,15,94,-55,58,12,1
-6,30,85,125,8,74,-48,80,21,1
1,24,101,112,-3,53,73,-56,35,1
0,24,82,82,0,10,-40,92,48,1
8,31,82,37,11,4,0,120,38,1
-10,27,77,19,11,10,-13,98,35,1
-16,16,84,13,25,10,-35,72,21,1
-11,13,91,58,21,7,-45,55,24,1
-7,17,87,110,10,31,-57,46,23,1
-4,25,92,-127,35,91,-39,71,28,1
-23,38,94,120,35,-116,-11,123,41,1
-7,40,81,-108,23,-100,7,121,36,1
-5,39,77,125,49,94,-3,104,30,1
-6,30,80,78,65,57,-27,77,29,1
-7,29,83,104,16,58,-55,55,24,1
-15,26,87,79,40,37,-55,53,25,1
-12,25,93,101,-20,25,-42,78,44,1
-5,28,89,116,-25,36,7,124,54,1
0,39,87,93,-5,38,13,122,58,1
1,33,83,36,32,44,19,123,43,1
0,34,75,8,62,22,-9,96,42,1
-11,24,77,48,11,23,-60,57,26,1
-15,21,83,77,14,47,-68,29,12,1
-7,25,91,114,29,62,-67,23,14,1
-8,35,87,115,46,95,-44,94,29,1
-3,41,93,110,40,-121,-12,-111,26,1
-3,32,97,116,51,116,94,-107,62,1
-4,33,79,109,27,76,-25,94,34,1
7,33,82,70,66,62,-6,118,17,1
1,29,82,99,4,24,-31,100,37,1
-15,22,88,101,-27,1,-12,67,45,1
-7,22,83,108,-41,8,-46,49,38,1
4,30,83,67,7,13,-51,42,15,1
-6,18,89,62,11,25,-48,79,19,1
1,19,93,55,17,42,-28,113,48,1
8,27,93,67,41,48,54,-125,53,1
7,33,78,89,16,71,-1,98,27,1
0,33,82,100,35,75,-3,111,16,1
-6,32,84,111,16,90,-40,87,30,1
-12,30,89,112,41,85,-44,60,27,1
-16,26,87,98,50,87,-44,50,34,1
-2,26,85,96,33,89,-39,69,16,1
0,26,89,105,24,68,-46,85,28,1
0,25,92,109,2,56,1,-120,55,1
-8,18,85,97,-15,24,16,126,58,1
-9,21,84,100,-28,19,-12,105,37,1
6,35,75,64,8,27,-20,85,33,1
-3,21,88,34,41,32,-40,72,33,1
-7,17,90,26,39,52,-35,67,28,1
-17,22,87,64,25,47,-49,53,18,1
-8,20,84,87,18,31,-43,50,11,1
-1,24,80,-117,-10,69,-70,43,21,1
-14,25,86,113,46,80,-61,73,39,1
20,41,104,90,66,-118,-56,-56,89,1
-13,29,75,117,21,103,-115,112,21,1
0,37,79,85,62,69,5,108,17,1
-1,33,81,83,44,48,-61,85,23,1
-14,26,92,98,19,28,-47,57,28,1
-10,21,92,106,-16,19,-34,76,37,1
-5,24,82,103,-17,15,-14,92,41,1
0,32,83,83,5,25,-27,76,38,1
-4,30,81,62,7,29,-40,47,32,1
-4,22,82,44,18,47,-82,20,17,1
3,21,86,71,2,50,-69,66,23,1
-3,29,100,103,0,49,1,-56,55,1
-1,32,83,103,15,41,10,45,28,1
-1,30,81,74,56,61,-37,110,26,1
0,34,81,83,40,100,-9,103,23,1
-16,33,84,107,34,101,-43,81,24,1
-17,27,87,105,31,77,-37,67,30,1
-8,26,82,114,18,58,-56,34,28,1
-6,25,81,75,24,46,-73,28,25,1
-12,21,91,100,-20,16,-67,78,29,1
-7,23,97,127,-45,14,37,-89,41,1
3,33,84,81,17,30,29,87,57,1
-2,25,82,58,29,38,-6,115,32,1
-5,22,81,48,34,42,-2,108,33,1
-12,18,82,83,0,50,-40,79,29,1
-11,28,84,95,-5,23,-50,54,23,1
-13,22,90,104,35,72,-65,30,24,1
-14,26,85,83,35,99,-67,41,26,1
-14,24,83,91,31,112,-57,99,20,1
-1,31,106,104,65,94,111,-56,6,1
-6,26,73,91,30,74,6,69,3,1
-15,32,89,75,48,56,-12,-125,29,1
-5,20,84,91,-14,26,0,108,41,1
-16,14,87,101,-47,10,-38,66,34,1
-8,20,87,74,8,15,-46,50,32,1
-9,27,85,60,20,26,-50,51,24,1
-4,20,89,48,42,42,-43,56,17,1
-7,9,87,76,16,60,-57,75,33,1
0,25,94,101,14,61,-15,-126,52,1
0,33,85,91,64,90,21,107,69,1
-10,33,80,98,43,114,-20,107,23,1
-16,28,80,94,51,92,-17,103,26,1
-12,27,80,90,46,55,-37,73,25,1
-21,31,87,108,12,46,-58,50,23,1
-12,19,88,68,39,37,-67,50,31,1
-10,17,87,104,-4,30,-53,64,37,1
-8,19,93,106,-17,34,0,126,44,1
4,25,89,87,11,44,39,104,30,1
-11,23,87,85,14,39,-29,113,13,1
-10,20,84,63,21,42,-19,99,33,1
-6,12,83,69,11,48,-37,69,35,1
-16,11,86,91,7,39,-47,46,37,1
-12,17,86,74,37,62,-67,39,39,1
-14,28,84,100,31,98,-50,75,31,1
-14,29,91,92,37,87,-29,116,26,1
-7,30,87,96,41,74,19,125,41,1
0,27,83,65,41,71,0,114,32,1
-1,27,83,57,58,84,-24,101,35,1
-10,23,84,83,21,85,-43,67,39,1
-17,22,96,123,-25,39,-55,40,39,1
-7,24,92,101,-28,27,-55,38,39,1
2,24,81,47,13,13,-47,60,38,1
1,25,83,44,30,37,-43,72,40,1
0,14,97,68,16,50,67,-57,39,1
-3,19,83,83,21,55,-12,94,40,1
-8,25,82,69,54,59,-35,76,40,1
-10,23,82,92,27,90,-55,59,37,1
-21,20,92,87,51,87,-54,43,34,1
-17,26,92,110,32,83,-54,88,33,1
-15,32,90,96,46,78,26,-119,33,1
-15,26,84,85,58,79,-8,103,34,1
-14,30,77,57,53,75,-3,102,32,1
-10,23,78,72,46,64,-30,83,36,1
-27,14,89,86,6,41,-48,55,36,1
-20,22,85,103,-25,41,-55,39,33,1
-21,18,88,82,14,23,-62,46,33,1
-8,23,89,50,27,32,-33,93,37,1
-6,19,92,55,21,43,8,-91,26,1
-6,17,86,63,31,42,38,116,44,1
-14,22,80,64,58,33,-21,100,27,1
-12,23,81,94,41,78,-32,79,32,1
-22,27,82,98,39,73,-46,51,31,1
-18,26,83,-126,22,98,-65,36,30,1
-13,30,92,125,31,94,-67,85,33,1
-23,30,96,101,51,85,51,-98,53,1
-8,28,83,78,55,59,-11,99,55,1
-12,25,81,99,25,26,-10,94,47,1
-4,32,77,93,-9,29,-42,55,39,1
-8,19,89,62,32,8,-50,44,25,1
-15,17,87,57,16,5,-56,40,21,1
-11,17,89,87,13,32,-30,98,21,1
-8,25,90,85,25,33,14,-115,37,1
-1,30,84,81,49,47,-9,109,52,1
-3,25,81,79,108,-117,5,104,41,1
-16,25,83,104,24,73,-47,56,44,1
-9,27,86,105,52,62,-64,30,34,1
-5,26,88,105,31,56,-70,47,36,1
-5,25,92,86,48,62,-26,101,31,1
0,35,88,69,68,82,15,-109,32,1
-3,28,87,95,50,70,-2,108,48,1
0,21,82,81,14,35,-18,89,48,1
-2,19,84,91,-20,20,-40,47,50,1
-4,24,84,79,10,17,-55,34,38,1
-2,25,90,67,26,13,-61,50,29,1
0,30,91,58,39,34,-46,74,33,1
1,25,96,89,25,73,8,-126,29,1
1,29,90,65,58,46,24,-119,57,1
-1,33,81,109,53,92,3,112,42,1
-13,32,75,96,40,91,-20,91,39,1
-20,28,79,104,46,70,-51,49,38,1
-12,25,88,100,32,50,-76,35,21,1
-10,28,87,65,50,53,-62,44,25,1
-21,29,88,62,64,68,-15,102,39,1
-15,31,92,76,41,55,-3,-112,48,1
-15,30,85,95,13,27,0,114,44,1
-6,25,76,89,5,42,-21,97,30,1
-17,25,80,80,12,33,-47,60,25,1
-18,24,87,91,23,37,-62,41,30,1
-21,25,90,77,39,35,-53,66,28,1
-6,28,87,43,57,50,-16,96,29,1
-13,26,83,92,45,74,-22,107,37,1
-13,33,80,96,26,71,20,121,49,1
-16,36,83,103,50,61,-9,126,39,1
-20,33,83,98,54,52,-8,124,30,1
-19,32,76,89,53,67,-27,85,41,1
-23,32,77,112,39,123,-54,50,41,1
-24,35,92,-122,26,98,-48,37,32,1
-17,28,87,106,3,48,-50,39,32,1
-10,24,86,96,6,17,-51,44,35,1
-4,24,81,54,0,10,-65,56,40,1
-9,26,89,34,-9,9,-6,126,32,1
-9,30,91,33,4,3,23,-109,44,1
-6,24,85,37,25,10,46,108,75,1
-3,17,80,82,26,34,-21,108,26,1
-4,26,80,125,14,52,-13,109,31,1
-13,45,76,-107,-15,68,-35,74,42,1
-26,35,83,-124,25,73,-54,48,37,1
-22,37,86,115,37,-125,-61,38,31,1
-15,35,88,125,41,95,-56,62,27,1
-5,33,87,122,26,85,-32,94,31,1
-10,30,89,124,18,83,-17,126,36,1
-2,27,87,92,30,47,21,111,50,1
-8,25,83,89,-5,14,-11,108,48,1
-9,24,79,61,-12,5,-24,83,53,1
-15,26,84,42,-4,-3,-40,51,50,1
-17,24,89,35,7,10,-56,39,37,1
-14,26,82,33,25,25,-56,41,25,1
-5,22,84,69,25,51,-58,69,30,1
-8,25,90,-123,2,73,-9,99,31,1
-14,38,91,-117,20,65,0,-108,39,1
-7,40,86,125,44,-121,9,123,51,1
-15,41,80,108,42,93,-6,116,42,1
-4,32,77,115,39,76,-31,88,47,1
-7,35,83,99,27,68,-60,59,51,1
-16,29,88,112,17,59,-48,24,42,1
-12,32,91,106,12,14,-59,43,29,1
-8,33,84,99,-19,19,-57,56,38,1
-5,22,86,88,6,7,-31,80,28,1
-5,33,90,67,22,25,-24,-111,27,1
-12,27,89,67,22,30,44,-127,56,1
-13,25,82,62,25,45,-1,110,46,1
-7,23,76,81,13,57,-24,91,39,1
-13,25,88,104,4,49,-56,45,39,1
-8,24,89,87,35,86,-75,28,23,1
-23,28,87,113,44,101,-65,35,24,1
-21,32,80,108,34,110,-27,99,40,1
-10,33,97,112,36,76,13,-97,55,1
-12,29,86,106,21,59,2,-125,24,1
-7,30,77,97,6,25,6,121,25,1
-12,25,76,78,-13,16,-28,89,36,1
-12,19,88,78,-7,5,-56,49,36,1
-11,21,89,62,9,24,-68,30,22,1
-15,23,88,68,8,33,-57,37,24,1
-3,25,85,81,-1,55,-24,69,31,1
-5,29,91,95,2,63,-13,-125,39,1
-9,36,94,82,33,45,41,-122,63,1
-10,32,83,100,25,49,8,104,34,1
-12,31,78,74,53,110,3,125,21,1
-19,30,80,104,38,92,-8,103,37,1
-21,32,80,84,51,64,-44,61,38,1
-18,25,87,102,23,60,-58,37,30,1
-16,25,86,100,13,50,-53,38,19,1
-15,35,84,85,8,34,-37,62,16,1
-12,26,84,121,-26,33,-46,105,26,1
-7,25,91,112,-8,36,37,-96,55,1
3,35,86,89,9,41,48,-121,54,1
-14,27,86,62,24,43,-16,120,29,1
-10,23,78,59,10,47,-20,94,33,1