27,15,34,27,15,34,0,3,0,2
28,12,0,28,12,0,3,12,0,2
50,22,20,50,22,20,50,12,7,2
50,28,26,50,28,26,50,28,1,2
32,28,6,31,25,6,6,25,6,2
25,25,3,25,25,3,0,25,3,2
53,25,17,53,25,17,50,25,4,2
37,12,12,37,12,12,25,12,12,2
25,50,6,25,50,6,0,50,0,2
3,50,2,3,50,2,14,50,7,2
28,12,12,28,12,12,28,12,12,2
18,53,0,18,53,0,0,3,0,2
125,30,16,125,30,16,125,25,12,2
126,71,22,126,71,22,100,62,25,2
-117,50,31,-117,50,31,-118,25,25,2
-124,75,16,-124,75,16,100,75,3,2
106,29,8,106,29,8,106,0,1,2
100,25,3,100,25,3,100,25,0,2
28,76,0,28,76,0,3,76,0,2
-61,57,0,-61,57,0,-87,62,0,2
9,7,7,9,7,7,6,7,0,2
30,66,3,30,66,3,27,63,0,2
29,50,9,29,50,9,25,50,0,2
110,65,0,110,65,0,110,50,0,2
100,75,20,100,75,20,100,75,20,2
125,92,0,125,92,0,125,75,0,2
100,1,25,-118,75,26,112,75,25,2
44,12,23,44,12,23,12,0,0,2
100,12,6,100,12,6,100,12,0,2
125,1,18,125,1,18,100,0,0,2
100,3,13,100,3,13,100,3,0,2
109,60,9,103,57,7,100,56,6,2
34,68,16,34,68,16,3,62,3,2
7,64,0,7,64,0,7,51,0,2
26,57,14,26,57,14,1,50,0,2
3,12,7,3,13,12,3,0,0,2
6,1,7,6,1,7,1,50,0,2
3,2,0,3,2,0,3,2,0,2
9,51,15,9,51,15,3,50,0,2
-124,12,12,-124,12,12,106,12,0,2
103,26,1,103,26,1,103,26,0,2
-123,0,7,-123,0,7,108,75,0,2
-127,78,1,-127,78,1,100,75,0,2
100,16,13,109,0,12,103,0,12,2
-124,0,12,-124,0,12,107,6,0,2
-121,0,2,-121,0,2,103,0,1,2
-124,69,0,-124,69,0,100,57,0,2
101,0,12,101,0,12,100,0,0,2
106,57,2,106,63,14,100,50,0,2
28,59,15,28,59,15,3,59,0,2
3,64,0,3,64,0,3,50,0,2
34,62,0,34,62,0,0,50,0,2
4,12,0,4,12,0,0,0,0,2
0,0,19,0,0,19,3,9,0,2
0,25,0,0,18,1,0,6,1,2
31,25,19,31,50,0,6,50,0,2
125,12,12,125,12,12,100,0,12,2
126,6,18,126,6,18,100,0,12,2
114,9,19,114,9,19,102,0,19,2
102,0,19,102,0,19,102,0,0,2
101,75,12,110,75,9,112,51,7,2
-123,1,15,-123,1,15,100,0,0,2
-124,60,6,-124,60,6,100,59,0,2
125,59,21,125,59,21,103,56,0,2
103,75,20,103,75,20,103,75,0,2
31,57,20,31,70,15,6,57,0,2
0,56,0,0,56,0,0,56,0,2
0,73,0,0,73,0,0,62,0,2
28,0,25,28,0,25,0,0,0,2
4,1,23,4,1,23,1,1,1,2
40,12,28,39,17,25,14,50,25,2
37,0,34,37,0,34,0,0,9,2
34,50,14,34,53,18,3,53,18,2
-123,6,1,-124,25,3,106,25,3,2
-127,1,25,-127,1,25,103,0,25,2
114,4,25,114,4,25,101,4,25,2
39,0,26,38,1,25,13,0,0,2
125,0,26,125,0,25,100,0,0,2
125,3,25,125,3,25,100,3,25,2
33,79,14,33,79,14,0,75,0,2
104,68,0,104,68,0,100,62,0,2
104,75,23,104,75,23,101,75,21,2
112,50,0,101,50,0,100,50,0,2
25,64,0,25,64,0,0,51,0,2
0,71,0,0,71,0,0,59,0,2
0,68,26,0,68,26,0,62,25,2
15,66,0,15,66,0,15,54,0,2
21,64,34,21,64,34,6,64,9,2
25,3,4,25,3,4,0,3,3,2
12,8,1,7,25,3,0,25,3,2
36,1,3,36,1,3,9,0,0,2
102,15,0,102,15,0,100,12,0,2
126,0,10,126,3,10,101,0,0,2
113,81,25,113,81,25,100,75,0,2
103,6,6,106,6,34,100,0,6,2
102,7,1,102,7,1,102,0,0,2
126,51,26,126,51,26,101,51,26,2
-127,50,0,-127,50,0,100,50,0,2
125,56,0,125,56,0,100,56,0,2
-123,50,0,-123,50,0,107,50,0,2
112,64,0,112,64,0,112,62,0,2
41,68,28,41,68,28,12,62,25,2
12,62,25,12,62,25,12,50,25,2
39,59,26,39,59,26,12,59,1,2
19,53,27,19,53,27,0,56,25,2
0,3,25,0,3,25,0,0,25,2
0,0,33,0,0,33,0,0,8,2
27,2,6,27,2,6,1,0,6,2
106,28,25,106,28,25,100,25,0,2
104,26,22,104,26,22,104,26,21,2
-110,75,26,-110,75,26,112,75,0,2
112,25,0,101,75,5,100,75,0,2
103,68,25,103,68,25,103,56,25,2
112,75,26,112,75,26,112,75,26,2
113,75,25,113,75,25,100,75,25,2
112,75,1,112,75,1,112,75,1,2
107,56,18,-124,19,3,106,7,0,2
125,50,22,125,50,22,100,50,0,2
100,75,0,100,75,0,100,75,0,2
36,70,3,36,70,3,1,65,0,2
0,50,2,13,50,4,12,50,0,2
3,62,3,3,72,25,0,59,25,2
37,68,0,37,68,0,12,62,0,2
9,5,26,11,3,25,3,0,25,2
19,6,25,19,6,25,12,0,25,2
27,12,0,27,12,0,1,12,0,2
18,56,0,18,56,0,100,12,3,2
-124,3,12,-124,3,12,106,0,12,2
112,75,25,112,75,25,100,75,0,2
113,10,25,113,10,25,103,0,6,2
38,10,0,38,10,0,12,9,0,2
106,0,31,106,0,31,107,0,25,2
103,6,28,103,6,28,103,0,25,2
112,76,0,112,76,0,112,75,0,2
110,70,0,110,70,0,110,56,0,2
101,71,25,101,71,25,100,62,25,2
100,75,0,100,75,0,100,75,23,2
100,60,1,100,60,1,100,59,0,2
110,25,13,109,25,13,100,25,0,2
34,59,0,34,59,0,9,59,0,2
12,69,25,12,69,25,12,62,0,2
26,68,25,26,68,25,0,62,0,2
-68,0,25,-62,0,26,-87,0,26,2
-62,60,31,0,62,0,0,62,0,2
31,4,25,31,4,25,0,3,0,2
125,25,6,-126,0,0,103,0,0,2
109,39,12,109,39,12,106,25,12,2
-116,0,22,-116,0,22,101,0,21,2
100,52,16,100,52,16,100,13,0,2
37,15,28,37,15,28,12,1,3,2
113,62,5,113,62,5,113,62,0,2
112,1,25,112,1,25,100,1,0,2
-118,59,25,-118,59,25,112,59,25,2
-123,75,4,-123,75,4,109,75,0,2
127,73,2,127,73,2,101,50,1,2
36,65,0,36,65,0,10,53,0,2
37,59,28,37,59,28,0,56,25,2
40,53,29,40,53,29,15,50,25,2
25,62,5,25,62,5,3,62,3,2
25,66,6,25,66,6,0,53,6,2
15,3,40,15,3,40,1,3,15,2
37,54,1,37,54,1,0,50,0,2
25,16,26,25,16,26,0,0,25,2
114,1,1,114,1,1,100,1,0,2
125,31,25,125,31,25,100,25,0,2
-114,76,3,112,1,28,112,1,0,2
-127,21,0,-127,21,0,100,12,0,2
100,14,0,106,14,4,100,1,3,2
101,7,26,101,7,26,100,6,25,2
112,69,25,112,69,25,100,56,25,2
109,65,22,125,53,25,100,53,0,2
-118,50,19,-118,50,19,112,50,19,2
-127,75,0,-127,75,0,100,75,0,2
106,71,26,106,71,26,106,59,25,2
6,55,25,6,55,25,6,55,0,2
14,75,6,13,75,0,12,75,0,2
31,0,28,31,0,28,6,0,3,2
12,0,7,12,0,7,0,0,7,2
6,17,0,6,17,0,0,12,0,2
6,19,1,6,19,1,6,6,0,2
35,56,21,35,56,21,25,62,4,2
100,12,25,100,12,25,100,0,25,2
125,0,28,125,0,28,100,14,3,2
100,0,25,100,0,25,100,0,25,2
112,12,26,112,12,26,112,12,0,2
103,0,0,103,0,0,100,62,0,2
100,68,25,100,68,25,100,62,25,2
107,65,25,108,66,7,101,53,0,2
112,71,0,112,71,0,112,62,0,2
109,50,3,109,50,3,100,50,0,2
103,56,0,103,56,0,100,56,1,2
36,56,6,36,56,6,11,56,0,2
33,54,4,31,55,5,6,55,0,2
12,56,6,12,56,6,12,50,6,2
35,50,26,35,50,26,10,50,0,2
6,61,25,6,60,34,6,60,9,2
26,0,28,26,0,28,1,0,25,2
12,64,25,31,53,26,0,53,25,2
3,0,1,3,0,1,3,0,1,2
100,25,31,100,25,31,100,25,6,2
100,1,25,100,1,25,100,0,0,2
108,4,28,108,4,28,100,3,3,2
106,0,28,106,0,28,103,4,0,2
103,0,6,103,0,6,103,0,6,2
103,62,15,103,62,15,107,53,1,2
100,0,0,100,0,0,100,0,0,2
107,57,26,107,57,26,100,50,1,2
109,50,3,109,50,3,106,50,0,2
-124,57,25,-124,57,25,106,56,25,2
106,62,28,106,62,25,100,50,0,2
106,51,3,106,51,3,106,51,3,2
26,62,1,26,62,1,0,50,0,2
33,63,1,33,63,1,0,50,0,2
1,54,0,1,54,0,0,54,0,2
1,13,6,6,17,31,0,4,6,2
25,1,31,25,1,31,0,1,6,2
31,0,28,31,0,28,6,0,0,2
100,12,3,100,14,3,100,12,3,2
104,25,28,104,25,28,101,25,3,2
103,12,25,103,12,25,100,12,1,2
106,18,30,107,15,28,106,12,0,2
100,14,0,100,14,0,100,14,0,2
103,11,31,103,11,31,100,9,6,2
103,1,0,103,1,0,103,1,0,2
107,1,31,107,1,31,100,0,1,2
103,62,3,103,62,3,100,50,3,2
109,53,3,109,53,3,109,50,3,2
109,53,25,109,53,25,100,50,0,2
106,71,0,106,71,0,100,59,0,2
108,68,0,108,68,0,110,50,0,2
100,54,1,100,54,1,100,50,0,2
32,55,1,32,55,1,0,51,0,2
37,62,2,37,62,2,0,50,0,2
0,62,0,0,62,0,0,62,0,2
-68,0,2,-68,0,2,-100,0,2,2
12,0,28,12,0,28,12,0,3,2
0,13,26,0,0,0,0,0,0,2
5,9,0,5,9,0,5,0,0,2
101,0,8,101,0,8,100,0,6,2
125,30,25,125,26,25,100,25,0,2
125,0,27,125,0,27,100,0,2,2
104,16,12,104,16,12,104,12,12,2
112,0,31,112,0,31,100,0,7,2
102,5,8,101,0,3,101,0,3,2
111,68,25,111,68,25,111,62,0,2
112,59,0,112,59,0,100,59,0,2
126,75,7,126,75,7,101,75,0,2
125,50,31,125,50,31,100,50,6,2
109,62,5,106,68,3,107,56,0,2
106,71,25,106,71,25,106,56,25,2
25,70,1,25,70,1,0,62,1,2
13,54,6,13,54,6,0,53,6,2
31,68,25,31,68,25,6,56,0,2
3,57,27,0,62,27,0,50,1,2
15,50,28,15,50,28,3,50,3,2
0,2,6,0,2,6,0,0,6,2
42,0,0,42,0,0,12,0,0,2
40,6,7,40,6,7,0,6,7,2
103,1,4,103,14,4,103,12,5,2
106,26,1,106,26,1,106,25,0,2
115,0,26,115,0,26,100,0,26,2
106,0,2,107,0,1,101,0,1,2
44,0,25,44,0,25,7,0,0,2
38,23,2,38,23,2,13,12,0,2
113,4,0,113,4,0,101,3,0,2
108,69,25,108,69,25,100,62,0,2
112,69,0,112,69,0,100,56,0,2
125,75,3,125,75,3,100,75,0,2
102,60,28,102,60,28,100,59,25,2
113,67,0,113,67,0,100,51,0,2
115,60,1,115,60,1,112,50,5,2
103,56,3,103,56,3,100,50,0,2
14,56,0,14,56,0,0,50,0,2
37,71,4,37,71,4,0,64,3,2
0,12,1,0,12,1,0,12,1,2
25,4,28,25,4,28,14,0,1,2
35,50,25,35,50,25,6,50,0,2
6,10,3,25,26,4,0,25,3,2
-120,14,0,-120,14,0,109,12,0,2
-121,27,20,-121,27,20,109,27,20,2
101,81,1,100,82,1,100,75,1,2
112,0,1,112,0,1,112,0,1,2
35,23,0,30,18,0,0,12,0,2
112,14,19,112,14,19,100,3,20,2
100,1,24,100,1,24,100,0,2,2
107,71,1,107,71,1,101,59,1,2
106,76,3,106,76,3,100,76,0,2
110,61,2,109,56,1,103,50,0,2
112,50,18,112,50,18,100,50,18,2
100,69,1,100,69,1,100,62,1,2
100,62,25,100,62,25,100,62,0,2
25,65,13,25,65,13,0,62,13,2
0,53,10,0,62,13,3,50,12,2
29,69,4,29,69,4,4,56,3,2
6,0,0,6,0,0,0,0,0,2
37,12,28,37,12,28,12,0,3,2
25,3,25,25,3,25,0,0,0,2
25,0,29,25,0,29,6,0,2,2
110,25,25,110,25,25,107,25,0,2
102,28,26,116,26,26,103,25,1,2
-123,0,16,-123,0,16,106,0,12,2
127,0,3,127,0,3,102,0,0,2
40,0,25,40,0,25,15,0,0,2
115,67,0,115,67,0,103,62,0,2
100,3,28,100,0,25,100,0,0,2
108,0,0,108,0,0,100,0,0,2
105,53,1,105,53,1,103,53,0,2
106,66,25,106,66,25,106,53,25,2
112,75,1,112,75,1,101,75,0,2
101,55,3,101,55,3,100,50,3,2
37,62,0,37,62,0,12,50,0,2
15,72,0,15,72,0,12,63,0,2
38,62,25,38,62,25,12,62,0,2
31,75,0,31,75,0,6,75,0,2
38,1,27,38,1,27,12,13,1,2
4,12,29,4,12,29,3,12,3,2
0,25,31,12,25,32,12,25,7,2
103,0,25,103,0,25,103,0,0,2
104,25,31,112,25,32,112,25,0,2
116,3,28,116,3,28,112,0,0,2
-112,76,0,-112,76,0,106,76,0,2
125,0,25,106,10,32,100,0,6,2
100,0,0,100,0,0,100,0,0,2
116,51,25,116,51,25,100,51,25,2
112,75,1,112,78,6,112,75,6,2
112,77,6,112,77,6,100,75,6,2
108,76,0,101,83,0,101,76,0,2
105,56,3,105,56,3,100,50,0,2
39,64,2,39,64,2,0,62,1,2
31,71,0,31,71,0,0,63,0,2
12,58,0,12,58,0,12,50,0,2
2,62,6,2,62,6,0,63,6,2
31,59,0,31,59,0,0,50,0,2
3,0,0,3,6,4,3,0,0,2
16,3,0,16,3,0,3,0,0,2
13,25,26,13,25,26,12,25,1,2
37,6,28,37,6,28,0,6,3,2
100,25,0,100,25,0,100,25,0,2
113,25,3,113,25,3,101,25,15,2
100,0,1,100,0,1,100,0,0,2
37,0,28,43,0,29,12,0,0,2
100,17,29,100,17,29,100,14,0,2
115,56,31,115,56,31,103,50,6,2
114,62,25,114,62,25,112,50,1,2
125,77,0,125,77,0,100,76,0,2
112,66,25,112,66,25,100,53,0,2
100,75,28,100,75,28,100,76,1,2
100,57,0,100,57,0,100,50,0,2
38,68,3,38,68,3,0,53,3,2
35,73,0,35,73,0,9,62,1,2
25,64,0,15,63,0,0,50,0,2
0,50,26,0,50,26,0,50,0,2
0,57,0,0,57,0,0,57,0,2
0,14,25,0,14,25,0,1,0,2
30,14,31,30,14,31,0,1,6,2
49,0,0,49,0,0,3,0,12,2
25,50,30,25,51,30,0,51,2,2
111,28,25,111,28,25,105,28,0,2
125,3,1,125,3,1,100,3,1,2
-122,3,25,-122,0,25,106,0,0,2
100,0,3,100,0,3,100,0,0,2
101,12,5,101,12,5,100,12,2,2
101,16,32,39,15,32,0,3,6,2
112,69,26,112,69,26,100,56,0,2
112,68,0,112,68,0,100,56,0,2
113,61,0,113,61,0,105,76,0,2
-118,69,0,-118,69,0,100,56,0,2
-118,51,26,-127,53,6,100,53,6,2
112,71,0,112,71,0,106,56,3,2
26,53,0,26,53,0,0,53,0,2
37,68,3,37,68,3,0,56,0,2
25,62,26,25,62,26,0,50,0,2
12,68,13,12,68,13,0,0,18,2
37,12,28,37,12,28,0,0,0,2
36,50,30,36,50,30,9,50,2,2
101,12,0,102,14,0,100,12,0,2
-109,0,26,-109,0,26,109,0,0,2
100,32,25,100,32,25,103,7,3,2
100,6,12,100,7,12,100,6,12,2
100,25,0,100,25,0,100,25,0,2
100,6,0,100,6,0,100,0,0,2
101,3,25,101,3,25,101,3,0,2
109,0,10,109,0,10,109,0,9,2
100,75,25,100,75,25,100,75,0,2
100,78,28,100,75,25,100,75,1,2
103,75,25,103,75,25,100,75,0,2
106,25,0,106,25,0,100,25,0,2
100,56,0,100,56,0,100,75,1,2
25,57,3,25,57,3,0,57,0,2
6,53,0,6,53,0,6,53,0,2
10,62,0,10,62,0,6,50,0,2
12,57,25,12,57,25,0,57,0,2
40,62,0,40,62,0,2,50,0,2
6,15,25,6,15,25,6,3,0,2
37,58,26,37,58,26,0,6,0,2
9,12,3,9,12,3,6,0,3,2
25,0,40,39,6,40,12,0,12,2
126,0,0,-122,0,0,106,0,0,2
125,25,3,125,25,3,100,25,3,2
-117,25,25,-117,25,25,100,25,0,2
112,66,25,112,63,25,100,50,0,2
38,12,31,100,15,25,100,12,0,2
39,0,31,39,0,31,0,0,6,2
100,6,0,100,6,0,100,6,0,2
107,75,1,107,75,1,106,75,0,2
100,50,0,100,50,0,100,50,0,2
105,69,19,125,62,23,100,53,0,2
-124,50,4,-124,50,4,106,50,4,2
103,56,0,103,56,0,103,56,0,2
100,68,7,100,68,7,100,56,7,2
12,51,7,12,51,7,0,51,7,2
28,50,2,28,50,2,0,56,0,2
28,63,32,28,63,32,3,50,7,2
26,72,8,26,72,8,1,60,7,2
6,54,36,6,54,36,0,54,9,2
39,9,0,39,9,0,1,0,0,2
26,60,31,32,50,32,100,50,0,2
125,25,1,125,25,1,100,25,1,2
101,0,25,101,0,25,100,0,0,2
126,56,30,127,56,30,100,56,1,2
41,16,26,41,16,26,12,12,1,2
36,1,2,36,1,2,0,1,0,2
100,1,31,102,2,25,101,0,0,2
100,70,25,100,67,26,100,54,1,2
103,57,0,103,57,0,100,57,0,2
108,65,31,108,65,31,107,53,0,2
110,50,0,110,50,0,103,50,0,2
116,50,4,116,50,4,103,50,3,2
103,60,0,104,63,0,100,50,0,2
37,71,6,37,71,6,0,62,6,2
1,56,0,1,56,0,1,56,0,2
44,64,35,44,64,35,12,62,6,2
14,0,29,14,0,29,14,0,1,2
26,16,25,26,16,25,6,0,3,2
15,12,16,15,12,16,3,0,12,2
28,18,34,28,18,34,3,12,6,2
100,50,25,100,50,25,100,50,0,2
-127,0,2,-127,0,2,100,0,1,2
125,25,25,125,25,25,100,25,0,2
105,20,0,105,20,0,102,14,0,2
42,14,6,42,14,6,14,14,0,2
100,6,7,100,6,7,100,0,7,2
100,72,31,100,72,31,100,59,6,2
102,10,25,102,10,25,112,0,0,2
113,70,1,113,72,0,113,62,0,2
108,56,3,109,51,0,106,51,0,2
107,71,3,107,71,3,107,59,3,2
104,64,0,104,64,0,103,51,0,2
100,50,0,100,50,0,14,50,0,2
29,67,0,29,67,0,0,62,0,2
3,50,25,0,60,25,0,50,0,2
28,72,0,28,72,0,0,62,0,2
31,12,0,31,12,0,6,12,0,2
31,15,37,31,15,37,0,3,12,2
25,13,31,25,13,31,0,12,6,2
28,28,28,28,28,28,0,50,0,2
116,6,0,116,6,0,100,0,0,2
109,26,25,109,26,25,103,25,0,2
114,15,0,114,15,0,114,12,0,2
100,9,25,100,9,25,100,9,0,2
37,15,4,37,15,4,100,12,0,2
112,1,0,112,1,0,112,1,0,2
125,0,28,126,75,26,100,75,0,2
-127,57,25,125,57,25,100,57,0,2
114,69,0,114,69,0,100,56,0,2
106,59,0,106,59,0,106,59,0,2
107,59,0,107,56,0,107,50,0,2
37,69,4,38,68,0,0,56,0,2
25,56,28,25,56,28,0,50,0,2
1,56,0,1,56,0,1,50,0,2
44,65,0,44,65,0,12,62,0,2
25,1,35,25,1,35,0,0,4,2
28,58,25,28,58,25,0,50,6,2
28,4,25,28,4,25,0,4,0,2
-121,7,33,-121,7,33,100,0,2,2
126,27,25,126,27,25,101,25,0,2
115,3,29,115,3,29,112,0,0,2
112,8,25,112,8,25,100,0,0,2
42,3,29,42,3,29,17,3,1,2
112,7,0,103,6,7,103,0,1,2
115,68,27,115,68,27,100,62,0,2
113,76,25,113,76,25,100,76,0,2
114,67,0,111,67,0,109,54,0,2
100,75,6,100,75,6,100,75,6,2
37,64,1,37,60,1,0,60,0,2
39,67,0,39,67,0,12,64,0,2
14,71,1,14,71,1,1,62,1,2
15,75,25,15,75,25,2,75,0,2
0,0,3,0,0,3,3,0,3,2
0,0,8,0,0,8,0,25,0,2
25,16,0,25,16,0,0,12,0,2
39,12,32,39,3,32,1,0,0,2
39,28,25,39,28,25,0,25,0,2
116,3,26,116,3,26,100,0,0,2
112,0,26,112,0,26,100,0,0,2
102,6,6,102,6,6,100,0,0,2
100,6,25,100,6,7,100,0,1,2
100,0,0,100,0,0,100,0,0,2
112,72,26,113,72,31,113,62,0,2
115,60,33,115,60,33,103,51,0,2
115,63,7,115,63,7,103,63,1,2
102,58,1,103,58,0,103,50,0,2
100,69,3,100,69,3,100,63,3,2
37,57,4,37,57,4,0,50,3,2
28,68,28,28,68,28,0,62,3,2
12,61,0,12,61,0,0,50,0,2
17,69,28,17,69,28,4,62,1,2
0,0,25,0,0,25,0,0,0,2
43,22,1,37,13,6,12,12,0,2
12,6,25,12,6,25,12,0,0,2
100,25,30,100,25,30,100,25,3,2
101,3,29,101,3,29,101,0,1,2
116,15,3,116,15,3,113,15,3,2
100,15,0,103,13,8,103,12,0,2
100,12,25,100,12,25,100,12,0,2
117,56,0,117,56,0,103,50,0,2
112,66,31,112,66,31,100,63,0,2
114,66,32,114,66,32,114,63,0,2
112,64,7,112,69,7,100,56,1,2
100,56,7,100,56,7,100,50,0,2
101,64,1,101,64,1,100,52,1,2
33,53,6,33,53,6,7,50,0,2
32,59,6,32,59,6,6,50,0,2
30,56,0,31,60,27,0,51,0,2
42,75,10,42,75,10,3,75,3,2
26,72,0,26,72,0,0,62,0,2
7,31,0,0,31,3,0,25,3,2
39,14,29,39,14,29,1,2,1,2
0,2,0,0,2,0,0,0,0,2
44,14,25,44,14,25,12,12,0,2
100,0,12,48,1,12,12,1,12,2
100,0,0,100,0,0,100,0,0,2
49,0,28,49,0,28,12,0,3,2
100,56,0,100,56,0,100,50,0,2
108,64,12,108,64,12,106,64,12,2
46,50,44,46,50,44,6,56,14,2
37,62,31,37,62,31,0,62,0,2
103,50,8,103,50,8,100,50,1,2
113,58,1,113,58,1,113,51,1,2
115,50,0,114,50,0,100,50,0,2
113,50,0,113,50,0,106,50,12,2
100,50,9,100,50,9,100,50,3,2
42,59,1,42,59,0,12,50,0,2
29,62,6,29,62,6,0,62,0,2
13,50,10,13,50,10,0,50,3,2
18,62,25,18,62,25,12,50,0,2
6,69,38,6,69,38,6,62,13,2
19,65,16,16,68,12,12,62,12,2
5,21,40,5,21,40,1,12,16,2
25,12,0,25,12,0,0,12,0,2
51,0,38,51,0,38,51,0,13,2
107,12,19,107,12,19,100,12,13,2
126,3,0,125,5,38,100,0,13,2
103,16,39,103,16,39,100,13,12,2
50,14,18,50,14,18,50,14,12,2
109,19,0,109,19,0,100,12,0,2
43,7,13,43,7,13,6,0,13,2
43,0,1,43,68,0,12,62,0,2
100,62,42,100,62,42,100,62,17,2
103,50,28,103,50,28,103,50,3,2
100,52,26,100,52,26,100,51,1,2
109,50,7,109,50,7,100,50,0,2
118,75,0,121,75,0,109,75,0,2
104,52,0,104,52,0,104,51,0,2
107,51,6,107,51,6,106,50,6,2
100,51,3,100,51,3,100,50,3,2
50,53,3,50,53,3,50,53,0,2
28,63,3,26,62,3,1,62,3,2
25,56,0,25,56,0,0,50,0,2
12,6,25,12,6,25,12,0,0,2
33,22,25,33,22,25,2,13,0,2
28,56,0,28,56,0,3,50,0,2
7,50,0,7,50,0,0,50,0,2
40,26,1,40,26,1,0,26,0,2
113,25,25,100,3,28,100,0,0,2
100,6,25,100,6,25,100,0,0,2
37,0,25,37,0,25,12,0,0,2
41,12,0,41,12,0,12,12,0,2
37,15,31,37,15,31,12,12,0,2
100,0,28,100,0,28,100,62,1,2
112,67,25,112,67,25,112,62,0,2
112,53,0,112,53,0,112,50,0,2
125,75,0,125,75,0,100,75,0,2
107,75,0,106,75,0,106,75,0,2
112,72,1,112,72,1,100,62,0,2
107,65,3,107,65,3,106,62,3,2
28,50,5,28,50,4,0,50,3,2
3,53,32,3,53,32,3,53,0,2
7,18,0,7,18,0,0,12,0,2
6,57,37,6,57,37,7,50,12,2
21,51,16,21,51,16,12,50,12,2
29,12,39,39,12,39,12,12,13,2
112,25,37,112,25,37,100,25,12,2
-117,0,32,-117,0,32,112,0,0,2
-124,3,25,-124,3,25,106,0,0,2
100,5,3,100,5,3,100,0,0,2
50,17,28,51,10,28,50,3,0,2
101,0,12,101,0,12,100,0,12,2
107,1,37,107,1,37,100,1,12,2
115,67,25,115,67,25,103,62,0,2
100,65,1,100,65,1,100,62,0,2
107,75,0,107,75,0,100,75,0,2
100,75,6,100,75,6,100,75,0,2
43,76,25,43,76,25,6,76,0,2
39,53,25,39,53,25,14,50,0,2
26,75,7,26,75,7,1,75,0,2
22,57,34,22,57,34,12,51,0,2
7,75,12,7,75,12,0,75,12,2
14,12,33,14,12,33,14,12,0,2
10,16,0,10,16,0,0,16,0,2
27,25,25,27,25,25,1,25,0,2
100,27,8,100,27,7,100,25,0,2
-124,25,4,-124,25,4,106,25,3,2
106,75,25,106,75,25,100,75,0,2
115,3,10,116,3,9,112,3,0,2
100,0,25,100,0,25,100,0,0,2
112,14,6,112,14,6,112,15,0,2
114,75,37,114,75,37,112,75,12,2
117,70,6,117,70,6,103,64,0,2
106,59,8,106,59,8,106,50,1,2
100,62,3,100,62,3,101,62,0,2
31,54,12,31,54,12,0,51,12,2
12,56,6,12,56,6,0,50,0,2
6,50,33,7,50,36,0,50,0,2
7,50,1,7,50,1,0,50,0,2
14,0,26,14,0,26,14,0,1,2
56,14,41,56,14,41,56,12,13,2
50,15,43,50,15,43,50,15,6,2
37,25,0,100,32,0,100,25,0,2
-125,1,7,-125,1,7,100,0,6,2
120,78,37,122,75,38,112,75,0,2
100,0,12,100,0,12,100,0,12,2
44,8,26,44,8,26,6,1,0,2
103,10,20,103,9,20,100,0,14,2
103,62,0,103,62,0,103,50,0,2
100,50,0,100,50,0,100,50,0,2
103,50,1,103,50,0,103,50,0,2
56,51,0,56,51,0,50,50,0,2
44,66,43,44,66,43,25,65,0,2
101,15,1,101,15,1,100,12,0,2
100,20,38,100,20,38,100,12,0,2
39,62,25,39,62,25,14,62,0,2
50,65,12,50,65,12,51,66,0,2
53,50,45,53,50,45,50,53,7,2
50,0,20,50,0,20,50,0,7,2
52,0,26,51,14,32,50,12,6,2
50,64,56,50,64,56,50,64,6,2
50,16,19,50,16,19,50,12,6,2
37,25,19,37,25,19,0,25,7,2
100,25,0,100,25,0,100,25,0,2
101,0,25,106,0,16,100,0,3,2
56,2,37,56,2,37,50,1,0,2
55,3,5,55,3,5,55,3,5,2
100,73,39,100,73,39,100,64,1,2
100,51,18,100,51,18,100,51,12,2
116,55,1,115,53,0,103,50,0,2
100,59,13,100,59,13,100,50,0,2
121,51,14,121,51,14,108,50,0,2
43,51,0,43,50,0,12,50,0,2
25,68,0,25,68,0,0,62,0,2
50,53,12,50,53,12,50,53,3,2
50,62,0,50,62,0,50,62,0,2
0,6,25,0,6,25,0,0,0,2
50,20,0,50,20,0,50,14,0,2
50,6,31,50,6,31,50,0,6,2
100,12,43,100,12,43,100,12,6,2
100,5,12,100,5,12,100,3,0,2
-124,2,0,125,2,0,100,1,0,2
100,71,28,100,71,28,100,65,0,2
30,18,37,30,18,37,3,12,0,2
100,62,19,100,62,19,100,62,13,2
106,62,0,106,62,0,106,62,0,2
123,50,37,123,50,34,109,50,0,2
107,53,50,107,53,50,107,50,0,2
100,53,32,100,53,32,100,53,0,2
51,50,31,51,50,31,50,50,0,2
50,50,28,50,50,28,50,50,3,2
50,62,38,50,62,34,50,62,0,2
57,64,50,57,64,50,57,64,0,2
19,63,0,19,63,0,6,62,0,2
53,14,50,51,14,3,50,12,3,2
0,50,50,0,50,50,0,50,0,2
56,50,46,56,50,46,0,50,0,2
25,50,0,26,50,0,1,50,0,2
43,25,38,43,25,38,6,25,1,2
100,0,31,100,0,31,100,0,6,2
50,0,10,50,0,10,51,0,9,2
50,13,26,50,13,26,100,14,6,2
101,0,0,101,0,0,100,0,0,2
-127,62,25,-124,57,23,106,50,14,2
127,52,0,127,52,0,100,52,0,2
-124,53,15,-124,53,15,106,50,15,2
115,59,43,115,59,43,106,50,12,2
46,53,6,46,53,6,12,53,0,2
18,62,12,13,62,16,0,62,12,2
12,62,32,12,62,32,12,62,0,2
0,53,51,0,53,51,0,50,0,2
16,3,18,16,3,18,12,3,12,2
0,13,39,0,13,39,0,13,14,2
29,6,44,38,3,50,13,3,0,2
101,64,40,101,64,40,101,64,3,2
-111,14,0,-111,14,0,113,14,0,2
-124,0,3,-122,7,3,108,0,0,2
110,12,32,110,12,32,110,12,6,2
39,12,46,32,1,43,6,0,6,2
100,16,26,100,16,25,100,16,0,2
114,65,13,114,65,13,114,65,12,2
118,53,0,118,53,0,106,50,0,2
120,50,25,120,50,25,107,50,0,2
112,64,26,112,64,26,109,62,0,2
106,68,32,106,68,32,106,62,0,2
48,18,39,48,19,37,8,12,12,2
34,50,27,34,50,27,6,50,2,2
50,67,20,50,67,20,50,62,14,2
37,55,33,37,50,46,0,50,14,2
39,1,17,39,1,17,0,0,14,2
4,1,31,4,1,31,3,0,0,2
50,12,50,50,12,50,56,0,0,2
28,28,42,28,28,42,3,25,5,2
100,0,7,100,0,7,100,0,0,2
109,25,3,109,25,3,106,25,3,2
126,0,2,120,0,38,106,0,0,2
100,16,22,100,16,22,100,13,9,2
100,3,18,100,3,18,100,0,12,2
112,1,1,112,1,1,106,62,0,2
100,68,28,100,68,28,100,56,3,2
117,73,31,121,70,28,107,62,3,2
112,75,18,112,75,18,100,75,12,2
115,50,13,115,50,13,103,50,13,2
45,50,12,45,50,12,6,50,12,2
38,72,25,38,72,25,0,62,0,2
23,59,39,24,56,39,8,50,12,2
21,59,37,21,59,37,7,50,12,2
2,56,1,2,56,1,0,50,1,2
0,56,25,0,56,25,0,62,0,2
37,0,0,37,0,0,0,0,0,2
18,25,3,26,25,19,1,25,12,2
18,0,25,18,0,25,6,0,0,2
100,0,37,100,0,37,100,0,12,2
106,3,25,106,3,25,100,2,0,2
112,0,28,112,0,28,100,0,3,2
100,3,28,100,3,28,100,0,3,2
121,14,0,121,14,0,101,0,0,2
112,0,17,112,0,17,100,0,12,2
117,71,1,117,71,1,101,62,0,2
122,69,28,122,69,28,106,62,3,2
118,62,13,118,62,13,100,50,12,2
103,50,15,103,50,15,103,50,15,2
101,73,12,101,73,12,100,62,12,2
101,63,25,101,63,25,101,62,0,2
44,68,38,44,68,38,7,62,12,2
26,57,40,26,57,40,6,51,12,2
0,71,39,0,71,39,0,62,12,2
25,68,1,25,68,1,0,62,0,2
0,0,31,0,0,31,0,0,0,2
27,26,39,32,25,38,7,25,12,2
4,14,13,4,14,13,0,14,0,2
100,6,3,100,6,3,100,0,3,2
125,37,37,-118,28,2,100,25,2,2
100,7,35,100,7,35,100,0,7,2
100,76,26,100,76,26,100,75,1,2
51,17,0,51,16,0,50,12,0,2
100,15,19,100,15,19,100,3,12,2
113,72,3,116,68,0,100,62,0,2
121,75,28,121,75,28,103,75,0,2
119,75,12,119,75,12,100,75,12,2
115,50,26,115,50,26,100,50,0,2
115,71,12,115,71,12,100,62,12,2
100,64,27,100,62,37,100,50,12,2
43,62,40,43,62,40,6,62,12,2
17,67,37,17,67,37,0,62,13,2
44,62,1,44,62,1,0,50,1,2
4,66,31,4,66,31,0,62,6,2
18,25,40,25,25,3,0,0,0,2
19,13,2,19,13,2,6,0,2,2
50,3,0,50,3,0,50,3,0,2
39,28,0,39,28,0,2,25,0,2
101,26,37,101,26,37,100,25,0,2
113,25,9,113,25,9,100,0,0,2
101,7,12,101,7,12,100,0,0,2
100,12,37,100,12,37,100,12,0,2
50,7,12,50,7,12,50,0,12,2
109,63,42,109,63,42,106,62,14,2
100,62,28,100,62,28,100,57,0,2
123,75,15,123,75,15,106,75,15,2
104,73,43,104,73,43,104,60,12,2
118,75,1,118,75,1,100,75,0,2
112,75,1,112,75,1,100,75,1,2
100,55,12,100,55,12,6,50,14,2
49,50,28,48,70,28,7,64,0,2
25,65,16,25,65,16,0,62,12,2
46,63,25,46,63,25,6,62,0,2
26,50,37,25,51,40,0,50,12,2
15,72,37,15,72,37,0,0,0,2
3,0,41,3,0,41,0,0,12,2
3,17,13,17,17,14,3,12,14,2
38,18,27,38,18,27,0,12,1,2
125,12,12,125,12,12,100,12,0,2
112,34,0,112,34,0,100,25,0,2
-121,3,26,-121,3,26,103,0,0,2
103,76,25,103,75,25,100,75,0,2
38,7,37,38,7,37,1,7,12,2
118,2,5,118,2,5,106,0,3,2
121,0,31,121,0,31,107,0,0,2
-127,0,25,-127,0,25,103,0,0,2
-118,55,0,-118,55,0,100,51,0,2
-118,52,25,-118,52,25,100,51,0,2
106,75,25,106,75,25,106,75,0,2
100,50,35,100,50,35,100,50,7,2
12,62,3,12,62,3,0,50,3,2
26,67,6,25,73,32,0,62,0,2
26,71,0,25,69,0,0,63,0,2
10,3,14,10,3,14,6,0,12,2
1,52,10,1,52,10,1,51,0,2
1,51,21,39,50,9,1,50,0,2
34,12,6,34,12,6,6,12,0,2
106,51,32,106,51,32,106,50,1,2
125,53,25,125,53,25,103,50,0,2
113,12,25,113,12,25,100,12,0,2
126,8,25,126,8,25,101,0,0,2
101,25,0,101,25,0,100,25,0,2
100,19,28,100,19,28,100,12,3,2
101,10,15,100,7,13,100,0,12,2
101,75,32,101,75,32,100,75,3,2
100,78,7,100,78,7,100,75,0,2
-114,2,28,-114,2,28,103,76,12,2
119,0,28,119,0,28,100,0,3,2
100,50,9,43,63,8,6,62,0,2
12,59,34,12,59,34,0,50,0,2
0,14,11,0,14,11,0,0,5,2
40,62,28,40,62,28,3,62,0,2
17,51,3,17,51,3,0,51,0,2
-51,4,43,-51,15,44,-90,12,7,2
4,50,3,4,50,3,3,50,0,2
0,10,25,0,10,25,0,0,0,2
50,56,6,50,56,6,50,50,0,2
31,53,6,34,50,7,9,50,0,2
112,25,0,112,25,0,103,25,6,2
125,1,31,125,1,31,100,0,6,2
112,6,12,112,6,12,100,25,12,2
109,65,25,109,65,25,106,62,0,2
109,6,7,109,6,7,106,6,0,2
125,69,37,125,69,37,100,75,12,2
-126,75,39,-126,75,39,101,75,14,2
-112,68,31,-112,68,31,106,62,0,2
-118,58,25,-118,58,25,100,57,0,2
103,64,12,103,64,12,100,51,12,2
28,50,7,28,50,7,0,50,0,2
13,69,25,13,69,25,1,57,0,2
45,68,25,45,68,25,6,62,0,2
32,62,2,32,62,2,7,62,0,2
0,7,25,0,7,25,6,0,0,2
19,1,1,19,1,1,7,0,13,2
39,25,0,39,25,0,0,25,0,2
39,3,37,45,3,39,1,3,13,2
112,0,32,112,0,32,100,0,0,2
112,25,25,112,25,25,100,25,0,2
122,1,32,122,1,32,109,1,7,2
117,3,25,114,3,37,100,0,0,2
105,11,32,104,11,25,104,10,0,2
-125,0,14,-125,0,14,104,0,14,2
123,0,32,123,0,37,103,0,12,2
-127,56,25,-127,56,25,100,50,0,2
114,75,28,114,75,28,100,75,0,2
104,53,34,105,50,31,101,50,0,2
100,53,28,100,53,28,100,50,3,2
25,57,6,25,57,6,0,57,0,2
17,62,26,14,62,26,0,62,1,2
37,70,32,37,70,32,0,57,1,2
0,62,14,0,62,14,0,50,12,2
4,12,25,4,12,25,0,12,3,2
13,50,37,13,50,37,0,50,12,2
50,3,39,50,3,39,50,0,1,2
28,50,0,28,50,0,6,50,0,2
115,25,32,115,25,32,100,25,7,2
121,10,31,121,10,31,106,1,6,2
-125,4,25,125,4,34,100,0,9,2
126,16,12,126,16,12,100,12,0,2
103,13,29,103,13,29,103,0,4,2
100,8,0,100,8,0,100,0,0,2
114,62,25,114,62,25,101,62,0,2
112,57,12,112,56,12,100,56,12,2
114,50,0,114,50,0,100,50,0,2
126,66,0,126,66,0,101,63,0,2
125,50,33,125,50,33,100,50,0,2
114,65,26,114,65,26,101,62,0,2
45,71,13,39,64,25,1,62,0,2
3,53,13,3,53,13,0,50,12,2
10,0,25,10,0,25,9,0,0,2
1,7,41,1,6,39,0,0,12,2
13,25,14,13,25,14,0,25,14,2
16,6,13,25,50,13,0,50,13,2
126,18,37,126,18,37,100,12,6,2
104,31,25,104,31,25,100,25,0,2
114,0,29,114,0,29,101,0,1,2
-112,3,31,-112,3,31,106,0,7,2
46,19,0,46,19,0,0,50,0,2
108,18,12,108,18,12,107,12,0,2
101,18,37,101,18,37,103,13,12,2
126,61,7,126,61,7,100,61,1,2
-127,62,10,-127,62,10,100,60,3,2
125,60,7,125,60,7,101,59,0,2
117,75,3,117,75,3,104,75,3,2
100,53,7,100,53,7,100,50,0,2
31,75,6,31,75,6,0,50,0,2
12,54,6,12,54,6,0,51,0,2
4,50,37,4,50,37,1,50,14,2
32,56,1,32,56,1,7,50,1,2
39,1,39,39,1,39,0,1,12,2
50,0,0,50,0,0,50,0,0,2
28,0,12,28,0,12,3,0,12,2
34,12,1,34,12,6,6,0,0,2
104,0,38,104,0,38,101,0,13,2
115,28,28,112,28,27,100,28,0,2
-123,0,26,-123,0,26,106,0,0,2
125,7,7,125,7,7,100,0,6,2
43,15,37,43,15,37,6,14,0,2
114,12,12,114,12,12,101,12,12,2
125,0,38,125,0,40,100,0,12,2
-125,75,10,-125,75,10,103,75,0,2
125,57,11,125,57,11,100,50,0,2
117,70,9,117,70,9,100,57,0,2
100,55,25,100,55,25,100,51,0,2
32,56,29,26,51,28,0,51,0,2
7,62,25,7,62,25,6,62,0,2
39,56,38,39,56,38,1,50,13,2
48,65,12,48,65,12,9,64,1,2
39,0,31,39,0,31,0,0,6,2
39,25,37,39,25,37,1,25,0,2
3,12,6,3,12,6,3,12,6,2
31,0,15,31,0,15,0,0,0,2
100,50,38,100,50,38,100,50,0,2
-118,0,32,-118,0,32,100,0,6,2
-127,65,27,-126,66,27,103,62,2,2
116,71,0,116,71,0,100,62,0,2
109,7,12,109,8,14,100,0,12,2
119,3,0,118,3,0,112,0,0,2
110,68,25,110,68,25,100,62,0,2
101,61,12,101,61,12,101,51,12,2
37,62,0,39,62,2,0,62,0,2
31,53,7,37,53,6,12,53,0,2
103,50,13,103,50,13,100,50,0,2
112,25,28,112,25,28,100,12,3,2
106,50,37,106,50,37,106,50,0,2
50,57,25,50,57,25,50,50,0,2
8,62,25,0,50,25,0,50,0,2
18,0,0,18,0,0,6,0,0,2
0,7,37,0,7,37,0,0,0,2
37,50,0,37,50,0,0,50,0,2
50,13,0,50,13,0,50,13,0,2
119,19,14,119,19,14,100,13,0,2
125,7,0,125,7,0,100,0,0,2
125,75,25,125,76,25,100,76,0,2
100,13,40,100,13,40,100,12,3,2
45,6,12,45,6,12,7,0,0,2
110,65,3,110,65,0,100,64,0,2
112,65,27,112,65,27,100,62,1,2
112,50,9,118,68,9,106,62,0,2
113,59,9,114,59,9,101,50,0,2
112,62,0,112,62,0,100,62,0,2
29,59,9,29,59,9,1,50,9,2
38,50,29,37,50,30,0,50,1,2
25,69,25,25,69,29,0,62,0,2
40,65,37,40,65,37,3,62,0,2
28,56,34,28,56,34,3,50,10,2
12,63,12,12,63,12,0,62,12,2
39,14,39,39,14,39,0,14,0,2
33,54,0,33,54,0,0,50,0,2
44,50,28,44,50,28,6,50,0,2
32,18,28,32,18,28,6,12,3,2
111,19,26,111,19,26,108,13,0,2
103,25,33,103,25,33,103,25,8,2
115,12,25,115,12,25,109,13,0,2
100,0,0,100,0,0,100,0,0,2
125,6,6,125,6,6,100,0,0,2
-127,7,34,-127,7,34,103,1,0,2
-127,75,34,-127,75,34,103,75,0,2
126,64,25,126,64,25,100,62,0,2
112,68,7,112,68,7,100,62,1,2
44,53,33,44,53,33,6,50,2,2
25,53,25,25,53,25,0,50,0,2
12,50,25,12,50,25,0,50,0,2
45,58,25,45,58,25,7,52,12,2
0,62,7,0,63,7,0,63,0,2
3,12,40,0,12,40,0,12,12,2
0,25,0,0,25,0,0,25,0,2
21,17,26,21,17,26,2,12,0,2
112,16,6,112,16,6,100,12,6,2
106,26,6,106,26,6,106,25,6,2
100,25,31,100,25,25,100,25,0,2
100,2,26,100,2,26,100,0,0,2
37,3,32,37,3,32,0,3,7,2
112,9,32,112,9,32,112,3,0,2
115,0,0,115,0,0,100,0,0,2
117,76,35,117,76,35,101,75,0,2
112,60,1,112,60,1,100,60,0,2
100,56,4,100,56,4,100,50,1,2
100,75,25,100,75,25,100,75,0,2
43,68,25,43,68,25,6,62,0,2
25,71,28,25,71,28,3,62,0,2
25,62,32,25,62,32,0,62,0,2
14,51,0,14,51,0,0,51,0,2
0,52,10,0,52,11,0,51,10,2
25,18,0,25,18,0,0,12,0,2
25,54,28,25,54,28,0,50,0,2
3,50,31,3,50,31,0,50,6,2
28,14,25,32,14,25,7,12,0,2
114,28,26,114,28,26,101,25,0,2
116,1,28,116,1,28,100,0,3,2
114,5,25,114,5,25,100,1,0,2
104,4,31,104,4,31,100,0,0,2
119,3,25,119,3,25,106,0,0,2
113,0,6,113,0,6,100,0,0,2
127,57,32,127,57,32,101,50,1,2
125,75,25,125,75,25,100,75,0,2
103,57,6,103,57,6,103,51,0,2
100,50,32,100,50,32,100,50,0,2
37,50,25,37,50,25,0,50,0,2
31,66,32,31,66,32,6,63,0,2
2,51,36,2,51,36,2,50,0,2
42,62,6,42,62,6,3,62,6,2
0,63,26,40,63,35,3,0,0,2
37,25,12,37,25,12,0,25,0,2
37,28,0,38,28,3,0,25,3,2
50,16,0,12,12,7,0,12,6,2
25,25,25,25,25,25,0,25,0,2
39,25,0,39,25,0,1,25,0,2
43,1,32,43,1,32,7,12,7,2
31,2,7,37,1,7,0,1,0,2
30,19,32,30,19,32,3,13,7,2
38,0,29,38,0,29,0,0,4,2
38,0,4,38,0,4,0,0,0,2
106,56,6,106,56,6,106,50,0,2
101,55,32,101,55,32,100,52,7,2
112,51,25,112,51,25,100,51,0,2
112,69,25,112,69,25,100,62,0,2
104,71,9,104,71,9,100,62,0,2
114,50,25,114,50,25,100,50,0,2
114,50,7,114,50,7,100,50,0,2
100,67,9,100,67,9,100,64,0,2
18,68,25,18,68,25,6,62,0,2
39,68,8,39,68,8,0,62,8,2
28,69,4,28,69,4,3,63,0,2
18,3,26,18,4,28,0,0,0,2
13,6,9,13,6,9,0,0,0,2
13,50,3,25,25,3,0,25,3,2
39,50,0,39,50,0,1,50,0,2
104,25,25,104,25,25,100,25,0,2
115,3,29,115,3,29,103,3,3,2
113,0,6,113,0,6,101,0,6,2
44,0,32,44,0,32,1,0,0,2
114,18,25,114,18,25,101,12,0,2
112,23,7,112,23,7,100,12,0,2
114,68,0,114,68,0,112,62,0,2
113,75,25,113,75,25,100,75,0,2
39,1,3,39,1,3,1,0,0,2
37,58,6,37,58,6,0,50,0,2
42,71,32,42,68,25,1,62,0,2
100,64,25,100,64,25,100,62,0,2
100,50,1,100,50,0,100,50,0,2
37,64,33,37,64,33,6,51,7,2
25,50,32,25,50,32,0,50,7,2
6,71,9,0,73,25,0,63,0,2
43,25,25,43,25,25,6,25,0,2
24,60,37,24,60,37,8,50,12,2
31,53,25,31,53,25,6,50,6,2
100,15,0,100,15,0,100,12,0,2
100,31,25,112,25,31,100,25,6,2
112,25,25,112,25,25,100,25,0,2
119,0,25,119,0,25,107,0,0,2
42,0,28,42,0,28,1,0,3,2
112,14,6,112,14,6,100,12,0,2
115,0,31,117,0,25,104,0,0,2
118,63,29,118,63,29,106,62,1,2
112,75,6,112,75,6,100,75,0,2
112,62,29,112,62,29,100,62,3,2
104,51,31,104,51,31,100,50,0,2
100,60,6,100,65,7,100,53,1,2
28,71,7,28,71,7,0,59,0,2
13,54,31,13,54,31,0,50,0,2
0,64,34,0,64,34,0,64,0,2
31,0,37,31,0,37,6,0,0,2
21,14,39,21,14,39,0,12,0,2
25,1,34,25,1,34,0,0,9,2
32,25,32,34,25,25,6,25,0,2
101,25,25,101,25,25,100,25,0,2
37,25,26,37,25,26,0,25,0,2
100,7,0,100,7,0,100,0,0,2
112,65,6,112,65,6,100,62,6,2
-127,1,33,127,69,31,101,63,6,2
125,4,0,125,4,0,100,0,1,2
117,75,34,117,75,34,103,75,0,2
112,73,2,112,73,2,100,60,2,2
116,51,10,116,51,10,100,53,0,2
106,65,3,105,66,1,100,53,1,2
102,55,25,102,55,25,101,50,0,2
42,54,25,42,54,25,0,50,0,2
12,53,10,12,53,10,0,53,0,2
0,56,28,0,56,28,0,50,0,2
28,9,9,28,9,9,0,12,0,2
15,20,37,15,20,37,0,8,12,2
37,62,7,37,62,7,0,62,0,2
6,51,38,6,51,38,6,50,0,2
114,51,35,114,51,29,101,50,0,2
126,6,0,126,6,0,100,0,0,2
118,0,0,118,0,0,106,0,0,2
113,0,9,106,0,3,103,4,0,2
43,14,25,43,14,25,6,1,0,2
109,0,0,109,0,0,106,0,0,2
106,81,37,106,81,37,106,75,3,2
119,53,14,119,53,14,106,50,14,2
114,54,6,114,54,6,102,50,0,2
117,57,12,117,57,12,103,56,0,2
106,50,26,106,50,26,100,50,0,2
100,70,7,100,70,7,100,62,0,2
15,69,12,15,69,12,0,63,12,2
6,69,25,43,69,13,6,63,13,2
0,0,3,0,0,3,0,0,3,2
37,6,25,37,6,25,0,0,0,2
6,19,40,6,19,40,6,12,12,2
12,51,25,12,51,25,0,51,0,2
25,23,0,25,23,0,0,12,0,2
113,0,8,112,3,9,100,0,9,2
125,0,3,125,7,2,100,1,0,2
118,0,3,118,0,3,106,0,3,2
39,7,26,39,7,26,0,0,0,2
105,12,8,105,12,8,101,12,0,2
112,69,30,112,69,30,112,62,0,2
119,59,28,119,59,28,106,63,12,2
-127,59,38,-127,59,38,103,59,12,2
114,53,34,114,53,34,101,50,0,2
113,63,25,113,63,25,100,62,0,2
25,50,7,25,50,7,0,50,0,2
15,50,9,15,68,9,3,56,3,2
3,62,25,3,62,25,0,62,0,2
12,50,3,12,50,3,0,50,0,2
13,1,30,13,1,30,0,0,0,2
13,1,6,13,1,6,0,0,0,2
22,13,28,22,13,28,6,12,0,2
25,50,26,25,50,26,0,50,0,2
37,0,31,41,1,31,3,1,6,2
103,25,25,103,25,25,103,25,0,2
108,0,31,108,0,31,107,0,6,2
106,23,0,106,23,0,106,13,0,2
114,3,25,115,3,25,103,0,0,2
125,0,3,125,71,0,100,62,0,2
125,63,26,125,63,26,100,50,1,2
125,65,7,125,65,7,100,53,12,2
112,70,9,112,70,9,100,58,3,2
100,65,10,100,65,10,100,53,4,2
25,50,6,14,53,0,0,50,0,2
14,53,25,14,53,25,1,50,0,2
39,51,32,39,51,32,0,50,0,2
0,51,9,0,51,9,0,50,0,2
41,65,37,41,65,37,0,62,12,2
25,25,34,25,25,34,0,25,0,2
3,50,1,3,50,1,3,50,1,2
22,0,1,22,0,1,10,0,1,2
27,50,0,27,50,0,0,50,0,2
113,25,31,113,25,31,100,25,0,2
114,0,25,114,0,25,101,0,0,2
106,2,0,106,2,0,106,0,0,2
103,12,10,112,4,4,112,1,0,2
117,6,0,117,6,0,100,1,0,2
118,68,39,118,68,39,106,62,12,2
125,50,25,125,50,25,100,50,0,2
125,75,1,125,75,1,100,75,1,2
125,57,25,125,56,28,100,50,3,2
103,75,31,103,75,31,100,75,0,2
32,54,7,32,54,7,6,50,0,2
12,64,12,12,64,12,0,64,12,2
3,57,37,3,57,37,3,50,12,2
39,0,6,39,0,9,0,0,1,2
17,14,38,17,14,38,3,14,12,2
37,50,26,37,50,26,0,50,1,2
3,23,7,3,23,7,3,14,0,2
100,4,6,100,4,6,100,1,6,2
103,31,0,103,31,0,100,25,0,2
125,4,26,125,4,26,100,0,1,2
107,0,9,109,11,9,106,0,0,2
42,21,30,42,21,30,4,15,0,2
112,12,12,112,12,12,100,12,12,2
114,70,6,112,71,6,100,62,0,2
115,0,37,115,0,37,102,0,12,2
114,64,25,113,69,25,100,62,0,2
115,56,25,114,56,25,101,50,0,2
42,63,4,42,63,4,1,62,1,2
38,56,25,38,56,25,0,50,0,2
37,69,25,37,69,25,0,62,0,2
38,56,0,37,53,0,0,50,0,2
37,56,37,37,56,37,0,50,12,2
3,63,25,3,63,25,6,62,0,2
0,70,7,0,70,7,0,64,0,2
25,2,12,25,2,12,0,0,12,2
37,18,39,37,18,39,6,0,1,2
31,70,39,31,70,39,6,64,14,2
37,6,0,37,6,0,0,0,0,2
107,51,7,107,51,7,106,51,0,2
115,28,25,115,28,32,103,25,7,2
-118,3,34,-118,3,34,107,0,0,2
25,19,2,25,19,2,0,12,2,2
113,8,7,117,1,6,104,1,0,2
106,19,1,106,19,1,100,13,0,2
120,0,33,120,0,33,106,0,0,2
115,75,11,115,65,10,103,53,3,2
-127,75,6,-127,75,6,103,75,0,2
112,62,1,114,62,5,101,50,5,2
39,75,25,41,68,25,3,56,0,2
38,50,32,38,50,32,0,50,0,2
25,67,34,25,67,34,0,62,3,2
1,50,25,1,50,25,0,50,0,2
40,3,3,37,0,1,0,0,0,2
26,1,25,26,1,25,0,0,0,2
37,1,8,37,1,8,0,1,1,2
15,17,37,15,17,37,0,5,12,2
107,9,26,107,9,26,106,0,1,2
112,26,34,112,26,34,100,25,0,2
100,28,1,100,28,1,100,25,0,2
100,1,0,-123,1,33,106,1,8,2
31,13,6,31,13,6,6,13,0,2
109,1,14,107,1,12,106,0,12,2
44,12,0,44,12,0,6,0,12,2
40,12,25,40,12,25,0,0,0,2
100,6,12,103,1,12,100,1,12,2
100,68,1,100,68,1,100,56,1,2
112,71,1,112,71,1,100,62,0,2
115,50,26,115,50,26,106,62,0,2
125,73,34,125,73,34,100,62,0,2
112,51,32,112,57,34,100,50,0,2
102,72,28,102,72,28,102,62,0,2
39,68,34,39,68,34,0,56,0,2
12,71,28,12,71,28,0,62,0,2
37,69,36,37,69,36,0,62,3,2
34,54,1,34,54,1,6,54,0,2
25,68,26,25,68,26,0,62,0,2
25,12,39,25,12,39,0,12,14,2
9,0,0,9,0,0,6,0,0,2
0,72,32,0,72,32,0,62,1,2
12,56,0,12,56,0,1,51,0,2
115,0,25,115,6,25,103,0,0,2
112,6,6,112,0,0,100,0,0,2
108,9,31,108,9,31,106,0,0,2
37,0,37,37,4,37,0,0,12,2
28,20,14,28,20,14,3,14,12,2
100,6,6,100,6,6,100,0,0,2
112,75,1,112,75,2,100,53,0,2
113,76,38,113,76,38,100,75,12,2
112,55,6,112,55,6,100,50,0,2
113,57,6,113,57,6,100,57,0,2
112,68,9,112,68,9,100,62,3,2
102,70,32,101,68,32,101,56,0,2
100,68,25,100,68,25,100,57,4,2
37,62,25,37,62,25,0,62,0,2
3,50,25,3,50,25,0,50,0,2
32,57,39,32,57,39,9,50,12,2
12,3,7,3,7,11,3,0,1,2
18,12,37,18,12,37,6,12,12,2
19,0,40,19,0,40,6,0,12,2
25,8,39,25,8,39,0,0,12,2
25,27,0,25,27,0,0,25,0,2
21,18,9,21,18,9,6,14,0,2
39,25,0,39,25,0,0,25,0,2
43,25,8,44,25,8,7,25,0,2
41,16,38,41,16,38,3,12,13,2
37,12,28,37,13,28,0,13,3,2
101,6,1,101,6,1,100,0,0,2
112,75,3,112,75,3,100,75,0,2
125,57,31,121,60,33,106,50,0,2
118,75,34,118,75,34,106,75,0,2
116,50,0,116,50,0,100,50,0,2
115,75,12,115,75,12,100,50,0,2
115,60,6,115,60,6,103,60,0,2
37,71,31,37,66,28,0,62,3,2
26,71,25,26,71,25,0,62,0,2
6,53,7,6,53,7,6,50,0,2
39,12,0,39,12,0,1,12,0,2
15,20,38,15,20,38,3,14,12,2
31,12,3,31,12,3,6,12,0,2
26,0,25,26,0,25,1,0,0,2
112,25,25,112,25,25,100,25,0,2
125,25,28,125,25,27,100,25,0,2
-118,0,31,-118,0,31,100,0,6,2
-118,1,25,-118,1,25,100,0,0,2
118,6,0,118,6,1,106,0,0,2
100,12,13,100,0,0,100,0,0,2
37,20,39,37,20,39,0,12,14,2
100,1,25,100,0,25,100,0,0,2
100,75,25,100,75,25,100,75,0,2
116,50,1,116,50,1,100,50,0,2
103,75,12,101,75,12,106,56,15,2
103,71,28,103,71,28,103,59,3,2
112,70,9,112,70,9,100,57,0,2
42,52,9,42,52,9,7,50,3,2
12,50,3,12,50,3,0,50,3,2
12,68,12,6,68,12,6,56,12,2
0,57,37,0,57,37,0,50,12,2
25,4,13,25,4,13,0,0,12,2
39,0,6,39,0,6,1,0,0,2
0,50,26,0,50,26,0,50,0,2
26,17,26,26,17,26,0,12,0,2
115,6,25,115,6,25,100,0,0,2
126,25,29,126,25,29,101,25,4,2
125,3,25,126,1,32,100,0,0,2
112,14,0,112,14,0,100,14,0,2
44,16,6,44,16,6,7,12,1,2
104,65,0,104,63,0,100,50,0,2
109,0,31,106,0,25,100,0,0,2
117,58,25,117,58,25,101,58,0,2
113,75,1,113,75,1,102,75,0,2
100,72,1,100,72,1,100,59,1,2
38,57,26,38,57,26,0,57,1,2
37,65,6,39,69,6,0,56,3,2
25,62,33,25,62,33,0,50,1,2
16,65,26,16,65,26,0,62,1,2
26,52,7,26,52,7,0,50,0,2
25,62,7,25,62,7,0,62,0,2
25,12,33,25,12,33,0,4,0,2
43,18,4,43,18,4,6,12,0,2
1,50,8,1,50,8,0,50,0,2
40,51,32,40,51,32,3,50,0,2
-124,25,25,-124,25,25,100,25,0,2
126,0,31,126,1,33,100,0,6,2
101,18,12,101,18,12,100,12,0,2
103,3,37,103,3,37,103,0,12,2
112,18,12,112,20,14,100,14,14,2
116,1,0,116,1,0,103,0,0,2
114,0,31,114,0,31,100,1,4,2
100,65,9,100,66,10,100,53,3,2
100,55,28,100,51,28,100,51,3,2
36,56,28,36,56,28,8,50,3,2
41,64,37,42,65,30,3,64,3,2
37,63,34,37,63,34,3,50,0,2
25,68,37,25,68,37,0,62,12,2
6,66,1,6,65,1,1,53,1,2
25,6,25,25,6,25,0,0,0,2
25,12,40,25,12,40,0,12,12,2
44,51,12,44,51,12,3,50,12,2
28,62,28,28,62,28,3,50,0,2
112,20,32,112,22,25,100,12,0,2
125,26,27,125,26,27,100,25,2,2
-118,0,31,-118,0,31,100,0,6,2
100,6,6,100,6,6,100,0,6,2
103,15,6,103,15,6,103,12,0,2
113,12,4,114,3,0,112,3,0,2
112,70,25,112,70,25,100,62,0,2
112,3,25,112,3,25,100,3,0,2
113,63,27,113,63,27,100,62,0,2
113,53,31,113,53,31,100,50,0,2
38,57,25,38,62,25,0,62,0,2
26,56,9,26,56,10,1,50,1,2
7,56,37,7,56,37,7,50,12,2
7,65,5,7,65,5,6,62,3,2
28,10,25,29,10,26,0,10,1,2
0,1,3,0,1,3,0,1,3,2
12,56,14,12,56,14,0,50,12,2
37,9,0,37,8,1,6,25,0,2
116,22,0,116,22,0,103,12,0,2
115,3,31,115,3,31,100,0,6,2
100,18,31,100,18,31,100,12,6,2
37,13,37,37,13,37,0,12,12,2
38,18,0,37,0,6,0,0,0,2
40,18,35,40,18,35,0,6,1,2
101,4,7,101,4,7,101,0,0,2
112,50,0,112,50,0,100,50,0,2
125,75,6,125,75,6,100,75,0,2
-127,50,7,-127,50,7,100,50,0,2
116,50,7,116,50,7,103,50,1,2
106,51,25,106,51,25,106,50,0,2
115,53,26,115,53,26,100,53,1,2
41,56,6,41,56,6,3,56,0,2
25,56,8,12,56,6,0,56,0,2
3,50,25,3,50,25,0,50,0,2
3,65,3,3,65,3,3,62,0,2
37,0,27,37,0,27,0,0,2,2
37,20,0,37,20,0,0,0,0,2
25,62,12,25,62,12,0,64,0,2
25,50,34,25,50,34,0,50,9,2
112,14,28,126,0,30,101,0,5,2
-122,31,31,-122,31,31,107,25,6,2
-116,78,31,-116,78,31,100,75,0,2
106,0,33,106,0,33,100,0,1,2
104,9,15,104,9,15,101,0,12,2
117,20,0,112,13,3,100,12,3,2
115,65,32,115,65,32,112,62,0,2
-118,53,1,-118,53,1,100,53,0,2
125,66,8,125,66,8,100,53,7,2
42,64,3,42,64,3,1,51,3,2
25,52,6,25,57,7,0,57,6,2
0,75,25,0,75,25,0,75,0,2
44,69,2,44,69,2,6,56,1,2
37,3,0,40,4,8,0,0,0,2
50,0,0,50,0,0,50,0,0,2
25,53,6,25,53,6,0,50,7,2
41,21,32,41,21,32,0,12,0,2
116,15,5,116,15,5,100,12,3,2
125,25,0,125,25,0,100,25,0,2
101,17,31,101,17,31,103,15,0,2
39,18,4,39,18,4,100,12,6,2
107,21,25,107,21,25,107,15,0,2
114,1,9,106,0,6,107,0,1,2
101,3,37,101,3,37,100,0,12,2
101,62,26,101,62,26,101,62,0,2
112,75,28,112,75,28,101,75,3,2
116,51,31,116,51,31,100,50,0,2
41,62,25,40,62,26,2,62,1,2
32,50,38,32,50,38,7,50,13,2
50,55,41,50,55,41,50,53,13,2
52,51,12,52,51,12,50,50,12,2
51,12,25,51,12,25,50,12,0,2
51,18,0,51,18,6,50,12,6,2
25,26,16,25,26,16,0,25,3,2
100,18,27,100,18,27,100,12,2,2
117,3,12,117,3,12,104,3,0,2
103,76,26,103,76,26,103,76,0,2
100,1,13,100,3,3,100,3,3,2
103,6,44,103,6,44,100,0,6,2
116,71,12,116,71,12,112,65,12,2
100,68,41,100,68,41,100,62,12,2
114,63,35,114,63,36,100,63,0,2
112,75,25,113,75,25,100,75,0,2
45,67,12,45,67,12,6,63,12,2
35,64,25,35,62,29,10,62,1,2
50,50,25,50,50,25,50,53,0,2
14,51,14,14,51,14,0,50,14,2
22,62,26,24,62,37,9,62,12,2
28,69,12,28,69,12,3,63,12,2
40,16,43,40,16,43,3,12,12,2
39,23,4,39,22,3,6,0,0,2
26,22,18,26,22,18,0,12,6,2
100,10,25,100,9,25,100,3,0,2
118,7,10,118,7,10,106,0,7,2
121,75,12,121,75,12,103,75,0,2
100,0,37,100,0,37,100,0,12,2
100,0,10,100,0,10,100,12,0,2
114,12,37,117,9,37,103,0,12,2
100,1,10,100,1,10,100,0,0,2
117,56,13,117,56,13,104,50,12,2
43,71,0,43,71,0,0,59,0,2
37,1,0,37,1,0,0,0,0,2
31,78,6,31,78,6,6,75,0,2
32,77,25,32,77,25,7,75,0,2
41,71,7,41,71,7,0,62,0,2
42,78,25,42,78,25,1,75,0,2
51,0,37,51,0,25,50,0,0,2
35,25,29,35,25,29,8,25,12,2
39,50,0,39,50,0,1,50,0,2
18,16,25,27,12,28,0,12,0,2
37,25,3,37,25,3,0,25,0,2
106,25,28,106,25,28,106,25,3,2
117,3,26,117,3,26,103,3,0,2
112,0,0,112,0,0,100,0,0,2
107,12,28,45,7,29,6,1,1,2
39,21,0,39,21,0,1,14,1,2
106,75,25,106,75,25,106,75,0,2
112,66,28,112,66,28,100,62,0,2
-117,59,32,-117,59,32,100,50,0,2
-116,76,30,-116,76,30,100,75,0,2
117,59,25,117,59,25,103,50,0,2
112,50,25,112,50,25,100,50,0,2
28,63,9,28,63,9,0,62,0,2
6,75,28,6,75,28,6,75,0,2
34,64,31,34,64,31,0,63,0,2
25,65,12,25,65,12,0,65,12,2
37,9,6,37,9,6,0,0,0,2
14,4,25,14,4,25,1,0,0,2
14,6,0,12,6,0,0,0,0,2
28,26,32,28,26,32,3,25,7,2
100,0,0,100,0,0,100,0,0,2
112,0,26,112,0,32,112,0,7,2
112,0,3,112,0,3,100,0,3,2
100,7,25,100,7,25,100,6,0,2
42,9,31,42,9,31,3,0,0,2
103,62,9,103,62,9,103,62,3,2
112,75,0,112,75,0,100,50,0,2
114,50,3,114,50,3,100,50,3,2
127,50,7,127,50,7,100,50,1,2
114,70,7,114,70,7,101,62,0,2
104,50,28,104,50,28,103,50,0,2
100,53,25,100,53,25,101,50,0,2
28,50,31,28,50,31,3,50,0,2
6,50,10,6,50,10,6,50,4,2
43,57,37,43,57,37,12,51,12,2
28,68,0,28,68,0,0,62,0,2
0,12,42,0,12,42,0,0,15,2
37,26,25,47,14,28,10,14,3,2
7,51,6,7,51,6,6,50,0,2
112,12,25,112,12,25,100,12,0,2
-118,6,31,-115,4,31,103,1,0,2
116,77,0,116,77,0,101,76,0,2
127,0,8,127,0,8,101,0,0,2
105,3,25,42,18,25,12,14,0,2
112,6,31,112,6,31,112,0,0,2
102,75,28,102,75,28,101,75,3,2
101,62,0,101,62,0,100,51,0,2
100,60,6,100,60,6,100,60,0,2
39,71,26,39,73,30,0,62,3,2
37,70,25,37,70,25,6,62,4,2
27,50,31,27,50,31,1,50,0,2
16,50,33,16,50,33,3,50,2,2
31,71,25,31,71,25,6,62,0,2
39,70,25,1,0,25,1,0,0,2
0,25,25,0,25,25,0,25,0,2
100,7,3,100,7,3,100,7,3,2
103,51,0,103,53,0,100,50,0,2
125,26,25,125,26,25,100,25,0,2
-126,4,3,-126,4,3,100,0,0,2
114,26,25,114,25,26,101,25,0,2
112,7,0,112,7,0,100,0,0,2
112,23,25,112,23,25,100,12,0,2
-127,70,0,-127,70,0,100,64,0,2
113,75,29,113,75,29,100,0,0,2
105,66,1,105,66,1,102,62,0,2
37,59,3,37,57,4,0,50,3,2
103,50,31,103,50,31,103,50,0,2
37,50,26,37,50,26,0,50,0,2
28,64,25,28,64,25,0,51,0,2
3,64,32,3,64,32,3,64,0,2
38,52,31,42,57,3,3,50,0,2
25,75,6,25,75,6,0,75,0,2
31,20,30,31,20,30,6,12,2,2
25,25,32,25,25,32,0,25,0,2
10,57,6,10,57,6,10,50,0,2
103,1,6,103,1,6,103,0,0,2
-124,50,1,-124,50,1,106,50,1,2
-118,80,25,-118,80,25,100,75,0,2
119,0,25,119,19,25,107,12,0,2
104,12,26,104,12,26,104,12,1,2
115,19,0,115,19,0,103,12,0,2
119,0,28,118,0,31,106,0,0,2
114,75,25,114,75,25,112,75,0,2
112,78,1,112,78,1,100,75,1,2
101,75,1,100,75,0,100,75,0,2
100,75,25,100,75,25,100,75,1,2
40,73,25,40,73,25,0,62,0,2
28,75,6,28,75,6,6,50,0,2
20,57,31,20,57,31,6,50,0,2
3,54,31,3,54,31,3,51,0,2
40,69,6,40,69,6,0,0,0,2
38,4,1,38,4,1,0,1,0,2
32,28,1,28,28,0,3,25,0,2
3,15,14,3,15,14,3,12,12,2
39,17,0,39,17,0,0,14,0,2
101,50,28,101,50,28,101,50,3,2
115,25,28,115,25,28,103,25,3,2
-124,1,31,-124,1,31,100,75,0,2
100,1,0,100,1,0,100,0,0,2
103,19,25,103,19,25,103,12,0,2
100,19,3,100,19,3,100,13,3,2
125,75,7,125,75,7,100,75,1,2
125,78,30,125,78,30,100,75,0,2
39,3,0,38,3,0,0,3,0,2
17,75,6,17,75,6,0,75,0,2
26,64,1,26,64,1,1,51,0,2
28,75,28,28,75,28,0,62,0,2
100,60,31,100,60,31,100,50,0,2
125,25,6,125,25,6,100,25,6,2
-127,25,7,-126,26,7,100,25,6,2
112,54,8,112,54,8,100,54,0,2
37,62,0,37,62,0,0,50,0,2
0,69,31,0,69,31,3,75,1,2
25,3,6,25,3,6,0,0,0,2
1,17,13,6,50,25,6,50,0,2
0,55,0,0,55,0,0,50,0,2
25,54,4,25,53,4,0,50,4,2
100,50,4,100,50,4,100,50,3,2
125,25,0,125,25,0,100,25,0,2
-120,68,32,100,68,32,100,62,0,2
39,17,0,39,17,0,0,5,0,2
106,20,25,106,20,25,106,14,0,2
105,0,0,104,0,1,101,0,0,2
112,75,32,112,75,32,100,75,1,2
112,51,26,112,51,26,100,50,3,2
104,53,0,104,53,0,101,50,1,2
103,73,0,100,69,1,100,57,1,2
106,59,28,106,59,28,106,59,3,2
28,70,32,28,70,32,6,62,0,2
0,72,32,0,72,32,1,59,0,2
3,56,6,3,56,6,0,50,0,2
26,64,6,25,1,25,0,0,0,2
13,22,38,13,22,38,0,12,12,2
17,60,0,17,60,0,0,50,0,2
1,55,27,1,55,27,1,50,2,2
114,53,26,114,53,26,100,53,1,2
-123,31,25,-123,31,25,100,25,0,2
-115,0,27,-115,0,27,103,0,1,2
125,29,25,125,29,27,100,25,2,2
43,19,34,43,19,34,6,12,0,2
115,12,8,115,12,8,101,12,1,2
43,6,6,44,7,0,100,0,1,2
115,67,26,115,67,26,100,62,0,2
125,68,13,125,68,13,100,56,13,2
125,50,0,125,50,0,100,50,0,2
100,57,9,100,57,9,100,50,0,2
37,70,26,37,70,26,0,62,0,2
25,71,3,25,71,3,0,63,0,2
6,56,25,6,56,25,6,50,0,2
37,51,25,37,51,25,0,50,0,2
30,62,12,30,62,12,3,63,0,2
0,1,26,0,1,26,7,25,12,2
34,13,0,34,13,0,9,12,0,2
14,14,25,14,12,17,1,12,14,2
112,56,35,112,56,35,100,50,0,2
125,25,0,125,25,0,100,25,0,2
-116,0,2,-116,0,2,101,0,0,2
-117,0,32,-117,0,32,101,0,0,2
100,0,37,45,12,37,6,12,12,2
112,19,10,112,19,10,100,13,3,2
113,71,0,113,73,1,100,60,0,2
118,62,26,118,62,26,100,50,1,2
112,69,7,112,69,7,100,57,7,2
101,62,0,100,50,7,100,50,0,2
107,68,25,107,68,25,107,62,0,2
100,56,29,100,56,29,100,50,3,2
25,50,25,25,50,25,0,50,0,2
16,51,35,16,51,35,3,51,3,2
39,50,27,42,50,31,12,50,0,2
27,65,0,26,63,6,1,62,0,2
-59,0,37,-59,0,37,-97,0,12,2
1,21,0,1,21,0,1,15,0,2
0,56,26,0,56,26,0,50,1,2
101,14,0,101,14,0,100,12,0,2
127,21,29,127,21,29,100,12,4,2
-118,4,25,-117,1,25,103,0,0,2
-113,75,32,-113,75,32,102,75,0,2
103,12,29,103,12,29,100,12,0,2
119,12,25,119,12,25,112,15,1,2
112,0,13,112,0,13,100,0,13,2
-126,65,34,-126,65,34,104,53,3,2
109,55,33,109,55,33,106,55,0,2
100,0,26,100,0,26,100,0,1,2
39,50,31,39,50,31,14,50,3,2
37,65,31,37,65,31,0,62,0,2
37,57,25,37,62,26,0,62,1,2
12,64,35,12,64,35,0,63,1,2
3,50,6,3,50,6,3,50,0,2
40,70,10,40,70,9,3,64,0,2
32,19,37,32,19,37,6,13,12,2
38,0,31,46,18,33,9,12,8,2
9,25,5,9,26,14,6,25,12,2
22,65,25,22,65,25,9,62,0,2
13,56,1,13,56,1,0,50,0,2
100,26,25,100,26,25,100,25,6,2
-118,2,32,-112,0,31,106,0,6,2
121,16,0,121,16,0,107,12,0,2
101,20,26,101,20,26,100,12,0,2
100,23,12,100,23,12,100,14,12,2
103,0,37,103,0,37,103,0,12,2
113,75,25,113,75,25,100,75,0,2
114,66,0,114,66,0,101,53,0,2
126,68,6,126,68,6,100,62,0,2
125,50,34,125,50,34,100,50,0,2
125,60,31,125,60,31,100,50,0,2
16,50,6,15,50,0,3,50,0,2
44,62,9,44,62,9,6,62,0,2
13,68,1,13,68,1,0,62,1,2
14,0,28,14,0,28,0,0,3,2
25,25,34,25,25,34,0,25,0,2
4,9,9,4,9,9,0,12,0,2
106,14,2,106,14,2,106,14,0,2
100,25,25,101,50,25,100,50,0,2
127,25,0,125,25,0,100,25,0,2
113,31,0,113,31,0,100,25,0,2
100,25,31,100,25,31,100,25,6,2
100,18,4,100,18,7,100,12,1,2
125,0,31,126,0,31,100,0,0,2
125,3,6,125,3,6,100,3,0,2
127,62,0,127,62,0,101,62,12,2
125,64,31,125,64,31,100,62,0,2
125,50,34,125,50,34,100,50,3,2
100,50,34,101,51,31,100,53,0,2
4,69,0,4,69,0,3,62,0,2
29,53,12,29,53,12,3,53,12,2
30,67,37,30,67,37,0,62,12,2
38,71,25,38,71,25,0,63,0,2
1,3,0,1,12,32,0,0,0,2
12,7,25,12,7,25,0,7,0,2
25,53,34,25,53,34,0,50,0,2
25,26,0,25,26,0,0,25,0,2
100,25,6,100,25,6,100,25,0,2
37,28,0,38,28,0,100,26,0,2
106,27,25,106,27,25,106,25,0,2
44,25,34,37,25,28,0,25,0,2
39,21,0,39,21,3,1,9,3,2
103,11,0,103,11,0,103,0,0,2
120,75,0,120,75,0,107,75,0,2
127,66,31,127,66,31,100,75,0,2
-118,55,32,-118,56,33,100,50,0,2
-127,50,32,-127,50,32,103,50,1,2
113,70,1,113,70,1,100,57,0,2
39,68,3,39,68,3,1,56,3,2
15,56,6,15,56,6,0,56,0,2
3,54,26,1,54,28,0,54,3,2
0,63,11,0,63,11,0,62,3,2
2,12,28,2,12,28,1,12,0,2
31,15,0,31,15,0,6,12,0,2
37,56,29,37,56,29,0,50,0,2
37,69,0,37,69,0,0,62,0,2
36,56,1,36,56,1,8,50,1,2
109,25,0,100,26,0,100,25,0,2
125,0,25,125,0,25,100,0,0,2
39,0,2,39,0,2,0,0,0,2
100,0,26,100,0,26,100,0,0,2
100,6,8,100,6,8,100,0,2,2
112,73,26,112,73,26,100,58,0,2
100,6,30,100,6,30,100,6,3,2
103,65,25,103,65,25,100,53,0,2
100,70,34,100,70,34,100,57,3,2
100,57,25,100,57,25,101,56,0,2
105,72,25,100,73,25,100,61,0,2
38,50,14,38,50,14,0,50,14,2
50,8,41,50,8,41,50,7,15,2
18,3,31,18,3,31,6,3,0,2
0,12,45,0,12,45,0,0,12,2
6,50,13,6,50,13,0,51,2,2
3,50,42,3,50,42,3,50,14,2
25,51,3,25,51,3,0,51,0,2
101,27,0,101,27,0,100,27,0,2
120,0,25,120,0,25,101,0,0,2
115,0,36,115,0,36,100,0,4,2
100,3,5,100,3,5,100,3,3,2
100,66,35,117,75,31,104,75,0,2
-127,76,37,-127,76,37,100,76,12,2
125,75,39,125,75,39,100,75,14,2
-110,59,25,-110,60,25,101,60,0,2
117,76,26,117,76,26,101,76,1,2
100,76,10,44,75,9,7,75,3,2
50,50,8,51,51,7,50,50,1,2
40,58,25,40,58,25,0,50,0,2
28,6,0,28,6,0,0,6,0,2
0,12,12,0,12,12,0,0,12,2
31,25,3,37,50,14,0,50,14,2
12,50,25,12,50,25,0,50,0,2
50,17,1,50,17,1,50,12,0,2
112,30,0,112,30,0,100,25,0,2
-125,2,1,-125,2,1,105,2,0,2
120,0,28,120,0,28,101,0,1,2
44,25,33,44,25,33,7,25,1,2
38,12,12,38,12,12,0,12,12,2
100,12,32,100,12,32,100,12,0,2
106,75,34,106,63,32,100,50,0,2
112,53,25,112,53,25,100,50,0,2
114,51,8,114,51,8,100,51,1,2
100,60,25,101,75,25,101,75,0,2
42,50,25,42,50,25,0,50,0,2
37,56,31,37,56,31,0,50,0,2
28,75,31,31,75,31,6,50,3,2
33,50,27,33,50,27,7,50,0,2
25,50,1,25,75,1,0,75,0,2
45,68,3,45,68,3,8,62,3,2
-50,1,41,-50,1,41,-90,0,13,2
-59,51,4,-59,51,4,-100,50,1,2
37,56,31,37,56,31,6,50,0,2
100,55,25,100,53,28,100,50,0,2
-127,1,1,-127,1,1,100,1,0,2
114,1,25,114,1,25,100,1,1,2
113,3,3,113,3,3,101,3,0,2
40,26,25,40,26,25,0,25,0,2
46,0,4,44,7,3,13,0,3,2
116,62,0,116,62,0,100,50,0,2
112,75,33,112,75,33,100,75,1,2
125,50,28,125,50,28,100,50,3,2
100,60,31,100,60,31,100,59,0,2
105,68,29,103,66,29,103,53,4,2
25,67,25,25,67,25,0,54,0,2
26,50,25,26,50,25,1,50,0,2
26,75,25,26,75,25,1,75,0,2
50,50,2,50,50,2,50,50,2,2
2,0,29,6,0,29,6,0,0,2
37,25,8,37,25,8,0,25,0,2
37,50,3,37,50,3,0,50,3,2
31,51,30,0,51,28,0,50,3,2
8,53,25,8,53,25,6,50,0,2
31,50,0,31,50,0,6,50,0,2
41,50,26,41,50,26,6,53,0,2
46,25,0,100,25,0,100,25,0,2
112,14,0,112,14,0,100,12,0,2
103,9,25,103,9,25,100,0,0,2
-126,0,3,-126,0,3,100,0,3,2
-127,65,10,-127,65,10,103,62,3,2
-127,68,6,-126,65,6,101,62,0,2
112,6,31,112,6,31,100,6,6,2
40,1,25,40,1,25,1,0,0,2
13,64,31,13,64,31,0,62,0,2
39,64,26,39,64,26,0,62,1,2
0,1,31,0,1,31,0,0,0,2
12,70,0,12,70,0,0,57,0,2
12,7,2,12,12,3,0,12,3,2
38,12,25,38,12,25,0,12,0,2
25,6,25,25,6,25,0,0,0,2
25,25,25,25,25,25,0,25,1,2
6,58,0,6,58,0,6,52,0,2
12,50,25,12,50,25,0,50,0,2
38,18,6,38,18,6,0,6,0,2
119,0,8,119,0,8,106,0,0,2
125,76,6,125,76,6,100,76,0,2
101,15,28,101,15,28,101,3,3,2
113,6,10,113,6,10,100,9,0,2
126,56,2,126,56,2,100,50,0,2
125,56,32,125,56,32,100,50,0,2
113,70,26,113,70,26,100,56,1,2
100,57,6,100,57,6,100,56,6,2
12,56,28,12,56,28,0,56,0,2
0,69,33,3,71,33,0,62,1,2
1,56,1,1,56,12,0,56,12,2
28,1,31,28,1,31,0,0,0,2
20,18,0,20,21,0,7,12,0,2
14,0,25,14,0,25,0,0,0,2
37,25,28,37,25,28,0,25,0,2
117,23,30,117,23,30,100,25,0,2
113,28,0,113,28,0,100,25,0,2
114,0,9,114,0,9,100,0,0,2
114,0,25,114,0,25,100,0,0,2
113,0,25,113,0,25,113,0,0,2
125,1,25,125,1,25,112,0,0,2
118,7,25,118,7,25,104,0,0,2
125,56,3,125,63,0,100,62,0,2
-123,75,25,-123,75,25,100,75,0,2
113,72,25,113,72,25,100,62,0,2
37,69,31,37,69,31,3,62,0,2
16,57,25,16,57,25,3,50,0,2
41,62,31,41,64,25,3,64,0,2
0,63,25,0,62,25,0,62,0,2
1,65,10,1,65,10,1,62,0,2
0,3,7,0,3,7,0,0,0,2
42,12,28,42,12,28,0,12,0,2
27,0,32,27,0,32,1,0,0,2
101,25,2,101,25,2,100,25,0,2
117,7,3,117,7,3,103,0,0,2
-124,75,0,-124,75,0,106,75,0,2
114,75,27,114,75,27,101,75,0,2
112,70,0,112,70,0,100,62,1,2
126,65,26,126,65,26,100,62,0,2
115,62,26,112,65,26,100,62,0,2
114,75,31,114,75,31,100,75,0,2
100,59,31,100,59,31,100,50,0,2
45,69,34,45,69,34,1,62,3,2
37,50,31,37,50,31,0,50,0,2
12,59,32,7,64,26,6,63,0,2
44,1,7,44,1,7,6,0,1,2
25,7,6,25,7,6,0,0,0,2
27,50,32,28,50,33,0,50,1,2
13,25,28,13,25,28,1,25,0,2
37,12,25,40,12,26,12,12,0,2
104,25,25,104,25,25,106,25,3,2
125,75,25,125,75,25,100,75,0,2
-127,75,7,-127,75,7,100,75,0,2
113,1,32,113,1,32,103,1,0,2
125,0,3,126,0,5,101,0,2,2
126,73,25,126,73,25,101,62,0,2
100,75,1,100,75,1,100,75,1,2
100,64,3,100,64,3,100,62,0,2
100,51,29,100,51,29,100,51,3,2
100,75,27,38,51,30,1,50,0,2
26,62,28,26,62,28,0,62,3,2
12,69,0,12,69,0,0,62,0,2
12,66,1,12,66,1,0,62,0,2
40,3,28,40,3,28,0,0,3,2
40,14,3,40,14,3,0,0,0,2
28,51,7,28,51,7,0,50,1,2
14,0,25,12,3,25,0,0,0,2
40,12,32,40,12,32,0,12,0,2
112,28,27,112,28,27,100,28,0,2
-124,75,35,-123,75,32,106,75,0,2
103,75,25,103,75,25,100,75,0,2
106,12,28,112,12,9,100,12,3,2
103,9,3,103,9,3,100,9,3,2
41,69,26,41,69,26,0,56,1,2
38,0,1,38,0,1,0,0,1,2
40,70,6,40,70,6,0,56,1,2
43,50,25,43,50,25,100,50,0,2
116,50,31,116,50,31,100,50,0,2
117,54,31,117,54,31,101,50,0,2
104,65,32,104,65,32,100,62,0,2
40,50,25,40,50,25,0,50,0,2
12,56,39,12,56,39,6,59,0,2
0,6,25,0,6,25,0,0,0,2
0,20,3,0,20,3,0,12,3,2
0,3,7,0,3,7,0,0,1,2
50,21,20,50,21,20,50,14,14,2
30,14,37,30,14,37,1,12,12,2
114,0,39,114,0,39,101,0,12,2
-123,75,37,-118,76,37,100,75,12,2
100,0,25,100,0,25,100,0,0,2
41,7,37,41,7,37,0,0,12,2
43,9,12,43,9,12,0,0,12,2
100,0,33,100,0,33,100,0,1,2
100,75,25,100,75,25,100,75,0,2
100,65,28,100,65,28,100,75,3,2
110,75,25,110,75,25,106,75,0,2
112,51,25,112,51,25,100,51,0,2
118,50,25,118,50,25,106,50,0,2
107,75,25,107,75,25,101,75,0,2
25,75,26,25,75,26,0,75,0,2
16,0,35,16,0,35,0,0,3,2
6,0,12,6,0,12,6,0,12,2
1,1,1,1,1,1,1,0,0,2
12,8,13,12,8,13,6,0,12,2
8,62,25,10,62,34,10,62,0,2
40,30,0,40,28,31,0,25,6,2
112,25,25,112,25,25,100,25,0,2
115,6,9,115,3,9,103,0,0,2
48,1,0,48,1,0,12,0,0,2
108,10,25,108,10,25,106,0,0,2
114,73,16,113,69,13,103,62,14,2
120,70,0,120,70,0,107,62,0,2
112,0,25,112,0,25,100,0,0,2
101,58,27,101,58,27,100,50,14,2
106,56,38,106,56,38,106,56,12,2
39,57,37,37,56,37,0,50,12,2
28,51,0,28,51,0,0,50,0,2
7,56,26,7,56,26,7,50,1,2
14,0,13,14,0,13,0,0,13,2
0,14,25,0,14,25,0,14,0,2
0,4,9,0,4,9,0,0,0,2
6,50,12,6,50,12,6,50,0,2
25,25,37,25,25,37,0,25,12,2
101,25,27,101,25,26,101,25,0,2
112,0,25,112,0,25,100,0,0,2
119,0,34,119,0,34,106,0,9,2
100,10,0,100,0,0,100,0,0,2
106,14,25,106,14,25,100,12,0,2
118,73,9,118,73,9,106,64,3,2
117,62,0,117,62,0,103,62,1,2
125,57,39,125,57,39,100,50,14,2
106,58,27,106,58,27,106,58,0,2
100,66,25,100,66,25,0,63,0,2
37,50,31,37,50,31,0,50,0,2
12,50,9,12,50,9,0,50,0,2
3,0,32,3,0,32,3,0,0,2
1,67,7,1,67,7,0,62,0,2
21,12,3,21,12,3,6,12,1,2
8,25,26,8,25,26,8,25,0,2
18,25,31,18,27,32,6,25,0,2
17,26,25,17,26,25,3,26,0,2
18,25,31,18,25,31,12,25,6,2
40,0,7,40,0,6,3,0,6,2
114,0,0,114,0,0,101,0,0,2
119,1,0,119,1,0,100,0,0,2
118,4,26,118,4,26,100,3,0,2
-124,75,0,-124,75,0,106,75,0,2
-117,75,26,-117,75,26,100,75,0,2
115,0,33,115,0,33,100,0,1,2
-123,50,0,-123,50,0,100,50,0,2
38,75,35,38,75,35,0,75,0,2
32,50,25,32,50,25,6,50,0,2
12,57,26,12,57,26,0,51,1,2
44,55,34,44,55,34,7,50,0,2
39,62,3,39,62,3,0,62,1,2
0,16,0,0,16,0,0,12,0,2
12,12,8,14,10,10,0,0,0,2
15,25,11,15,25,11,0,25,11,2
103,7,33,103,25,32,100,25,7,2
126,2,25,126,2,25,101,0,0,2
126,0,25,126,0,25,100,0,0,2
113,68,6,112,68,7,100,0,7,2
114,0,28,114,0,28,100,0,0,2
116,1,6,116,1,6,113,1,0,2
112,3,0,112,3,0,100,0,0,2
106,1,29,106,1,29,106,1,3,2
105,62,30,105,62,30,100,62,3,2
-127,54,3,-127,54,3,103,50,0,2
125,50,25,125,50,25,100,50,0,2
37,75,12,37,75,12,0,75,12,2
0,62,11,0,62,11,0,62,14,2
38,62,14,38,62,14,7,0,14,2
34,14,46,34,14,46,9,14,14,2
18,25,37,26,25,43,1,25,12,2
50,50,25,50,50,25,50,50,0,2
37,50,1,37,50,1,0,50,1,2
104,31,25,104,31,25,104,25,0,2
119,2,7,119,2,7,106,2,7,2
115,0,34,115,0,31,103,0,6,2
38,0,34,38,0,34,0,0,0,2
103,19,2,103,18,2,103,12,1,2
106,1,0,106,1,0,106,0,0,2
-127,62,34,-127,62,34,103,62,3,2
125,71,35,125,69,0,100,56,0,2
-126,50,31,-126,50,31,100,50,0,2
42,66,33,42,66,33,3,63,1,2
28,68,35,31,68,35,6,62,4,2
12,63,35,12,63,35,0,63,3,2
3,56,37,3,50,38,0,50,12,2
4,53,1,4,53,1,0,53,0,2
3,50,27,3,50,27,0,50,1,2
14,17,0,14,17,0,1,12,0,2
3,0,1,3,0,1,0,25,0,2
25,1,29,25,1,29,6,0,0,2
26,54,25,26,54,25,0,50,0,2
103,1,31,100,0,31,100,0,0,2
126,0,25,126,0,25,101,0,0,2
125,75,31,125,75,31,100,75,6,2
100,0,0,100,0,0,100,0,0,2
107,19,28,107,19,28,100,12,0,2
117,6,14,117,6,14,103,0,12,2
103,0,0,103,0,0,103,0,0,2
37,12,37,37,12,38,0,0,13,2
25,12,36,25,12,36,0,0,4,2
25,62,34,25,62,34,0,50,6,2
37,58,10,37,58,10,0,56,0,2
28,70,25,28,70,25,3,57,0,2
31,12,1,31,15,13,0,3,12,2
100,1,37,100,1,37,100,1,12,2
115,0,14,115,0,14,103,0,12,2
-116,0,31,-116,0,31,100,0,0,2
100,25,2,100,25,2,100,25,1,2
1,62,25,2,58,18,0,58,12,2
28,59,29,28,59,29,3,50,4,2
25,50,0,25,50,0,0,50,0,2
37,3,10,43,3,10,6,3,0,2
126,0,10,126,0,10,100,0,1,2
115,16,12,115,16,12,103,6,1,2
42,13,37,43,12,39,6,12,12,2
117,3,0,117,3,0,103,0,0,2
-118,62,3,-118,62,3,100,50,3,2
112,73,25,112,73,25,100,59,0,2
112,57,31,112,57,31,100,50,6,2
28,60,25,28,60,25,3,60,0,2
13,50,9,13,50,9,0,50,6,2
0,53,25,0,53,25,0,53,0,2
0,66,12,0,66,12,0,53,12,2
37,1,25,37,1,25,3,0,3,2
28,14,0,28,14,0,0,1,0,2
100,18,25,103,12,28,100,0,0,2
112,25,32,112,25,32,100,25,0,2
125,0,4,125,0,4,100,0,3,2
121,1,0,121,1,0,100,0,0,2
33,0,6,33,0,6,6,0,0,2
41,10,10,42,10,10,3,0,0,2
104,0,0,104,0,0,103,0,0,2
117,59,26,117,59,26,103,59,1,2
125,59,37,125,59,37,125,56,6,2
126,57,26,126,57,26,100,57,0,2
102,71,30,102,71,30,109,56,0,2
100,57,27,100,57,27,100,56,0,2
25,68,26,25,68,26,0,56,0,2
14,54,32,14,54,32,0,53,6,2
14,67,1,14,67,1,1,56,0,2
5,50,12,5,50,12,0,50,12,2
43,0,37,43,0,37,6,0,12,2
31,3,30,31,16,40,6,3,15,2
1,11,11,1,11,11,0,9,4,2
25,67,35,25,67,35,0,62,3,2
100,50,28,100,50,28,100,50,0,2
-115,17,31,-115,17,31,103,14,0,2
112,75,1,112,75,30,100,75,3,2
116,16,9,116,16,9,103,0,3,2
115,15,25,115,15,25,100,3,0,2
106,13,14,106,13,14,106,12,14,2
106,7,28,106,7,28,106,7,3,2
101,7,25,100,8,25,100,6,0,2
25,0,25,25,0,25,0,0,0,2
25,68,25,25,68,25,0,56,0,2
43,57,29,43,56,28,6,56,0,2
100,51,33,100,51,33,100,51,6,2
-127,50,7,-126,54,7,104,54,0,2
103,51,14,104,50,12,104,50,12,2
113,62,0,113,62,0,100,50,0,2
28,68,13,28,68,13,0,62,12,2
45,53,31,44,53,31,6,50,6,2
25,67,0,19,1,0,6,1,0,2
0,22,16,0,22,16,0,12,12,2
12,62,0,12,62,0,0,56,0,2
0,57,26,0,57,26,0,56,1,2
101,62,1,101,62,1,101,50,1,2
109,51,1,109,51,1,100,25,0,2
100,0,0,100,0,0,100,0,0,2
-114,2,28,-127,2,30,103,2,3,2
100,0,37,100,0,37,100,0,12,2
103,21,31,103,21,31,103,12,0,2
112,7,6,112,7,6,100,7,6,2
118,62,3,118,62,3,106,62,3,2
113,73,25,102,0,25,100,0,0,2
106,62,25,106,62,25,100,50,0,2
38,59,32,38,59,32,0,59,6,2
28,51,27,28,51,25,3,51,0,2
13,62,25,13,62,25,0,62,0,2
7,63,34,6,66,0,6,53,0,2
1,6,25,1,6,25,1,2,0,2
3,13,2,3,13,2,3,13,0,2
31,18,3,31,18,3,6,12,3,2
43,50,29,43,50,29,6,50,0,2
31,53,31,31,53,31,1,53,1,2
112,5,26,112,5,26,100,0,1,2
119,25,28,119,25,28,106,25,3,2
106,25,9,106,25,9,106,25,3,2
106,0,33,106,0,33,106,0,2,2
125,0,25,125,0,25,100,0,3,2
125,75,1,125,75,1,100,75,1,2
126,54,26,125,56,25,100,56,0,2
109,75,25,109,75,25,106,75,0,2
25,0,2,25,0,2,0,0,0,2
12,75,25,12,75,25,0,75,0,2
0,59,27,0,59,27,0,59,0,2
0,53,28,6,58,31,6,58,0,2
19,64,0,19,64,0,6,64,0,2
14,6,38,14,6,38,0,6,12,2
12,25,0,12,25,0,0,0,0,2
40,51,0,40,51,0,0,50,0,2
28,50,25,28,50,25,3,14,0,2
42,25,32,42,25,32,3,25,0,2
117,29,25,113,4,29,100,0,1,2
114,75,25,114,75,25,100,75,0,2
100,11,6,100,11,6,100,0,0,2
125,1,36,125,1,36,100,0,0,2
-118,64,8,-118,64,8,112,64,1,2
-118,57,6,-118,57,0,100,50,0,2
101,6,31,101,6,31,100,6,6,2
37,64,32,37,64,32,0,62,6,2
0,64,8,0,64,8,0,64,6,2
43,56,27,39,56,26,1,50,0,2
45,62,34,1,62,6,0,62,0,2
3,65,25,3,65,25,3,62,0,2
12,12,0,13,13,13,0,13,13,2
12,25,4,12,25,4,0,25,1,2
100,1,25,100,1,25,100,0,0,2
112,9,25,112,9,25,106,0,0,2
118,1,25,118,1,25,106,0,0,2
-125,1,25,-125,1,25,102,1,0,2
120,0,6,120,0,6,106,0,0,2
112,19,37,112,19,37,100,12,12,2
102,18,25,102,18,25,112,12,12,2
100,7,0,100,7,0,100,0,3,2
14,6,40,14,6,40,2,0,15,2
37,55,25,37,55,25,12,50,0,2
25,56,28,25,56,28,0,50,3,2
115,56,0,115,56,0,100,50,0,2
101,50,31,101,50,31,100,50,0,2
100,71,31,37,73,32,0,62,0,2
31,50,25,31,50,25,6,50,0,2
6,58,0,6,58,0,0,50,0,2
0,12,3,0,12,3,0,12,3,2
38,15,32,39,25,33,0,25,2,2
1,17,10,1,17,10,7,12,0,2
26,25,33,26,25,33,0,25,0,2
119,25,32,119,25,32,107,25,7,2
125,0,31,125,0,31,100,0,6,2
114,0,34,114,0,34,101,0,9,2
103,0,6,103,0,6,9,0,3,2
44,0,41,44,0,41,6,0,12,2
109,7,25,106,6,25,106,0,0,2
112,2,12,112,2,12,100,1,12,2
114,62,0,114,62,0,114,62,0,2
112,50,31,112,50,31,100,50,0,2
103,60,29,103,60,29,100,60,4,2
25,63,26,20,58,28,7,51,3,2
15,62,25,15,62,25,12,62,0,2
12,0,0,12,0,0,0,0,0,2
14,4,18,14,0,20,0,0,12,2
50,50,3,50,50,3,50,50,0,2
38,56,26,38,56,26,3,50,0,2
112,26,32,112,26,32,112,25,7,2
116,7,0,116,7,0,100,0,0,2
110,3,26,110,3,26,106,0,1,2
50,32,1,50,32,1,50,25,0,2
42,32,25,42,32,25,12,25,3,2
32,26,1,32,26,1,7,26,1,2
37,0,3,37,0,3,0,0,0,2
105,1,7,105,1,7,102,0,1,2
114,65,4,114,65,4,101,53,0,2
107,69,0,107,69,0,100,63,0,2
101,59,1,101,59,1,100,50,0,2
100,63,0,100,64,2,100,64,2,2
30,74,7,30,74,7,1,63,0,2
25,11,6,25,11,6,0,0,0,2
15,50,9,15,50,9,3,50,0,2
47,56,3,47,56,3,9,50,0,2
31,70,12,25,70,12,0,62,0,2
25,50,32,25,50,32,0,50,6,2
39,28,25,39,28,25,1,28,0,2
103,0,27,103,0,27,100,1,7,2
50,25,28,50,25,28,50,25,3,2
34,26,2,34,26,2,6,25,1,2
34,6,26,34,6,26,9,0,3,2
100,0,25,100,18,25,100,12,0,2
112,3,25,112,3,25,112,3,0,2
-127,56,15,-127,56,15,103,50,12,2
105,50,1,105,50,1,104,50,0,2
32,50,40,32,50,40,7,50,12,2
25,55,30,8,50,28,7,50,0,2
12,6,0,12,6,0,0,0,0,2
10,4,40,10,4,40,9,1,12,2
0,10,19,0,10,19,0,3,7,2
25,6,33,25,7,32,0,1,7,2
101,3,40,101,3,40,102,0,0,2
34,14,1,34,14,1,9,12,1,2
27,12,28,30,12,25,5,12,0,2
28,14,12,28,14,12,3,12,0,2
25,15,37,25,15,37,0,13,0,2
30,8,13,30,8,13,0,0,4,2
45,62,1,45,62,1,7,62,0,2
114,53,1,125,54,0,100,53,0,2
127,51,34,127,51,34,102,50,0,2
126,59,0,126,59,0,100,50,0,2
112,73,0,112,73,0,100,64,0,2
31,7,3,31,7,3,6,0,0,2
21,0,0,21,1,0,9,0,0,2
25,3,35,25,3,35,0,0,1,2
32,62,6,32,62,6,7,62,0,2
108,62,28,108,68,25,106,62,0,2
107,50,25,107,50,25,107,50,0,2
-127,0,34,-127,0,34,100,0,0,2
50,19,28,51,12,25,51,12,0,2
47,50,12,47,50,12,10,50,12,2
1,61,15,1,61,15,1,53,3,2
41,54,12,41,55,14,3,52,1,2
30,0,12,30,0,12,1,12,2,2
43,71,0,43,71,0,2,62,0,2
100,55,12,100,58,12,100,50,0,2
101,71,1,101,71,1,100,62,1,2
116,0,38,116,0,38,103,0,0,2
125,2,5,125,2,5,100,0,3,2
125,6,32,125,6,32,100,0,0,2
103,62,26,100,62,1,100,62,1,2
25,62,3,25,62,3,0,50,0,2
14,64,25,14,64,25,12,64,0,2
37,68,8,37,68,8,12,62,6,2
100,19,25,100,19,25,100,12,0,2
51,5,3,51,14,16,50,14,15,2
44,78,28,44,78,28,6,78,3,2
0,50,0,0,50,0,0,50,0,2
25,26,31,25,26,25,0,25,0,2
37,3,0,37,3,0,0,0,0,2
42,1,0,42,1,0,12,1,0,2
103,0,7,103,0,7,103,14,6,2
107,0,25,106,0,35,100,0,10,2
104,12,6,104,12,6,101,12,6,2
105,3,3,105,3,3,103,0,0,2
100,68,27,100,68,27,100,56,2,2
106,50,26,106,50,26,106,50,0,2
40,50,25,37,68,25,0,62,0,2
18,65,0,18,65,0,6,62,0,2
25,13,28,25,13,28,0,13,0,2
25,25,32,25,25,32,0,25,7,2
26,26,31,26,26,31,0,26,0,2
31,53,0,31,53,0,0,50,0,2
32,25,6,32,25,6,0,25,6,2
30,25,31,28,26,25,0,26,0,2
28,6,1,28,6,1,3,0,0,2
25,3,25,25,3,25,0,0,0,2
27,19,25,27,19,25,1,0,1,2
46,14,6,46,14,6,12,14,0,2
101,0,1,100,0,1,100,0,1,2
100,8,3,100,8,3,100,9,1,2
113,62,1,113,62,1,100,50,0,2
-124,75,3,-124,75,3,100,75,3,2
125,53,0,125,53,0,100,50,0,2
101,64,0,101,68,4,101,56,0,2
28,19,6,28,19,6,0,7,0,2
12,50,1,12,50,1,0,50,0,2
37,0,7,37,0,7,0,0,1,2
28,77,26,28,77,26,3,75,0,2
12,51,25,12,51,25,0,50,0,2
25,25,7,25,25,10,0,25,0,2
32,3,0,31,3,0,6,3,0,2
50,0,33,50,0,33,50,0,0,2
53,0,12,53,0,12,50,0,12,2
106,0,12,106,0,12,106,0,12,2
114,12,6,114,12,6,100,0,0,2
106,9,37,106,9,37,100,3,12,2
103,14,25,103,14,25,100,1,0,2
112,69,1,112,69,1,112,56,1,2
112,51,3,112,51,3,100,50,3,2
125,75,3,125,75,3,100,75,3,2
109,68,0,109,68,0,100,56,0,2
31,20,1,31,20,1,6,6,1,2
53,12,25,53,12,25,53,0,0,2
15,63,31,15,63,31,3,62,0,2
3,0,12,3,0,12,0,0,12,2
12,50,25,16,50,25,0,50,0,2
36,28,25,36,28,25,7,25,0,2
112,6,25,114,0,25,100,0,0,2
112,1,9,113,2,10,100,0,0,2
101,12,37,101,12,37,100,0,12,2
39,19,12,39,19,12,0,6,12,2
50,7,37,50,7,37,50,7,12,2
37,12,29,37,9,27,0,0,0,2
38,8,28,38,8,28,0,8,3,2
100,68,38,100,68,38,100,53,12,2
100,51,1,100,51,1,100,50,1,2
-117,55,0,-117,55,0,100,53,0,2
-118,64,0,-118,50,0,-118,50,0,2
118,50,27,118,50,27,118,50,1,2
37,50,25,37,50,25,37,50,0,2
26,1,25,26,1,25,1,0,0,2
27,1,0,27,1,0,0,1,0,2
50,50,17,50,50,17,50,56,15,2
16,68,25,16,68,25,3,56,0,2
6,53,39,5,53,40,4,53,3,2
106,6,12,106,6,12,106,0,12,2
112,2,8,112,2,8,100,0,0,2
46,4,32,50,4,34,50,0,0,2
50,23,37,50,23,37,50,12,0,2
101,2,25,101,0,25,100,0,0,2
41,12,3,41,12,3,3,0,0,2
39,13,35,39,13,35,0,0,3,2
100,62,29,100,62,29,100,50,1,2
-127,54,25,-127,54,25,100,50,0,2
101,57,0,39,62,0,0,50,0,2
41,67,6,41,67,6,3,52,0,2
54,18,43,54,18,43,54,6,12,2
44,50,23,44,50,23,6,50,14,2
38,71,53,38,71,53,0,59,0,2
112,50,39,125,12,39,100,0,12,2
-113,0,12,-113,0,12,101,0,0,2
60,3,52,60,3,52,56,3,0,2
110,0,50,110,0,50,103,0,0,2
107,19,29,103,21,1,103,7,0,2
100,12,0,100,12,0,100,3,0,2
125,19,51,125,19,51,100,7,0,2
115,3,14,112,0,13,100,0,13,2
105,69,4,105,69,4,102,57,1,2
25,57,0,25,57,0,0,57,0,2
12,62,13,12,62,16,4,50,15,2
50,53,45,50,53,45,50,53,14,2
55,69,6,51,1,7,50,1,0,2
17,50,44,17,50,44,50,50,12,2
53,71,6,53,71,6,53,59,6,2
100,50,32,100,50,32,100,50,0,2
-124,0,15,-124,0,15,100,0,3,2
-123,1,13,125,19,17,100,7,5,2
55,12,44,55,12,44,51,0,7,2
53,11,7,53,11,7,50,8,0,2
50,0,3,50,0,3,50,0,0,2
103,2,4,103,2,4,103,0,3,2
100,1,2,100,3,0,100,0,0,2
100,1,39,100,1,39,100,0,12,2
100,64,26,100,64,26,100,51,0,2
108,56,25,108,56,25,102,56,0,2
37,53,6,37,53,5,0,50,3,2
51,62,14,51,62,14,50,50,15,2
23,68,43,23,68,43,1,56,12,2
50,9,13,19,9,13,0,9,13,2
56,12,41,56,12,41,50,0,15,2
20,63,51,20,63,51,0,50,0,2
25,50,51,25,53,26,0,53,3,2
125,6,1,125,6,1,100,6,1,2
113,20,12,113,20,12,100,7,12,2
101,13,48,101,13,48,100,0,0,2
50,1,16,50,1,16,50,0,13,2
56,3,3,56,3,3,50,3,0,2
100,15,2,100,15,2,100,12,0,2
115,14,0,112,8,0,100,8,0,2
100,13,51,100,13,51,100,0,1,2
101,0,32,101,0,32,100,0,0,2
39,66,25,39,66,25,0,50,0,2
46,57,25,46,57,25,2,57,0,2
35,62,31,34,64,37,3,50,12,2
50,62,3,50,62,3,50,50,3,2
50,15,0,50,15,0,50,12,0,2
50,15,0,50,15,0,50,12,0,2
50,53,50,50,54,50,50,53,0,2
50,64,31,50,64,31,50,63,0,2
101,66,37,101,66,37,100,62,12,2
103,15,31,107,12,50,100,0,0,2
100,16,25,100,16,25,100,3,0,2
101,15,12,101,15,12,101,12,12,2
103,69,51,103,71,50,100,0,0,2
112,12,0,112,12,0,100,12,0,2
107,5,0,107,5,0,106,5,0,2
112,1,50,112,1,50,101,3,0,2
-124,56,25,-124,56,25,100,56,0,2
40,62,6,40,62,6,0,50,0,2
16,50,6,16,50,6,3,50,0,2
1,50,0,1,50,1,0,50,0,2
26,0,34,26,0,34,1,0,3,2
25,1,13,25,1,13,0,1,12,2
39,10,50,39,10,50,1,10,0,2
100,50,52,100,50,52,100,50,2,2
103,50,0,103,69,0,100,62,0,2
-116,9,0,-116,9,3,101,0,3,2
50,66,1,50,66,1,50,53,0,2
56,3,56,56,3,56,50,3,0,2
103,0,13,101,1,12,101,1,12,2
100,6,3,100,6,3,103,0,3,2
101,50,57,101,50,57,100,50,0,2
115,60,50,115,60,50,100,56,0,2
46,56,5,46,56,5,3,56,5,2
10,51,50,10,51,50,3,50,0,2
52,53,53,52,53,53,50,56,0,2
56,50,1,56,50,1,56,50,1,2
50,3,1,50,3,1,50,3,0,2
50,0,50,50,0,50,50,0,0,2
29,50,50,29,50,50,4,50,0,2
18,50,53,18,50,53,6,50,3,2
101,63,30,101,63,30,100,62,3,2
-126,26,38,-125,26,43,105,26,6,2
103,6,7,103,6,7,100,0,0,2
50,25,50,50,25,50,50,25,0,2
103,0,51,103,0,51,100,0,0,2
100,0,4,100,0,4,100,0,4,2
106,0,55,110,0,55,109,0,5,2
106,3,50,103,6,50,100,0,0,2
100,50,50,100,50,50,100,50,0,2
100,51,51,100,51,51,100,51,0,2
56,63,54,57,63,50,56,50,0,2
50,50,54,50,50,54,56,50,0,2
52,53,53,52,53,53,50,50,0,2
50,54,53,50,54,53,50,51,3,2
56,44,3,56,44,3,56,38,0,2
50,52,57,50,52,57,50,52,6,2
50,64,53,50,64,53,100,63,0,2
-123,9,8,-123,9,8,107,3,8,2
100,12,22,100,12,22,100,12,6,2
103,9,0,103,9,0,103,0,0,2
50,9,11,50,9,11,50,0,10,2
103,0,1,103,0,1,103,15,1,2
100,12,0,100,12,0,100,12,0,2
100,7,1,100,12,0,100,0,0,2
107,62,39,107,62,39,106,50,12,2
112,62,25,112,62,25,100,62,0,2
50,57,12,50,57,12,50,56,12,2
36,69,29,36,69,29,10,62,3,2
25,54,39,25,54,39,0,51,12,2
50,62,13,50,62,13,50,62,13,2
21,12,29,21,12,29,9,12,0,2
14,56,17,14,56,17,0,50,3,2
15,72,0,12,73,0,0,66,0,2
38,29,3,100,25,3,100,25,0,2
100,31,33,100,31,33,100,25,0,2
101,1,32,101,0,32,100,0,0,2
38,0,16,38,0,16,13,0,3,2
39,10,0,39,10,0,0,10,0,2
120,0,39,120,0,39,100,0,0,2
116,3,12,116,3,12,103,3,12,2
103,51,32,103,51,32,100,51,7,2
106,63,25,106,63,25,106,62,0,2
102,56,12,102,56,12,100,50,12,2
22,50,13,21,50,25,9,50,0,2
19,53,39,19,53,39,13,50,14,2
19,55,13,19,55,13,12,53,12,2
12,0,29,12,0,29,12,0,0,2
3,56,12,3,56,12,0,50,12,2
45,68,0,45,68,0,0,62,0,2
34,28,37,34,28,37,6,25,12,2
106,0,32,106,0,32,100,0,0,2
112,78,25,112,77,25,112,75,0,2
109,75,12,109,75,12,109,75,12,2
100,21,25,100,21,25,10,14,1,2
109,69,13,109,72,12,109,62,12,2
102,69,43,102,69,43,100,62,12,2
103,62,39,103,62,39,103,62,12,2
101,62,34,101,62,34,100,62,3,2
113,50,37,113,50,37,100,50,12,2
103,56,31,103,56,31,103,50,0,2
41,56,37,41,50,37,3,50,12,2
25,62,37,25,62,37,0,62,12,2
14,0,14,14,0,14,1,0,12,2
12,18,25,12,18,25,0,0,12,2
7,15,12,7,15,12,7,12,12,2
27,26,36,27,26,36,1,25,1,2
44,25,26,44,25,26,9,25,0,2
106,6,28,106,6,28,100,0,0,2
106,81,33,106,81,33,106,81,1,2
50,76,9,50,76,9,50,76,7,2
46,75,25,46,75,25,46,75,0,2
100,53,3,100,53,3,100,50,3,2
106,0,38,106,0,38,100,0,0,2
112,65,12,112,65,12,100,62,12,2
114,73,9,114,73,9,100,62,0,2
101,74,3,112,50,3,107,50,3,2
46,52,25,46,52,25,6,51,0,2
45,50,39,45,50,39,14,50,14,2
28,59,37,28,59,37,0,62,12,2
50,69,12,50,69,12,50,62,12,2
47,9,25,49,12,37,10,12,12,2
45,21,14,45,21,14,14,15,2,2
26,19,25,26,19,25,1,13,0,2
113,0,27,113,0,27,100,0,0,2
125,2,3,125,2,3,100,0,0,2
114,0,38,106,1,25,100,0,0,2
50,24,14,50,24,14,50,16,1,2
51,12,25,51,12,25,51,12,0,2
120,62,6,118,62,6,112,62,6,2
112,65,25,112,65,25,100,62,0,2
112,63,12,112,63,14,100,63,1,2
125,64,37,125,64,39,100,64,12,2
101,63,26,101,63,26,100,63,0,2
25,62,18,25,62,18,0,62,12,2
12,62,13,12,62,13,0,62,12,2
14,59,37,18,0,42,12,0,12,2
18,3,18,18,3,18,6,0,12,2
32,0,0,32,0,0,7,12,0,2
37,50,39,37,50,39,0,50,0,2
31,50,0,31,50,0,0,50,0,2
100,2,9,100,2,9,100,1,7,2
100,13,38,100,13,38,100,13,0,2
106,6,16,100,9,4,100,3,1,2
106,3,46,106,3,46,100,3,7,2
100,6,14,100,6,14,100,0,12,2
115,63,0,115,63,0,106,50,0,2
116,50,37,116,50,37,103,50,12,2
112,57,28,112,63,17,100,62,14,2
38,50,12,38,50,12,0,50,12,2
15,53,25,15,53,25,0,50,0,2
25,50,25,25,51,28,3,50,12,2
37,50,2,37,50,2,0,50,1,2
32,1,17,31,4,17,6,0,12,2
32,19,37,32,19,37,3,14,12,2
38,15,16,38,15,16,12,12,12,2
37,50,25,37,50,25,0,50,0,2
44,25,0,44,25,0,12,25,0,2
113,0,29,112,0,31,100,0,6,2
106,75,25,106,75,25,106,75,0,2
107,0,0,107,0,0,106,1,0,2
107,0,31,107,0,31,100,0,0,2
112,71,0,112,71,0,112,62,0,2
112,62,37,112,62,37,112,62,13,2
111,62,27,111,62,27,100,62,2,2
100,62,11,100,62,11,100,62,1,2
39,50,5,39,50,5,1,50,1,2
28,53,17,28,53,17,0,53,12,2
25,66,37,25,66,37,6,62,12,2
37,62,44,37,62,44,0,62,6,2
25,56,7,25,57,7,0,51,7,2
23,3,37,23,3,37,9,0,0,2
50,50,13,50,50,13,50,50,0,2
0,50,25,1,68,25,0,64,1,2
6,50,38,6,50,38,0,50,0,2
38,15,31,41,7,31,13,0,0,2
39,1,36,39,1,36,3,0,0,2
103,18,25,103,18,25,103,12,0,2
25,0,1,25,0,1,0,0,1,2
15,62,27,17,62,26,1,62,1,2
10,62,31,10,62,31,0,62,12,2
4,0,18,4,0,18,4,0,13,2
12,51,43,6,51,6,0,50,0,2
3,53,25,3,53,25,0,50,0,2
100,50,35,100,50,35,100,50,9,2
100,25,28,100,25,28,100,25,3,2
112,3,28,112,3,28,100,0,3,2
101,0,25,101,2,12,101,0,0,2
51,0,41,51,0,41,51,0,12,2
44,1,26,44,1,26,6,0,1,2
43,0,0,43,0,0,6,0,0,2
103,12,25,103,12,25,103,0,0,2
116,0,25,113,6,34,100,0,0,2
112,67,37,112,67,37,112,51,12,2
-117,75,12,-117,75,12,100,75,12,2
50,16,43,53,13,42,53,0,15,2
53,51,25,53,51,25,50,51,0,2
25,20,1,25,20,1,3,12,0,2
100,7,52,100,10,50,100,10,0,2
-105,69,50,-105,69,50,-105,56,0,2
108,64,3,108,64,3,106,62,3,2
106,7,51,106,5,51,106,1,1,2
107,2,0,107,2,0,100,7,0,2
126,10,51,126,10,51,101,9,0,2
100,66,12,100,66,12,106,57,12,2
115,12,32,115,12,32,100,12,1,2
32,62,31,32,62,31,6,50,0,2
6,66,44,6,66,44,50,62,0,2
9,66,38,9,66,38,6,53,12,2
50,1,18,56,12,19,56,12,12,2
50,54,50,50,54,50,50,57,0,2
26,50,25,26,50,25,0,50,0,2
115,63,50,115,63,50,103,50,0,2
102,12,46,102,12,46,102,0,12,2
103,20,0,100,21,0,100,14,0,2
56,6,50,56,6,50,56,0,0,2
100,7,7,100,7,7,100,0,7,2
51,2,1,51,2,1,50,2,1,2
54,6,1,54,6,1,51,0,1,2
101,0,57,100,1,58,100,0,0,2
119,0,50,118,1,50,100,1,0,2
106,50,52,106,50,52,100,50,0,2
113,52,31,113,52,31,100,51,0,2
28,52,25,50,50,25,50,50,0,2
31,53,20,31,53,20,3,50,12,2
39,64,6,39,64,6,12,64,0,2
100,19,25,100,19,25,100,12,0,2
51,6,6,51,6,6,51,6,0,2
31,69,50,31,69,50,0,62,0,2
50,55,50,50,55,50,50,50,0,2
37,13,52,37,13,52,0,13,0,2
43,9,51,43,9,51,0,0,0,2
50,6,50,50,6,50,50,6,0,2
50,0,51,50,0,51,50,0,0,2
50,6,50,50,6,50,50,0,0,2
101,4,6,101,4,6,100,3,6,2
103,0,6,103,0,4,103,0,3,2
103,0,0,103,0,0,103,0,0,2
118,50,51,118,50,51,106,50,1,2
112,51,25,112,57,25,100,50,0,2
37,53,25,37,53,25,0,53,0,2
50,50,26,50,50,26,50,50,0,2
31,50,44,31,50,44,6,50,12,2
40,2,24,40,2,24,12,0,12,2
25,50,5,25,50,5,0,50,2,2
53,66,15,53,66,15,50,53,15,2
50,51,50,50,51,50,53,50,0,2
110,14,50,110,14,50,106,12,0,2
-127,1,50,-127,1,50,103,1,0,2
104,3,50,104,3,50,101,0,0,2
56,8,51,56,8,51,50,6,0,2
102,6,8,102,6,8,100,0,1,2
100,56,1,100,56,1,100,50,1,2
100,72,50,100,68,50,100,62,0,2
125,0,53,125,0,53,100,0,0,2
103,52,50,103,52,50,103,52,0,2
100,53,30,100,53,30,100,53,0,2
50,69,2,50,69,2,50,62,2,2
50,62,50,51,62,50,50,62,0,2
50,57,50,50,57,50,50,57,0,2
50,54,50,50,54,50,50,50,0,2
6,2,6,7,4,3,6,4,3,2
1,52,52,1,52,52,1,51,0,2
50,69,23,50,50,23,50,50,10,2
108,50,51,107,53,42,106,50,4,2
110,53,53,110,53,53,103,53,0,2
121,12,8,121,12,8,103,12,8,2
115,13,6,100,12,3,100,12,3,2
56,3,50,59,3,56,59,0,6,2
50,0,56,50,0,56,50,0,6,2
100,0,3,100,0,3,100,0,3,2
100,14,6,100,14,6,100,12,6,2
115,65,51,115,65,51,100,53,1,2
115,0,53,115,0,53,100,0,0,2
107,69,50,107,69,50,100,62,0,2
100,51,50,100,51,50,100,50,0,2
101,64,34,101,64,34,101,62,9,2
52,62,52,52,62,52,50,50,1,2
50,50,50,50,50,50,50,50,0,2
50,51,0,50,51,0,50,51,0,2
50,25,23,50,25,23,50,25,10,2
50,14,50,50,14,50,50,13,0,2
1,60,54,1,60,54,0,51,0,2
52,56,51,50,59,50,50,50,3,2
39,60,0,39,60,0,1,51,0,2
107,4,51,100,4,51,100,4,0,2
50,1,50,52,0,56,50,0,0,2
50,0,56,50,0,56,50,0,0,2
50,3,3,50,3,3,50,0,0,2
106,1,9,106,1,9,100,3,0,2
100,0,12,100,0,12,100,0,0,2
122,3,50,122,3,50,103,3,0,2
121,50,53,121,50,53,103,50,0,2
100,64,51,100,64,51,100,64,0,2
106,62,25,106,62,25,100,62,0,2
50,50,50,50,50,50,50,50,0,2
50,52,50,50,52,50,50,51,0,2
50,59,0,50,59,0,50,50,0,2
53,14,5,53,14,5,50,1,0,2
50,63,3,51,62,3,50,62,0,2
7,62,51,7,62,51,50,50,0,2
37,50,50,37,50,50,0,50,0,2
106,51,51,101,50,0,101,50,0,2
114,14,46,114,14,46,101,12,12,2
103,1,50,103,1,50,103,0,0,2
54,0,57,54,6,57,50,6,0,2
53,0,50,53,0,50,50,0,0,2
103,3,6,103,1,0,103,1,0,2
100,8,12,100,8,12,100,1,0,2
100,14,51,100,14,51,100,0,0,2
51,0,50,51,0,50,51,0,0,2
50,65,50,50,65,50,50,51,0,2
37,52,50,37,52,50,2,51,0,2
50,50,54,50,50,54,50,50,1,2
54,50,56,54,50,56,53,50,0,2
53,10,56,53,10,56,3,9,0,2
62,3,6,62,3,6,50,0,0,2
102,3,56,102,3,56,100,3,0,2
112,9,53,113,9,53,100,3,0,2
100,17,50,100,12,60,100,12,0,2
101,50,50,101,50,50,100,50,0,2
52,1,62,52,0,63,1,0,13,2
50,0,60,50,0,60,50,0,0,2
58,4,53,58,4,53,50,0,3,2
65,0,12,62,6,14,50,0,2,2
100,1,0,100,1,0,100,0,0,2
104,1,12,104,1,12,101,0,0,2
100,0,51,100,0,51,100,0,1,2
103,66,50,103,66,50,100,53,0,2
101,4,50,101,4,50,100,0,1,2
44,62,51,44,62,51,13,62,0,2
44,53,25,44,53,25,6,53,0,2
50,51,37,50,51,37,50,50,0,2
103,50,0,103,50,0,100,50,0,2
101,68,6,100,65,2,100,0,0,2
103,12,0,103,12,0,100,12,0,2
59,50,64,53,56,62,53,56,12,2
0,50,62,0,56,62,0,50,12,2
50,50,50,50,50,50,50,50,0,2
106,9,51,106,9,51,100,3,1,2
100,15,1,114,18,0,112,12,0,2
107,14,50,106,14,56,106,12,6,2
53,0,56,53,0,56,53,0,0,2
100,4,4,100,4,4,100,3,0,2
53,0,9,53,0,9,53,0,9,2
106,1,2,106,1,2,106,1,0,2
103,52,50,103,52,50,106,50,0,2
123,50,25,123,50,25,110,50,0,2
50,56,21,50,56,21,50,50,12,2
51,62,50,51,62,50,51,62,0,2
29,57,38,29,57,38,3,51,0,2
50,62,2,50,62,2,53,50,0,2
52,65,0,52,65,0,51,62,0,2
50,0,3,50,0,3,50,0,0,2
55,62,50,55,62,50,52,62,0,2
39,50,51,39,50,51,0,50,1,2
103,50,50,103,51,53,106,50,0,2
115,17,51,115,17,51,100,12,0,2
100,12,0,100,12,3,100,0,3,2
50,12,52,51,7,55,50,0,0,2
62,1,51,62,1,51,50,0,0,2
56,0,52,56,0,52,56,0,1,2
60,3,3,60,3,3,59,0,0,2
56,0,18,59,3,19,59,0,12,2
100,4,0,100,4,0,100,0,0,2
101,53,50,101,53,50,101,50,0,2
126,51,53,126,51,53,100,50,0,2
34,59,53,34,59,53,6,50,0,2
53,51,50,53,51,50,50,50,1,2
50,21,59,50,21,59,50,12,0,2
27,50,2,27,50,2,0,50,2,2
50,2,7,50,2,7,50,0,7,2
50,0,57,53,0,57,50,0,0,2
29,51,61,29,51,61,12,50,4,2
100,50,50,100,50,50,100,50,0,2
125,6,56,125,12,58,100,0,0,2
125,3,51,125,3,51,100,0,0,2
100,0,56,100,0,56,100,0,0,2
67,0,60,67,0,60,62,3,0,2
63,6,62,63,6,62,50,0,12,2
100,0,12,100,2,0,100,2,0,2
109,3,3,109,3,3,100,0,0,2
126,0,51,126,0,51,100,0,0,2
100,0,50,100,0,50,100,0,0,2
100,51,53,100,51,53,100,51,0,2
50,60,50,50,60,50,50,50,0,2
50,56,50,50,56,50,50,50,0,2
14,59,53,14,59,53,12,50,3,2
50,63,3,50,63,3,50,63,0,2
50,12,1,50,12,1,50,12,1,2
30,50,50,30,50,50,12,53,0,2
50,12,50,39,18,56,0,14,0,2
50,57,51,50,56,51,50,56,0,2
39,57,50,39,57,50,0,50,0,2
112,50,52,112,50,52,112,50,1,2
103,7,58,103,7,58,103,1,0,2
53,4,57,53,4,57,53,1,1,2
50,0,50,50,0,50,60,0,0,2
62,0,52,62,0,52,62,0,0,2
100,3,1,100,3,1,100,0,0,2
100,0,0,100,0,0,100,0,0,2
100,6,51,100,6,51,100,6,0,2
100,62,53,100,62,53,100,62,0,2
100,52,52,100,52,52,100,50,0,2
53,58,53,53,58,53,53,52,0,2
30,50,50,30,50,50,1,50,0,2
50,50,50,50,50,50,50,50,0,2
50,14,1,29,12,0,0,0,0,2
53,0,12,53,0,12,53,0,12,2
56,71,51,57,69,58,56,62,7,2
51,63,57,50,64,60,50,64,9,2
102,55,50,102,55,50,100,54,0,2
112,13,56,112,13,56,103,0,0,2
100,0,58,100,0,58,100,0,0,2
68,50,50,68,0,50,50,0,0,2
56,3,56,56,3,56,50,3,0,2
72,0,8,72,0,8,65,0,0,2
103,12,13,103,12,13,100,12,13,2
106,0,0,106,0,0,106,0,0,2
-123,1,50,-123,1,50,108,0,0,2
100,60,51,100,60,51,100,50,1,2
38,56,50,38,56,50,0,50,0,2
50,50,50,50,50,50,50,50,0,2
53,53,50,53,53,50,50,53,0,2
50,50,52,50,50,52,53,50,1,2
46,0,6,46,0,6,6,0,6,2
50,51,54,54,51,54,53,51,3,2
54,64,58,54,64,58,53,64,7,2
50,56,53,50,56,53,50,50,0,2
109,51,50,109,51,50,103,0,3,2
125,3,53,125,3,53,100,0,0,2
120,15,0,114,12,0,112,12,0,2
64,1,52,64,1,52,50,1,0,2
56,1,15,56,1,15,50,0,2,2
50,0,0,50,0,0,50,0,0,2
100,12,12,100,12,12,100,12,0,2
106,1,1,106,6,0,106,0,0,2
100,16,56,100,16,56,100,13,6,2
100,0,50,100,0,50,100,0,0,2
121,54,51,121,54,51,109,54,0,2
100,50,51,100,50,51,100,50,0,2
39,57,50,40,50,55,3,50,4,2
41,51,1,41,51,1,0,50,0,2
51,13,7,51,13,7,51,12,1,2
50,12,7,50,12,7,50,12,0,2
50,66,56,50,62,56,50,62,6,2
53,53,50,53,53,50,53,62,3,2
28,52,51,28,52,51,0,51,1,2
103,50,56,100,50,51,100,50,1,2
109,3,57,109,3,57,109,0,0,2
66,0,58,66,0,58,53,0,0,2
64,1,51,64,1,51,62,0,0,2
102,6,12,102,6,12,101,0,12,2
107,0,16,102,6,12,100,0,12,2
100,0,50,100,0,50,100,0,0,2
100,16,64,100,16,64,100,12,12,2
119,67,31,119,67,31,106,64,0,2
100,55,53,100,55,53,100,53,3,2
50,62,50,51,62,50,51,62,0,2
51,56,50,51,56,50,51,50,0,2
50,50,58,50,50,58,50,50,1,2
52,51,3,52,51,3,51,50,0,2
53,6,14,53,6,14,50,0,12,2
6,62,55,0,70,53,0,62,3,2
56,59,56,56,59,56,56,50,0,2
51,62,0,51,62,0,50,62,0,2
100,56,0,100,56,0,100,50,0,2
125,0,0,125,0,0,100,0,0,2
114,0,1,114,0,1,100,0,0,2
63,3,62,63,3,62,50,0,0,2
50,3,50,50,3,50,50,3,1,2
50,1,19,50,1,19,50,0,12,2
100,9,0,100,9,0,100,3,0,2
100,12,0,100,12,0,100,12,0,2
100,4,53,100,4,53,100,1,0,2
101,62,53,100,53,50,100,53,0,2
100,51,50,100,51,50,100,50,0,2
106,66,28,106,66,28,100,66,3,2
37,50,50,37,50,50,0,50,0,2
52,57,52,52,57,52,50,50,1,2
53,0,3,53,0,3,53,0,0,2
59,12,0,59,12,0,59,12,0,2
52,50,50,52,50,50,50,50,0,2
3,54,53,1,50,53,1,50,0,2
43,50,50,43,50,50,6,50,0,2
100,50,50,100,50,50,100,50,0,2
-127,0,6,-127,0,10,100,0,10,2
101,12,0,101,12,0,101,12,0,2
50,7,58,50,7,58,50,0,8,2
56,0,6,56,0,6,50,0,12,2
53,12,3,53,12,3,50,0,3,2
100,3,0,100,3,0,100,0,0,2
121,3,53,121,3,53,106,0,0,2
100,7,50,100,7,50,100,0,0,2
112,51,33,112,51,33,100,50,0,2
102,51,18,102,51,18,100,50,12,2
51,53,50,51,53,50,50,53,0,2
57,51,51,57,62,51,51,62,1,2
50,0,0,50,0,0,50,0,0,2
58,12,0,58,14,0,58,12,0,2
50,19,58,50,19,58,50,12,8,2
53,13,59,53,13,59,53,12,9,2
100,4,50,100,4,50,100,6,0,2
101,7,9,101,7,9,101,0,9,2
57,0,10,57,0,10,56,0,9,2
55,5,64,55,5,64,50,5,2,2
64,0,51,64,0,51,51,0,0,2
53,6,3,53,6,3,50,0,12,2
62,8,1,62,8,1,62,2,1,2
67,6,66,63,7,62,62,0,0,2
106,0,68,106,0,68,106,0,6,2
106,62,56,106,62,56,106,62,0,2
119,50,59,119,50,59,106,50,0,2
101,50,53,101,50,53,101,50,3,2
53,53,59,53,50,50,50,50,0,2
51,1,50,51,1,50,51,0,0,2
53,0,12,53,0,12,53,0,12,2
56,0,0,56,0,0,56,0,0,2
50,53,53,50,57,51,50,50,0,2
50,62,50,50,62,50,50,50,0,2
107,50,62,107,50,62,101,50,0,2
103,0,3,103,0,12,103,0,12,2
102,4,62,102,4,62,100,1,0,2
53,0,50,53,0,50,50,0,0,2
59,3,62,59,3,62,51,4,7,2
62,0,14,62,0,14,62,0,12,2
62,0,19,65,5,19,65,3,6,2
100,3,4,100,3,4,100,0,0,2
114,54,62,114,54,62,112,50,12,2
102,62,62,102,62,62,101,62,0,2
102,57,59,102,57,59,101,51,0,2
102,50,51,101,59,51,101,50,0,2
56,56,57,56,56,57,50,50,7,2
56,50,0,56,50,0,56,50,0,2
62,53,15,62,53,15,50,53,12,2
56,7,12,56,7,12,56,0,12,2
52,0,62,51,8,68,50,0,6,2
62,0,66,62,3,66,50,0,3,2
53,18,75,53,18,75,50,13,0,2
60,26,72,60,26,72,54,25,12,2
68,12,75,68,12,75,56,12,0,2
55,13,75,55,13,75,50,13,0,2
76,12,53,76,12,53,50,12,3,2
100,0,25,100,0,25,100,0,0,2
64,48,27,64,48,27,51,39,2,2
100,0,0,100,0,0,100,0,0,2
66,0,71,66,0,71,50,0,13,2
62,0,69,62,0,69,50,0,13,2
100,51,68,100,51,69,100,51,13,2
105,57,65,105,57,65,100,50,12,2
103,51,3,103,51,3,103,51,0,2
101,53,0,101,53,0,100,51,0,2
112,50,0,112,50,0,110,50,0,2
69,3,0,69,1,1,56,0,0,2
57,0,21,57,0,21,50,0,12,2
65,54,20,65,54,20,53,50,7,2
51,50,50,50,50,73,50,50,12,2
56,50,65,56,50,65,50,50,12,2
50,0,64,51,1,62,51,1,0,2
54,0,64,64,0,69,64,0,6,2
50,3,56,50,3,56,50,3,6,2
62,1,62,62,1,62,62,1,0,2
62,0,13,62,0,13,62,0,0,2
100,4,15,100,4,15,62,0,0,2
104,1,0,104,1,0,104,1,0,2
103,1,59,103,0,59,103,0,0,2
102,64,53,102,64,53,100,64,0,2
100,54,50,100,54,50,100,53,0,2
50,56,51,50,56,51,50,50,0,2
50,53,56,50,53,56,50,53,6,2
50,60,2,50,10,1,50,3,0,2
51,50,8,51,50,8,51,50,8,2
50,65,51,50,66,50,50,63,0,2
50,50,50,50,50,50,50,50,0,2
50,3,53,50,3,53,50,3,3,2
100,6,50,100,4,62,100,1,0,2
101,0,1,101,0,1,101,0,0,2
52,3,50,52,3,50,50,3,0,2
65,3,53,65,3,53,62,1,3,2
64,1,14,64,1,14,62,1,1,2
101,3,20,101,3,20,101,0,0,2
109,0,0,109,0,0,100,0,0,2
103,62,3,103,62,3,103,62,0,2
100,62,0,100,62,0,100,62,0,2
101,54,53,101,54,53,100,51,3,2
56,56,57,56,56,57,50,50,0,2
56,59,53,56,59,53,50,53,0,2
50,56,0,51,53,6,50,53,0,2
57,0,7,56,7,7,56,0,0,2
50,18,62,50,18,62,50,12,12,2
59,57,50,59,57,50,50,50,0,2
37,51,66,38,51,66,0,50,12,2
100,6,60,100,1,59,100,1,9,2
103,9,62,103,9,62,100,3,0,2
62,1,62,67,0,64,62,0,0,2
100,3,50,100,3,50,100,3,0,2
106,3,50,106,3,50,100,0,0,2
103,2,18,103,2,18,100,13,0,2
101,0,56,101,0,56,100,0,6,2
100,9,62,100,9,62,100,3,12,2
100,59,53,100,59,53,100,50,3,2
50,53,7,50,53,7,50,53,7,2
7,53,50,7,53,50,50,50,6,2
58,3,57,58,3,57,56,0,7,2
53,7,9,53,7,9,53,0,0,2
102,50,62,102,50,62,101,50,0,2
103,52,50,103,52,50,103,51,0,2
109,50,63,109,50,63,100,0,0,2
100,12,12,100,12,12,100,12,0,2
106,10,0,100,1,6,100,1,6,2
52,7,53,50,3,51,50,3,0,2
62,2,53,62,2,53,62,0,3,2
62,0,0,62,0,0,62,0,0,2
101,6,12,101,6,12,101,0,0,2
100,7,67,103,6,67,103,0,4,2
107,1,62,107,1,62,106,1,12,2
100,57,50,100,57,50,100,53,0,2
56,50,62,56,50,62,56,50,12,2
50,50,56,50,50,56,50,50,6,2
53,50,5,53,50,4,53,50,0,2
103,1,3,103,1,3,100,1,3,2
56,7,50,56,7,50,56,1,0,2
100,52,51,100,52,51,100,52,1,2
50,56,68,50,56,68,50,50,6,2
100,50,56,100,50,56,101,50,6,2
109,3,0,109,3,0,109,3,0,2
67,0,0,67,0,0,54,0,0,2
62,16,51,62,16,51,62,16,0,2
107,4,19,107,4,19,107,3,7,2
112,12,21,112,6,18,100,1,0,2
112,0,0,112,0,0,100,0,0,2
106,2,66,104,57,60,103,51,10,2
100,57,50,101,59,50,101,50,0,2
50,52,62,50,52,62,50,50,0,2
52,20,62,52,20,62,52,14,0,2
51,27,65,51,27,65,52,26,0,2
53,52,11,65,0,19,50,0,7,2
55,0,50,55,0,50,54,0,0,2
50,53,72,50,53,72,56,51,0,2
50,50,59,50,50,59,50,50,3,2
59,25,62,59,25,62,50,25,12,2
50,50,62,50,0,66,50,0,3,2
101,1,10,101,1,10,101,0,9,2
67,0,1,67,0,1,54,0,0,2
70,15,56,70,15,56,57,12,6,2
69,25,53,69,25,53,56,25,3,2
100,22,7,100,22,7,106,14,4,2
106,12,71,106,12,71,106,12,7,2
100,53,53,101,51,50,100,51,0,2
106,53,50,106,53,50,106,50,0,2
55,50,50,55,50,50,53,50,0,2
54,50,51,57,51,50,57,50,0,2
57,53,58,57,53,58,56,50,6,2
59,60,13,59,60,13,56,50,0,2
65,3,14,69,7,14,56,0,0,2
54,57,64,54,57,64,54,50,2,2
56,53,64,56,53,64,54,50,0,2
100,9,50,100,9,50,100,1,0,2
100,1,1,100,6,0,100,0,0,2
106,9,3,106,9,3,106,3,3,2
64,4,64,64,4,64,51,0,0,2
64,28,57,64,28,57,64,28,7,2
68,18,12,68,18,12,62,12,0,2
100,0,25,100,0,25,100,0,0,2
103,1,6,103,1,6,100,0,6,2
112,0,64,112,0,64,100,0,2,2
101,56,53,101,56,53,101,50,3,2
108,50,57,108,50,57,106,50,6,2
56,51,51,57,50,54,57,50,4,2
51,50,54,51,50,54,50,50,4,2
53,53,10,53,53,10,53,50,9,2
52,3,3,52,3,3,50,0,3,2
64,51,51,64,51,51,50,51,1,2
56,64,64,56,64,66,56,62,6,2
50,50,67,50,50,67,50,50,3,2
103,1,66,103,1,66,103,1,3,2
106,6,65,106,6,66,106,0,3,2
112,8,0,112,8,0,100,1,0,2
62,50,50,62,50,50,57,0,6,2
65,0,53,65,0,53,53,0,3,2
112,10,12,112,10,12,112,3,0,2
103,0,21,103,0,21,103,0,7,2
106,4,0,106,4,0,106,0,4,2
100,57,63,100,57,63,107,50,3,2
100,56,50,100,56,50,100,50,0,2
100,50,57,50,0,56,50,0,6,2
50,50,51,50,50,51,50,50,0,2
53,50,65,53,50,65,53,50,3,2
62,0,12,62,0,12,50,0,0,2
50,0,9,50,0,9,50,0,0,2
20,50,62,51,50,62,50,50,0,2
50,50,59,50,50,59,50,50,9,2
101,53,0,-123,50,0,107,50,0,2
-120,0,0,-120,0,0,107,0,0,2
103,0,12,103,0,12,103,0,0,2
68,22,63,68,22,63,50,0,0,2
62,0,69,62,0,69,62,0,6,2
64,0,19,64,0,19,50,0,7,2
62,1,25,62,1,25,50,0,0,2
64,0,7,64,0,7,51,0,0,2
114,48,68,114,48,68,100,38,12,2
101,52,51,101,52,51,100,51,1,2
100,56,64,100,56,62,100,50,0,2
52,50,50,52,50,50,50,50,0,2
51,50,64,51,50,64,50,50,1,2
50,54,12,50,54,12,50,51,0,2
50,6,0,50,6,0,50,0,0,2
56,0,52,57,0,53,56,0,3,2
50,50,60,50,50,61,50,50,0,2
50,50,68,50,50,68,50,50,12,2
106,50,62,106,50,62,106,50,0,2
100,2,64,100,2,62,100,0,0,2
109,0,75,109,0,75,106,1,0,2
60,0,62,60,0,62,57,0,0,2
75,14,65,75,14,65,62,12,0,2
69,6,23,69,6,23,56,0,11,2
100,0,0,100,0,0,100,0,0,2
112,0,6,112,0,6,100,0,6,2
101,56,0,101,56,0,101,50,0,2
100,54,62,100,51,62,100,51,0,2
62,50,50,62,50,50,50,50,0,2
53,51,51,53,51,51,53,51,1,2
50,53,66,50,53,66,50,50,3,2
51,62,14,51,62,14,50,62,1,2
60,25,14,50,26,13,50,26,0,2
68,3,57,68,3,57,56,0,7,2
63,55,69,63,55,69,50,51,13,2
50,50,75,50,51,75,50,50,0,2
106,23,56,106,23,56,106,13,6,2
106,2,0,103,0,0,103,0,0,2
100,8,12,103,8,12,103,1,0,2
75,22,52,75,22,52,50,12,2,2
106,0,21,106,0,21,106,0,12,2
103,0,0,103,0,0,104,0,0,2
69,0,3,69,0,3,56,0,0,2
101,3,68,101,3,68,100,0,12,2
100,53,62,100,50,62,100,50,12,2
56,52,65,56,52,65,50,52,12,2
50,17,50,50,17,50,50,14,0,2
50,53,0,50,53,0,50,50,0,2
57,0,15,57,0,15,57,0,12,2
50,0,0,62,6,3,50,0,0,2
67,0,63,67,0,63,51,0,12,2
64,51,69,63,50,72,50,50,12,2
62,50,63,62,50,63,50,50,12,2
107,0,75,107,0,75,106,0,0,2
69,1,68,69,1,71,50,0,0,2
62,0,7,62,0,7,50,0,7,2
66,18,60,66,18,60,53,12,0,2
100,0,17,100,0,17,100,0,12,2
100,0,0,100,0,0,100,0,0,2
114,0,12,114,0,12,100,2,0,2
100,0,68,100,0,68,100,0,12,2
107,50,53,100,50,50,100,50,0,2
50,32,67,50,32,67,50,25,5,2
51,35,0,51,35,0,50,25,0,2
60,50,18,60,50,18,60,50,12,2
54,1,14,54,1,14,53,0,0,2
68,1,57,70,0,56,57,0,6,2
60,50,66,60,50,66,60,50,12,2
51,56,56,51,56,56,50,50,0,2
50,50,62,50,50,62,50,50,12,2
65,0,70,62,1,71,62,0,9,2
63,0,71,63,0,71,50,0,0,2
53,12,50,53,12,50,53,12,0,2
72,15,64,72,15,64,62,16,13,2
103,3,51,103,3,51,100,0,0,2
112,12,25,112,12,25,100,12,0,2
103,5,0,103,5,0,100,0,1,2
103,51,65,103,51,65,100,50,15,2
101,54,66,101,54,66,101,50,13,2
103,55,64,103,55,64,103,50,12,2
50,53,64,50,53,64,50,50,14,2
12,32,57,12,32,57,3,37,13,2
17,12,21,17,12,21,1,12,15,2
59,43,59,59,43,59,56,31,3,2
62,6,56,62,6,56,50,0,0,2
62,53,54,62,53,54,50,53,3,2
100,50,9,100,50,9,100,50,12,2
50,50,0,50,50,0,50,50,0,2
115,0,12,113,0,13,100,0,13,2
72,37,1,72,37,1,59,37,0,2
53,31,51,53,31,51,53,25,1,2
53,25,26,53,25,26,50,25,0,2
75,17,25,75,17,11,50,12,3,2
101,0,25,101,0,25,100,0,0,2
119,42,18,119,42,18,106,29,16,2
114,51,0,114,50,0,102,50,0,2
115,53,63,115,53,63,103,53,13,2
59,50,50,59,50,50,56,50,0,2
50,21,50,50,22,51,50,50,0,2
64,25,65,64,25,65,51,25,15,2
50,7,18,50,7,18,50,7,12,2
53,0,18,53,0,18,53,0,12,2
76,44,75,76,44,75,51,37,0,2
53,62,50,53,62,50,50,62,0,2
75,53,59,75,53,59,50,50,0,2
50,51,74,50,51,74,50,51,13,2
57,45,61,57,45,61,56,37,1,2
62,37,64,62,37,64,50,25,12,2
53,18,50,53,18,50,53,28,0,2
75,19,64,75,19,64,50,12,14,2
62,23,25,62,23,25,50,12,0,2
103,0,25,103,0,25,103,0,0,2
112,6,2,112,6,2,100,0,1,2
100,1,6,100,1,6,100,0,0,2
103,6,55,101,6,54,100,6,3,2
63,35,53,63,35,53,50,26,3,2
59,51,50,59,51,50,56,50,0,2
50,28,67,52,50,65,50,50,12,2
53,52,18,53,52,18,50,0,12,2
62,0,14,62,0,14,50,0,12,2
69,0,50,69,50,70,50,50,15,2
68,50,50,68,50,50,50,50,0,2
59,50,72,59,50,72,56,50,15,2
53,50,68,53,50,68,50,50,15,2
50,1,64,50,1,64,50,0,14,2
75,1,53,75,1,53,50,1,0,2
50,28,51,50,28,51,50,0,1,2
68,0,25,68,0,25,50,0,0,2
112,50,10,112,50,10,100,50,4,2
100,7,18,100,7,18,100,7,12,2
100,2,72,100,1,71,100,0,15,2
112,57,68,112,57,68,100,57,17,2
62,52,62,62,52,62,50,50,12,2
62,29,62,62,29,62,50,29,12,2
59,50,64,59,50,64,56,50,13,2
62,0,15,62,3,13,50,3,13,2
63,24,6,63,24,6,50,8,0,2
51,6,56,51,6,56,51,6,0,2
57,3,68,57,3,68,50,3,12,2
50,50,69,54,50,69,50,50,12,2
50,5,69,50,5,69,50,0,15,2
51,44,63,51,44,63,51,37,13,2
63,0,64,68,0,64,56,0,12,2
78,17,53,78,17,53,50,5,3,2
77,22,64,77,22,64,50,9,12,2
111,30,21,111,30,21,100,0,14,2
100,0,25,100,0,25,100,0,0,2
100,0,72,100,0,72,100,0,13,2
112,0,56,112,0,56,100,0,0,2
68,50,56,68,50,56,50,50,0,2
63,29,50,63,29,50,50,29,0,2
66,31,69,66,31,69,50,31,13,2
53,50,12,53,50,12,53,50,12,2
50,0,6,50,0,6,50,0,0,2
62,44,50,62,44,50,50,32,0,2
66,0,75,75,0,75,50,0,0,2
107,45,81,107,45,81,100,32,0,2
75,43,76,75,43,0,50,31,0,2
68,28,75,69,31,68,56,31,12,2
55,37,75,55,37,75,51,37,0,2
78,0,71,78,0,71,53,0,15,2
80,17,25,80,17,25,50,12,0,2
75,12,14,75,12,14,50,12,1,2
100,7,0,100,7,0,100,7,0,2
100,46,0,100,46,0,100,34,0,2
101,33,8,101,33,8,100,26,1,2
114,33,9,114,33,9,101,25,3,2
66,34,62,66,34,62,51,37,12,2
57,28,69,57,28,69,56,28,12,2
51,31,6,51,31,6,50,31,0,2
53,9,22,53,9,22,50,0,12,2
52,32,17,52,32,17,52,32,14,2
75,43,50,75,43,50,50,26,0,2
64,1,53,64,1,53,52,0,3,2
62,0,76,62,0,76,50,0,0,2
64,39,69,64,39,69,51,25,12,2
67,31,0,67,31,0,53,31,0,2
78,7,65,78,7,76,53,7,0,2
76,16,51,76,16,51,51,12,1,2
68,21,51,68,21,25,56,12,0,2
108,15,25,100,13,25,100,12,0,2
112,0,0,112,0,0,100,0,0,2
112,44,0,112,44,0,100,31,0,2
108,50,6,108,50,6,100,25,0,2
100,50,52,100,50,52,56,50,2,2
50,15,53,50,15,53,50,3,0,2
56,32,6,56,32,6,56,26,0,2
53,0,21,53,0,21,50,0,12,2
75,12,25,75,12,25,50,0,0,2
100,0,54,100,0,54,100,0,0,2
62,50,53,62,50,53,50,50,3,2
25,25,50,25,25,76,0,25,0,2
62,0,75,62,0,75,50,0,0,2
64,34,62,64,34,62,51,25,12,2
106,18,75,106,18,75,106,6,0,2
84,14,79,84,14,79,53,1,3,2
81,3,51,81,12,51,56,0,0,2
101,12,31,101,12,31,100,12,0,2
101,14,3,101,14,3,101,2,0,2
77,18,3,77,18,3,54,12,3,2
106,41,72,106,41,72,106,37,15,2
117,30,63,112,25,63,100,25,13,2
100,50,56,100,50,56,100,50,0,2
62,13,56,62,13,56,50,12,0,2
63,26,69,63,26,69,50,25,12,2
75,41,10,75,41,10,50,28,3,2
75,0,25,75,3,25,50,3,0,2
53,0,25,53,0,25,53,0,0,2
56,50,53,56,50,53,50,50,3,2
62,10,75,62,10,75,55,10,0,2
53,12,51,53,12,51,50,12,1,2
69,43,71,69,43,71,56,25,14,2
62,0,76,62,0,76,50,0,0,2
75,31,59,75,31,59,50,31,0,2
75,18,75,75,18,75,50,6,0,2
75,25,25,75,25,25,50,25,0,2
81,25,28,81,25,28,56,26,0,2
100,20,25,100,20,25,100,12,0,2
107,6,0,107,6,1,100,6,1,2
121,11,0,121,11,0,103,10,0,2
119,50,0,119,50,0,106,50,0,2
110,35,62,110,35,62,106,25,12,2
52,50,57,52,50,57,50,50,0,2
58,37,68,58,37,0,56,25,0,2
54,0,13,54,0,13,51,0,12,2
56,0,15,56,0,15,50,0,12,2
56,1,51,56,1,51,50,1,0,2
76,3,75,76,3,75,51,0,0,2
53,42,75,53,42,75,56,0,0,2
50,39,75,50,39,75,50,25,0,2
75,31,78,75,31,78,50,31,3,2
75,9,75,75,9,75,50,9,0,2
78,0,56,78,0,56,50,0,0,2
57,3,51,57,3,51,50,3,0,2
83,12,31,82,12,32,50,0,1,2
104,14,25,100,1,3,100,0,3,2
119,3,6,119,3,6,100,3,0,2
109,34,0,107,34,0,100,34,0,2
103,31,75,103,31,75,100,25,0,2
100,26,75,100,26,75,100,25,0,2
53,25,58,50,26,57,56,25,0,2
50,45,64,50,45,64,50,37,12,2
56,12,0,56,12,0,56,12,0,2
71,28,28,71,28,28,53,28,1,2
80,43,50,80,43,50,52,31,0,2
62,5,53,62,6,51,50,6,1,2
68,4,78,68,4,78,56,0,0,2
66,26,75,66,26,75,50,25,0,2
75,31,78,75,31,78,50,25,0,2
84,7,50,84,7,50,56,0,0,2
83,25,50,83,25,50,50,25,0,2
81,13,25,81,13,25,56,13,0,2
100,14,25,100,14,25,100,1,0,2
100,12,0,105,12,0,103,0,0,2
121,43,79,121,43,79,103,31,0,2
100,29,75,100,29,75,100,26,0,2
115,34,75,115,31,75,100,25,0,2
54,30,75,54,30,75,51,25,0,2
50,43,57,50,43,57,50,37,0,2
51,0,0,50,0,0,50,0,0,2
75,17,28,75,17,28,50,25,0,2
82,40,50,82,40,50,50,28,0,2
102,0,56,101,50,56,100,50,1,2
100,0,75,100,0,75,100,0,0,2
75,37,78,75,37,78,50,37,0,2
78,28,75,78,28,75,54,25,0,2
82,25,77,82,25,77,50,25,0,2
78,1,53,82,12,54,56,12,0,2
87,7,32,87,7,32,50,1,6,2
100,13,25,100,13,25,100,12,0,2
100,12,0,100,12,0,100,12,0,2
125,43,75,125,43,75,100,37,0,2
106,26,75,103,26,75,100,25,0,2
116,18,75,116,18,75,100,12,0,2
60,26,50,60,26,50,57,25,0,2
60,25,50,59,32,50,59,25,0,2
51,0,0,51,0,0,50,0,0,2
56,25,26,56,25,26,50,25,0,2
55,46,51,51,0,51,51,0,0,2
78,0,75,78,0,75,53,0,0,2
80,15,75,80,15,75,51,13,0,2
67,0,75,67,0,75,53,0,0,2
100,37,77,100,37,77,100,28,0,2
75,21,79,75,21,79,50,9,1,2
87,13,79,87,2,78,50,2,0,2
79,25,51,79,25,51,50,25,1,2
87,25,32,87,25,32,50,25,7,2
101,8,8,101,8,8,100,0,0,2
100,5,0,100,5,0,100,5,0,2
100,43,78,100,45,75,100,37,0,2
100,30,78,100,30,78,100,26,3,2
82,12,75,82,12,75,56,12,0,2
81,25,75,81,25,75,56,25,0,2
76,31,0,76,31,0,50,25,0,2
89,30,0,87,32,0,50,25,0,2
84,14,25,84,14,25,59,12,0,2
81,37,56,81,37,56,50,25,0,2
39,12,50,40,13,50,0,0,0,2
28,12,81,28,12,81,0,0,0,2
64,37,77,64,37,77,51,25,1,2
100,25,75,100,25,75,100,25,1,2
101,16,75,101,16,75,100,3,0,2
82,25,52,82,25,52,56,25,1,2
62,14,27,62,14,27,53,3,0,2
81,25,8,81,25,8,56,25,0,2
87,30,0,87,30,0,50,29,0,2
86,26,5,101,28,4,101,28,3,2