28,43,43,28,43,43,3,37,6,3
0,15,0,0,15,0,0,12,0,3
-43,0,3,-43,0,3,50,0,3,3
-61,8,3,-61,8,3,-75,8,3,3
20,15,0,20,15,0,0,0,25,3
37,7,1,37,7,1,0,0,0,3
0,50,42,13,0,39,13,0,39,3
27,1,57,27,1,57,0,1,1,3
0,32,0,0,32,0,0,25,0,3
0,25,-25,0,25,-25,0,25,25,3
2,0,2,2,0,2,0,0,2,3
52,78,5,52,78,5,6,0,4,3
25,86,100,25,86,100,0,35,0,3
31,100,79,31,100,79,25,100,3,3
0,0,13,0,0,13,0,0,1,3
-25,22,12,-25,22,12,25,16,12,3
-25,0,-23,-25,0,-23,50,0,-49,3
0,0,7,0,0,7,0,0,6,3
62,1,25,62,1,25,62,0,0,3
26,4,13,26,4,13,0,0,13,3
39,25,0,1,25,31,1,0,25,3
25,0,18,25,0,18,0,0,18,3
0,0,-18,0,0,-18,0,0,-18,3
0,53,14,0,53,14,31,0,0,3
71,101,0,58,100,12,1,100,0,3
7,109,4,7,109,4,6,3,0,3
50,1,62,50,1,62,0,1,11,3
7,27,25,7,27,25,6,25,25,3
-23,1,0,-23,1,0,76,1,0,3
-24,1,-17,-20,1,-18,-70,0,6,3
12,63,103,12,63,103,12,63,3,3
26,50,63,39,44,63,39,31,12,3
0,1,9,0,1,9,3,0,3,3
13,6,-46,13,6,-46,13,0,3,3
7,6,-9,1,3,1,1,3,1,3
14,100,16,14,100,16,0,0,3,3
28,100,0,28,100,0,0,25,25,3
9,25,38,9,25,38,9,25,0,3
-32,20,9,-49,6,3,50,6,0,3
-36,15,-31,-36,15,-31,-50,12,12,3
0,39,6,0,39,6,0,37,6,3
79,14,3,79,14,3,26,0,0,3
50,51,100,50,51,100,50,51,0,3
6,1,12,0,4,0,0,4,0,3
31,3,25,31,3,25,6,3,0,3
18,25,0,18,25,0,0,25,0,3
6,0,-14,0,-23,-25,0,-23,25,3
44,50,3,44,50,3,25,50,0,3
-38,8,12,-38,8,12,100,8,0,3
4,12,-22,4,12,-22,0,12,27,3
0,41,59,0,41,59,0,3,59,3
2,26,100,2,26,100,1,0,0,3
75,60,-123,62,74,-127,62,59,25,3
103,16,100,103,16,100,100,12,0,3
40,13,0,40,13,0,25,0,0,3
0,12,-5,0,12,-5,0,12,12,3
0,2,-37,0,2,-37,0,0,0,3
3,0,-4,3,0,-4,3,12,-25,3
28,112,4,28,112,4,28,12,1,3
10,0,19,10,0,19,3,0,18,3
-25,20,22,-25,20,22,50,0,0,3
25,8,6,25,8,6,0,8,6,3
12,11,0,12,11,0,1,0,0,3
25,8,-43,25,8,-43,25,7,0,3
52,29,70,52,29,70,1,3,0,3
5,25,25,5,25,25,0,0,25,3
-49,7,0,-28,0,-21,12,0,-24,3
28,0,-21,28,0,-21,0,0,-25,3
27,40,65,27,40,65,13,0,9,3
0,3,9,0,3,9,0,0,3,3
3,-31,-37,3,-31,-37,3,12,0,3
52,12,59,66,2,65,50,2,0,3
-25,12,12,-25,12,12,50,0,0,3
-36,5,-49,-36,5,-49,-36,5,0,3
100,1,100,100,1,100,0,0,6,3
6,29,3,6,29,3,0,1,0,3
29,13,0,29,13,0,0,12,0,3
3,6,31,3,6,31,0,0,25,3
-25,6,0,-25,6,0,100,6,-36,3
31,1,-16,22,28,-13,21,0,4,3
35,50,51,35,50,51,17,0,25,3
22,9,32,22,9,32,9,9,7,3
9,-21,-34,9,-21,-37,0,0,3,3
25,21,-23,25,21,-23,0,0,-24,3
50,0,56,3,14,51,0,0,0,3
-25,19,17,-25,19,17,25,12,15,3
-23,0,-28,-23,0,-28,50,0,-34,3
53,0,16,53,0,16,3,0,13,3
25,12,37,25,12,29,25,12,28,3
18,-7,-17,18,-7,-17,0,15,6,3
0,67,25,0,79,25,0,53,25,3
26,60,3,26,60,3,1,60,3,3
50,56,56,50,56,56,3,50,6,3
-12,25,0,-12,25,0,62,25,0,3
19,1,-27,19,1,-27,0,0,0,3
51,25,3,50,31,9,0,6,6,3
34,0,28,34,0,28,3,0,26,3
4,0,-21,4,0,-21,0,0,-21,3
12,0,0,0,32,6,0,26,0,3
50,13,29,50,13,29,50,0,4,3
40,75,1,40,75,1,0,0,0,3
12,100,7,12,100,7,12,50,1,3
65,54,63,65,54,63,51,53,13,3
6,6,35,0,32,29,0,25,25,3
-9,12,0,-9,12,0,65,0,0,3
26,54,76,26,54,76,1,50,51,3
12,27,25,1,26,12,0,1,0,3
0,14,8,25,0,2,25,0,0,3
0,0,-5,0,0,-5,0,0,12,3
0,25,6,0,25,6,0,25,0,3
0,1,-12,0,1,-12,0,1,-12,3
3,19,26,3,19,26,0,0,1,3
50,53,50,64,50,50,62,50,0,3
81,50,-127,56,25,125,56,25,0,3
6,22,12,6,22,12,0,0,0,3
1,6,0,1,6,0,0,0,0,3
53,14,126,53,14,126,50,0,0,3
0,15,100,0,15,100,0,3,0,3
14,12,50,14,1,50,14,1,0,3
8,12,37,8,12,37,1,12,37,3
1,0,16,1,0,16,1,0,0,3
50,12,111,0,18,-127,0,6,3,3
4,3,83,4,3,83,1,3,52,3
9,0,1,9,0,1,6,0,1,3
1,3,0,1,3,0,1,1,1,3
0,31,0,1,31,17,0,0,12,3
0,14,6,0,14,6,28,0,0,3
0,26,6,0,26,6,0,0,6,3
0,0,12,0,0,12,0,0,0,3
10,66,2,10,66,2,3,50,1,3
15,3,65,15,0,65,3,50,1,3
0,9,37,0,9,37,0,0,0,3
6,25,15,6,25,12,0,25,0,3
1,6,0,1,6,0,6,0,0,3
26,56,28,26,56,28,25,56,28,3
3,18,12,3,18,12,3,18,0,3
11,25,110,11,25,110,8,0,3,3
28,39,50,28,39,50,9,0,15,3
12,21,1,0,1,1,0,0,0,3
14,0,62,13,1,62,13,0,0,3
3,16,42,3,16,42,0,0,0,3
0,26,0,0,26,0,0,25,0,3
50,16,6,50,16,6,0,12,6,3
3,26,3,3,3,1,0,3,1,3
12,0,50,16,12,59,12,12,3,3
62,54,51,62,54,51,50,51,0,3
3,3,25,3,3,25,0,3,25,3
5,12,16,5,12,16,0,0,12,3
5,1,8,5,1,8,3,1,6,3
77,29,27,52,40,21,50,0,0,3
75,12,10,75,12,10,0,12,10,3
10,4,0,10,4,0,10,3,0,3
32,15,56,32,15,56,37,0,0,3
6,28,25,6,28,25,0,28,0,3
25,7,0,25,7,0,25,6,0,3
12,18,25,12,18,25,0,6,25,3
0,0,25,0,0,26,0,0,0,3
0,25,7,0,25,7,0,25,1,3
0,28,68,0,28,68,0,0,68,3
53,53,64,56,50,64,0,50,1,3
13,0,45,13,0,45,0,0,0,3
4,12,0,4,12,0,1,6,0,3
12,1,0,12,1,0,12,1,0,3
18,27,25,50,0,25,0,0,0,3
54,0,100,54,0,100,50,0,0,3
1,20,18,1,20,18,1,0,6,3
14,25,50,14,25,50,1,0,0,3
16,27,17,16,27,17,15,2,14,3
6,1,1,6,1,1,0,3,1,3
1,23,9,1,23,9,0,17,0,3
3,62,6,3,62,0,0,0,0,3
6,1,51,6,1,51,6,1,0,3
3,6,37,3,6,37,0,6,37,3
11,6,19,11,6,19,12,0,0,3
12,9,20,12,9,20,12,6,6,3
6,50,5,6,50,5,0,50,4,3
10,64,85,10,64,85,7,50,35,3
0,14,107,0,14,107,0,12,7,3
2,50,83,2,50,83,0,50,50,3
0,39,0,0,39,0,0,0,0,3
3,20,0,1,18,0,1,6,0,3
25,12,18,25,12,18,25,12,0,3
14,1,2,14,1,2,1,1,1,3
14,5,1,14,5,1,1,2,1,3
0,3,75,8,15,75,0,0,25,3
37,51,100,37,51,100,0,51,0,3
0,1,0,0,1,0,0,0,25,3
4,1,9,0,32,6,0,31,0,3
6,25,15,6,25,15,6,0,12,3
26,1,0,26,1,0,1,7,1,3
4,13,57,4,13,57,0,12,7,3
62,65,103,62,66,100,50,12,0,3
25,6,12,25,6,12,0,0,12,3
27,25,23,27,25,23,1,3,7,3
1,3,0,1,3,0,0,0,0,3
0,15,25,6,25,25,0,25,0,3
3,25,26,3,25,26,3,25,26,3
0,3,12,0,4,12,0,3,0,3
10,1,95,10,1,95,7,0,25,3
29,6,50,25,4,56,25,0,1,3
0,0,25,0,0,25,0,0,25,3
6,6,12,6,0,12,6,0,12,3
12,37,0,12,37,0,0,37,0,3
0,25,2,0,25,2,0,0,0,3
16,13,0,16,13,0,0,13,0,3
0,15,0,4,12,3,3,0,0,3
2,13,12,2,18,3,0,6,0,3
33,31,50,33,31,50,7,0,0,3
7,51,119,7,51,119,0,1,0,3
60,17,100,60,17,100,2,3,0,3
0,14,23,0,14,23,0,2,23,3
6,0,7,6,0,10,0,0,0,3
75,26,50,75,26,50,0,26,0,3
75,35,56,75,27,56,50,2,0,3
0,0,0,0,0,0,0,0,0,3
0,0,13,0,0,13,0,0,12,3
4,16,15,7,13,17,1,0,0,3
-75,0,1,-75,0,1,0,0,0,3
50,25,1,50,25,1,50,25,0,3
29,38,53,29,38,53,25,25,3,3
22,7,11,22,7,11,0,1,7,3
12,6,15,13,0,12,13,0,12,3
3,21,6,0,39,25,0,29,0,3
75,50,50,75,50,50,0,0,0,3
0,28,51,0,15,50,0,3,0,3
31,53,26,31,53,26,12,50,1,3
55,28,8,55,28,8,0,25,0,3
6,6,15,6,6,15,0,6,0,3
0,4,2,0,4,2,0,4,1,3
22,24,66,22,24,66,9,28,1,3
8,0,15,8,0,15,6,0,0,3
15,30,8,15,30,8,0,25,1,3
25,0,12,38,0,0,25,0,0,3
88,25,56,88,25,56,0,0,0,3
4,2,50,4,2,50,1,2,0,3
1,7,28,1,7,28,1,6,3,3
1,32,28,1,32,28,0,6,28,3
-25,0,26,-23,3,26,26,0,25,3
7,8,13,7,8,13,6,6,0,3
12,25,0,12,25,0,0,0,0,3
20,69,54,20,69,54,1,69,3,3
39,7,26,37,0,9,25,0,3,3
4,26,0,4,26,0,0,25,0,3
-45,0,3,-45,0,3,0,0,0,3
19,12,25,19,12,25,0,13,0,3
3,38,25,3,38,25,3,13,25,3
3,0,0,3,0,0,3,0,0,3
17,0,75,17,0,75,0,3,25,3
31,27,10,25,7,7,0,7,0,3
10,0,25,10,0,25,9,0,0,3
9,0,3,9,0,3,9,0,0,3
4,51,50,4,51,50,4,50,0,3
6,75,56,0,68,53,0,68,3,3
3,41,34,0,34,31,0,28,0,3
8,26,0,8,26,0,6,25,0,3
-31,9,6,-31,9,6,18,6,0,3
6,1,25,6,1,25,0,0,0,3
17,16,50,17,16,50,14,12,0,3
21,15,0,21,15,0,1,15,0,3
0,6,65,0,6,65,0,0,12,3
3,4,59,3,4,59,3,0,6,3
15,55,0,15,55,0,15,3,0,3
6,25,6,6,25,6,0,3,0,3
7,8,25,7,8,25,7,8,0,3
3,13,19,3,13,19,3,13,18,3
104,38,41,104,38,41,103,13,13,3
0,50,10,0,50,10,0,50,0,3
52,31,27,52,31,27,51,0,27,3
12,25,18,12,25,18,0,0,6,3
0,13,3,1,44,6,0,19,0,3
1,31,1,1,31,1,0,25,0,3
18,1,50,18,1,50,0,1,0,3
14,12,76,14,12,76,1,12,25,3
26,0,14,28,0,14,25,0,0,3
0,12,28,0,12,28,0,0,25,3
6,3,26,6,3,26,6,0,0,3
0,20,33,46,14,33,15,1,8,3
0,3,14,0,3,14,0,0,12,3
21,37,25,17,39,25,15,39,25,3
0,50,12,4,37,7,0,37,0,3
16,38,20,16,38,20,0,26,20,3
3,0,28,3,0,28,3,0,25,3
5,12,19,5,12,19,1,12,13,3
6,25,15,3,25,0,3,0,0,3
0,50,28,4,51,28,0,0,28,3
0,37,67,0,37,67,0,37,3,3
1,50,75,1,50,75,0,50,0,3
31,0,53,31,0,53,25,0,0,3
15,25,28,15,25,28,0,0,0,3
7,3,0,7,3,0,7,3,0,3
6,37,12,6,37,12,6,0,12,3
1,37,12,1,37,12,1,37,12,3
12,0,0,12,0,0,3,0,1,3
0,6,12,0,6,12,0,0,0,3
29,0,29,0,0,1,0,1,0,3
26,0,12,26,0,12,25,0,0,3
13,14,50,13,14,50,25,1,0,3
2,26,14,1,32,0,1,32,0,3
25,3,3,25,3,3,25,3,3,3
3,64,21,8,62,14,7,62,1,3
6,26,13,0,20,12,0,8,0,3
9,0,20,9,0,20,9,0,18,3
14,10,90,14,10,90,1,0,26,3
25,26,6,25,26,6,0,0,0,3
27,25,8,27,25,8,0,25,6,3
31,0,0,31,0,0,6,0,0,3
3,45,25,3,45,25,0,26,0,3
0,50,56,0,50,56,0,50,0,3
0,6,26,0,6,26,0,6,0,3
6,12,100,25,15,103,0,3,0,3
3,34,51,3,34,51,0,3,1,3
4,25,21,4,25,21,4,0,0,3
25,1,6,25,0,7,25,0,6,3
43,21,7,43,21,7,0,21,0,3
5,31,9,5,31,9,5,25,9,3
6,6,3,6,6,3,0,0,3,3
7,58,69,7,58,69,1,50,0,3
3,0,37,0,3,38,0,0,38,3
0,25,10,0,25,10,0,0,6,3
7,25,75,6,25,75,6,6,0,3
0,0,50,0,0,50,0,0,0,3
0,0,6,0,0,6,0,0,6,3
50,3,84,33,0,86,32,0,50,3
0,41,51,0,41,51,0,25,1,3
37,31,25,37,31,25,25,31,0,3
0,12,7,0,12,7,0,0,5,3
50,16,50,56,55,50,50,50,0,3
2,13,51,2,13,51,1,13,1,3
6,31,52,6,31,52,6,31,2,3
2,3,7,2,3,7,0,3,7,3
1,28,50,1,28,50,0,28,0,3
0,26,25,0,26,25,0,0,25,3
0,25,59,0,25,59,0,0,6,3
0,53,53,0,53,53,0,50,4,3
37,0,32,37,0,32,25,0,31,3
3,3,15,3,3,15,3,3,12,3
0,18,1,0,18,1,0,0,0,3
0,0,76,0,0,76,0,0,51,3
4,0,0,4,0,0,3,0,0,3
55,25,0,55,25,0,3,25,0,3
6,24,1,6,24,1,0,21,1,3
0,13,4,0,12,4,0,12,0,3
1,6,23,1,6,23,0,0,9,3
50,25,46,50,25,46,50,25,6,3
3,0,6,3,0,6,0,0,0,3
14,31,13,12,31,13,12,31,0,3
8,0,21,8,0,21,2,0,18,3
26,2,50,26,2,50,26,0,0,3
0,0,78,0,0,78,6,11,50,3
25,50,59,25,50,59,0,0,3,3
6,5,0,6,5,0,0,4,0,3
3,21,3,3,21,3,3,12,3,3
6,0,3,7,2,3,0,0,0,3
44,53,56,0,58,57,0,2,6,3
0,6,25,0,6,25,0,6,0,3
40,39,0,40,39,0,13,26,0,3
3,1,30,3,1,30,6,1,3,3
4,25,18,12,28,18,12,0,18,3
7,51,51,7,51,51,6,1,1,3
13,37,45,13,37,45,0,28,26,3
8,2,25,8,2,25,8,0,25,3
25,0,50,25,0,50,25,0,0,3
43,50,56,41,50,56,31,0,1,3
3,12,28,3,12,28,3,0,28,3
1,15,4,1,15,4,7,12,0,3
0,25,3,0,25,3,0,25,3,3
0,1,37,0,1,37,0,1,0,3
26,12,0,26,12,0,1,0,0,3
25,1,63,25,1,63,12,1,0,3
8,37,12,8,37,12,6,37,0,3
3,28,28,3,28,28,3,3,25,3
6,25,0,6,25,0,0,0,0,3
14,39,6,14,39,6,0,1,6,3
7,105,1,7,105,1,0,6,0,3
21,37,50,1,37,7,1,12,7,3
19,7,12,19,7,12,13,7,12,3
13,1,0,13,1,0,13,0,0,3
51,50,50,51,50,50,50,50,50,3
50,50,5,50,50,5,50,50,4,3
10,3,28,10,3,28,4,0,25,3
45,5,37,45,5,37,20,2,12,3
14,17,25,14,17,25,1,0,0,3
27,12,3,27,12,3,1,12,0,3
14,1,0,1,51,7,1,51,7,3
78,6,0,78,6,0,50,0,0,3
10,14,0,7,1,0,7,0,0,3
12,1,25,12,1,25,0,0,25,3
1,13,28,1,13,28,0,13,28,3
7,31,35,1,31,25,0,31,0,3
6,0,29,6,0,29,0,0,0,3
13,50,75,13,50,75,0,50,0,3
0,19,55,25,21,53,0,12,53,3
37,50,43,37,50,43,12,50,37,3
9,6,34,9,6,34,12,0,28,3
6,37,39,6,37,39,6,25,12,3
0,18,18,0,18,18,0,6,6,3
0,57,15,0,56,12,0,56,0,3
50,12,45,50,12,45,50,0,18,3
12,0,38,12,0,38,12,0,38,3
1,38,27,1,38,27,0,0,25,3
0,26,6,0,26,6,0,26,0,3
50,4,0,50,4,0,0,1,0,3
100,25,90,100,25,90,0,0,25,3
18,25,59,18,25,59,18,25,0,3
12,0,51,12,0,51,0,0,0,3
15,0,3,15,0,3,12,0,3,3
1,24,25,37,50,26,25,0,25,3
39,10,9,39,10,9,14,10,0,3
0,15,56,0,15,56,18,12,0,3
0,3,37,0,3,37,0,12,12,3
0,32,20,0,0,20,0,0,0,3
12,0,26,12,0,26,0,0,25,3
31,0,25,31,0,25,25,0,25,3
12,50,63,12,50,63,12,50,0,3
0,0,51,0,0,51,1,12,50,3
25,50,17,30,50,15,26,50,14,3
3,29,38,3,26,35,3,26,9,3
1,6,30,1,6,30,0,0,25,3
12,4,29,12,4,29,0,2,0,3
6,12,33,6,12,33,6,12,26,3
25,11,0,25,11,0,25,6,0,3
50,57,7,53,69,1,50,64,42,3
16,15,54,16,15,54,16,12,1,3
6,6,39,6,6,39,0,0,37,3
19,0,7,19,0,7,0,6,7,3
22,19,28,22,19,28,9,7,25,3
6,25,28,6,25,28,6,25,0,3
29,25,22,29,25,22,1,0,22,3
26,38,3,26,38,3,1,13,3,3
50,0,56,50,0,56,0,0,0,3
6,20,87,6,20,87,0,6,50,3
12,1,50,12,1,50,12,0,0,3
18,0,31,18,0,31,12,0,0,3
25,25,12,25,25,12,25,25,0,3
1,14,51,2,20,50,2,1,50,3
27,14,56,27,14,56,25,14,6,3
22,0,58,22,0,58,0,0,56,3
39,51,15,39,51,15,26,50,0,3
12,20,1,12,20,1,0,20,1,3
13,12,1,13,12,1,0,0,1,3
0,15,34,0,15,34,0,3,25,3
6,6,41,6,6,41,0,6,13,3
1,1,54,1,1,54,0,1,1,3
0,20,60,0,20,60,0,1,4,3
9,3,40,12,3,39,0,3,25,3
6,25,26,6,25,26,6,0,0,3
3,1,0,3,1,0,3,1,0,3
0,50,15,0,50,15,0,51,0,3
28,9,53,28,9,53,25,6,3,3
0,10,50,0,10,50,0,0,0,3
35,7,18,35,7,18,29,7,18,3
39,50,2,39,50,5,37,0,1,3
9,0,27,9,0,27,6,0,0,3
0,1,28,0,1,28,0,0,28,3
12,12,0,12,7,0,0,6,0,3
1,62,53,1,62,53,0,12,0,3
12,11,78,12,11,78,12,10,28,3
25,51,75,25,51,75,0,0,0,3
45,34,53,0,32,53,0,32,0,3
6,14,37,6,14,37,6,0,12,3
0,3,25,0,3,25,0,3,25,3
50,4,50,50,4,50,50,3,50,3
26,0,65,26,0,65,0,50,62,3
23,50,12,22,51,20,10,0,18,3
31,50,0,25,50,0,0,50,0,3
25,18,26,25,18,26,25,18,0,3
7,25,31,7,25,31,7,25,0,3
23,12,0,23,12,0,9,12,0,3
6,37,54,6,37,54,0,0,0,3
0,0,65,0,0,65,0,12,12,3
4,0,75,4,0,75,4,0,25,3
2,5,50,2,5,50,2,3,0,3
13,12,7,13,12,7,0,0,0,3
20,3,18,20,3,18,1,3,15,3
7,50,53,7,50,53,6,0,0,3
18,7,26,25,56,10,25,0,4,3
3,1,25,3,1,25,3,0,0,3
3,15,4,3,15,4,0,12,1,3
0,25,1,0,25,1,0,0,0,3
0,40,54,0,40,54,0,28,4,3
95,50,9,95,50,9,81,50,9,3
1,1,7,1,1,7,0,1,7,3
3,37,53,46,32,17,18,6,15,3
0,27,26,0,27,26,0,26,25,3
10,16,0,10,16,0,9,0,0,3
27,9,5,1,7,1,1,7,1,3
0,50,25,0,50,25,0,0,25,3
1,37,3,1,37,3,100,43,5,3
0,104,7,28,104,7,3,104,0,3
50,0,63,53,62,59,3,50,6,3
19,0,26,19,0,26,6,0,1,3
0,25,3,0,25,3,0,25,0,3
-50,18,7,-50,18,7,-50,18,1,3
8,6,30,8,6,30,7,6,0,3
34,53,100,47,54,105,44,54,3,3
6,6,101,6,6,101,0,6,1,3
14,50,63,14,50,63,1,0,13,3
14,25,25,14,25,25,14,25,0,3
3,0,0,3,0,0,0,0,0,3
25,3,0,25,3,0,25,3,0,3
50,56,12,50,56,12,0,0,0,3
25,8,50,25,8,50,25,8,0,3
6,12,43,6,12,43,12,7,0,3
6,25,16,6,25,16,0,25,16,3
2,12,0,2,12,0,0,18,0,3
1,3,12,1,3,12,0,3,12,3
16,24,62,16,24,62,16,17,12,3
7,0,0,7,0,0,7,0,0,3
100,58,82,100,58,82,100,0,32,3
26,14,51,25,5,50,0,3,0,3
0,26,25,0,26,25,0,25,25,3
1,0,6,14,0,7,0,0,7,3
29,25,7,29,25,7,4,25,0,3
18,5,3,12,5,1,0,3,0,3
0,0,7,0,0,7,0,0,6,3
13,0,68,0,7,59,0,7,50,3
44,0,28,44,0,28,0,0,25,3
16,17,25,16,17,25,0,0,0,3
13,18,6,13,18,6,0,18,0,3
31,42,0,31,42,0,0,15,0,3
18,9,6,18,9,6,0,3,25,3
37,15,50,37,15,50,25,0,0,3
20,26,50,1,25,56,0,25,0,3
39,48,6,39,48,6,0,42,6,3
8,1,28,8,1,28,8,0,25,3
7,20,3,7,20,3,7,20,0,3
3,50,51,3,50,51,0,25,0,3
28,28,0,28,28,0,3,28,0,3
1,12,1,1,12,1,1,0,0,3
3,1,7,3,1,7,3,1,7,3
1,26,52,1,26,52,0,1,0,3
45,50,51,46,50,50,43,50,0,3
0,0,25,0,0,25,0,0,0,3
12,28,0,12,28,0,0,3,0,3
6,26,13,6,26,13,0,25,18,3
0,0,19,0,0,19,0,3,0,3
20,56,89,20,56,89,1,50,39,3
1,12,76,1,12,76,0,12,26,3
7,31,11,7,31,11,0,31,4,3
35,26,25,35,26,25,35,26,0,3
12,25,3,12,25,3,12,25,3,3
23,0,27,23,0,27,0,4,0,3
43,3,50,43,3,50,12,3,0,3
50,52,81,50,52,81,50,52,31,3
0,1,75,0,1,75,0,0,4,3
0,0,31,0,0,31,0,0,6,3
4,25,13,4,25,13,3,0,12,3
2,25,19,2,25,19,2,0,0,3
50,56,15,0,64,21,0,1,12,3
25,12,56,25,12,56,0,0,6,3
19,10,14,19,10,14,19,0,13,3
32,25,0,32,25,33,7,25,6,3
0,1,0,0,1,0,0,0,0,3
0,32,25,0,32,25,0,0,25,3
12,39,50,12,39,50,12,37,1,3
50,7,78,50,8,82,0,0,25,3
63,0,81,63,0,81,50,0,25,3
36,12,53,36,12,53,33,0,3,3
2,26,27,2,26,27,0,1,1,3
3,20,51,3,20,51,0,7,1,3
43,50,13,43,50,13,37,50,0,3
12,4,39,12,0,39,0,0,1,3
3,0,78,3,0,78,0,0,28,3
10,50,50,10,50,50,3,0,0,3
50,0,3,50,0,3,50,0,0,3
0,38,6,0,38,6,0,12,6,3
0,1,50,0,1,50,0,0,0,3
1,25,41,1,25,41,1,25,3,3
50,2,53,50,2,53,6,25,3,3
43,7,28,43,7,28,12,1,0,3
6,25,18,6,25,18,0,0,18,3
0,25,0,0,25,0,0,0,0,3
7,25,12,7,25,12,6,0,12,3
50,14,0,50,14,0,0,14,0,3
63,14,89,63,14,89,50,12,37,3
0,29,50,0,25,50,0,25,0,3
0,1,34,0,1,34,0,1,25,3
32,0,12,32,0,12,7,0,0,3
25,31,25,25,31,25,0,21,0,3
1,3,7,1,3,7,1,0,7,3
51,25,63,51,25,63,51,0,0,3
6,0,50,7,0,25,1,0,6,3
7,0,26,7,0,26,0,0,0,3
0,31,1,0,31,1,0,31,0,3
0,8,2,0,8,2,0,8,0,3
14,12,25,6,15,25,6,12,25,3
0,8,64,0,8,64,0,7,1,3
62,62,3,62,62,3,62,62,3,3
0,4,75,12,4,50,0,4,0,3
41,25,38,41,25,38,3,0,25,3
1,6,1,1,6,1,1,6,1,3
25,0,7,25,0,7,0,0,7,3
45,62,30,45,62,30,14,0,4,3
0,1,51,1,3,50,1,3,0,3
50,28,37,50,28,37,50,25,12,3
0,1,0,0,1,0,0,1,0,3
7,0,1,7,1,6,7,0,0,3
18,47,62,18,47,62,6,43,12,3
3,15,26,3,15,26,3,0,26,3
0,26,12,0,26,12,3,0,0,3
25,17,12,25,17,12,0,13,0,3
38,52,75,38,52,75,13,52,0,3
0,0,62,0,0,62,0,0,0,3
6,12,3,6,12,3,0,0,3,3
4,0,1,8,3,0,6,0,0,3
1,0,0,1,0,0,12,0,0,3
8,37,3,8,37,3,2,12,3,3
39,0,75,0,0,82,0,26,25,3
0,22,0,0,22,0,0,3,0,3
50,28,44,50,28,44,50,0,32,3
29,19,13,29,19,13,1,12,0,3
3,7,16,3,7,16,0,0,3,3
12,25,51,12,25,51,0,25,0,3
0,50,14,0,50,14,0,50,0,3
37,25,37,37,25,37,0,25,0,3
12,0,0,12,0,0,12,0,0,3
71,16,0,71,16,0,64,13,0,3
37,6,39,37,6,39,12,0,25,3
10,26,54,10,26,54,9,26,4,3
37,3,15,37,3,15,37,0,3,3
7,3,28,7,3,28,4,3,0,3
17,0,2,17,0,2,15,0,0,3
56,20,0,56,20,0,56,0,0,3
15,1,75,15,1,75,12,0,25,3
0,12,0,0,12,46,0,0,31,3
6,0,0,6,0,0,6,31,3,3
25,59,12,25,59,12,25,53,12,3
32,12,31,32,12,31,25,12,0,3
9,0,15,9,0,15,0,0,12,3
10,6,1,10,6,1,10,6,0,3
0,26,56,0,26,56,0,1,0,3
0,0,31,0,0,31,0,0,31,3
1,7,19,1,7,19,1,0,0,3
0,25,0,0,25,0,0,25,0,3
25,57,9,25,50,14,25,0,0,3
12,3,50,12,3,50,0,3,0,3
37,33,0,45,32,46,0,31,6,3
9,0,28,9,0,28,0,0,28,3
3,1,25,3,1,25,0,0,25,3
12,6,26,12,6,26,0,12,7,3
9,3,75,9,3,75,9,3,25,3
0,25,50,0,25,50,0,0,0,3
2,25,32,2,25,32,1,25,25,3
14,0,20,14,0,20,0,0,20,3
50,10,41,50,10,41,0,0,3,3
15,25,14,15,25,14,3,0,14,3
6,22,27,6,21,26,0,6,0,3
18,54,50,18,54,50,12,0,0,3
65,15,7,65,15,7,65,3,7,3
6,3,78,6,3,78,0,0,28,3
6,43,50,6,43,50,0,0,0,3
50,0,0,50,0,0,3,3,25,3
3,26,3,3,26,3,0,0,0,3
1,0,0,0,3,2,0,0,2,3
0,51,0,0,51,0,0,0,0,3
9,12,38,9,12,38,1,0,0,3
25,25,10,25,25,10,25,25,3,3
12,1,25,12,1,25,12,1,25,3
3,6,56,3,6,56,3,0,6,3
50,50,103,50,50,103,50,50,3,3
0,0,0,1,9,0,0,0,0,3
0,14,62,0,14,62,0,13,0,3
53,25,37,50,25,26,50,0,0,3
14,18,0,14,18,0,0,3,14,3
31,26,25,31,26,25,6,1,25,3
26,30,28,26,30,28,0,27,28,3
6,10,37,6,10,37,0,10,25,3
32,7,50,32,7,50,6,0,0,3
13,1,3,13,0,6,13,0,0,3
0,21,87,0,21,87,0,9,25,3
44,3,56,44,3,56,6,3,0,3
12,25,31,12,25,31,0,0,25,3
31,18,5,31,18,5,6,12,0,3
1,0,50,0,56,50,0,0,50,3
10,12,5,10,12,5,10,0,3,3
25,0,25,31,0,25,25,0,25,3
3,25,25,3,25,25,3,0,25,3
2,37,3,2,37,3,2,37,3,3
31,3,79,12,7,79,0,0,37,3
3,12,3,3,12,3,0,12,0,3
0,1,78,0,45,78,0,26,28,3
1,1,46,1,1,46,1,0,16,3
3,0,25,3,0,25,0,0,0,3
0,5,15,0,5,15,0,3,15,3
48,50,50,0,26,50,0,26,0,3
0,6,25,0,6,25,0,6,25,3
0,26,13,0,26,13,0,25,12,3
7,0,21,7,0,21,6,12,1,3
6,1,1,6,1,1,0,12,1,3
31,3,78,31,3,78,25,0,25,3
53,20,85,53,20,85,53,18,34,3
1,45,50,1,45,50,1,31,0,3
25,25,26,25,25,26,0,25,0,3
16,3,18,16,3,18,16,3,0,3
31,32,50,0,32,50,0,32,0,3
25,0,6,25,0,6,25,0,0,3
0,2,25,0,2,25,0,0,25,3
3,0,0,3,0,0,3,25,0,3
15,4,0,15,4,0,3,0,0,3
26,0,28,25,0,28,0,0,25,3
25,4,50,25,4,50,0,3,0,3
31,0,63,37,0,63,12,0,0,3
0,50,16,0,50,16,0,0,16,3
25,1,25,25,1,25,0,1,0,3
0,18,0,0,18,0,-37,12,3,3
1,19,3,1,19,3,1,0,0,3
26,0,0,26,0,0,25,0,0,3
28,12,10,28,12,10,28,12,7,3
14,9,6,12,9,7,12,3,6,3
1,25,25,1,25,25,1,0,0,3
1,14,55,1,14,55,0,14,1,3
66,0,6,50,3,5,50,3,2,3
3,8,0,3,8,0,0,0,0,3
0,14,25,0,14,25,0,0,26,3
0,6,7,0,6,7,0,0,0,3
33,2,12,33,2,12,6,0,12,3
9,6,32,9,6,32,0,0,0,3
18,30,0,18,30,0,14,0,1,3
0,0,14,0,0,14,0,0,12,3
3,0,53,9,7,59,6,0,9,3
60,3,6,60,3,6,56,0,6,3
16,5,75,16,5,75,0,1,25,3
3,12,3,3,12,3,0,0,3,3
1,32,6,1,32,6,1,7,6,3
14,0,4,14,0,4,14,3,3,3
0,0,25,0,0,25,0,0,0,3
18,14,62,18,14,62,12,1,0,3
37,50,52,37,50,52,12,50,0,3
1,10,25,1,10,25,0,1,28,3
14,1,28,14,7,28,0,0,0,3
2,25,26,2,25,26,2,0,25,3
35,1,50,35,1,50,4,1,0,3
1,0,76,1,0,76,1,0,25,3
9,45,54,9,45,54,6,45,3,3
0,6,1,0,6,1,0,0,31,3
6,27,26,12,11,25,0,9,25,3
12,7,18,12,12,19,0,0,6,3
28,1,62,28,1,62,28,1,0,3
34,12,0,34,12,0,0,3,0,3
12,1,3,12,1,3,12,1,3,3
16,0,0,16,0,0,3,0,0,3
0,25,57,0,25,57,0,25,1,3
0,0,0,0,0,0,6,0,25,3
18,25,26,18,25,26,18,0,1,3
25,50,0,25,50,0,25,50,0,3
12,1,28,12,8,25,0,6,25,3
0,16,1,0,16,1,0,0,0,3
0,1,7,0,1,7,0,0,0,3
0,7,0,0,7,0,0,0,1,3
0,32,25,0,32,25,0,31,0,3
3,10,6,3,10,6,3,7,0,3
18,12,50,18,12,50,0,12,0,3
39,22,1,40,19,45,14,12,25,3
0,6,29,1,2,26,0,0,25,3
0,0,63,0,0,63,0,0,6,3
1,0,1,1,0,1,1,0,0,3
6,27,0,0,26,0,0,0,0,3
13,14,20,13,14,20,0,1,6,3
3,3,0,2,4,0,1,0,0,3
0,4,93,0,4,93,0,0,50,3
1,32,50,1,32,53,0,32,0,3
0,7,26,0,7,26,0,6,25,3
6,28,21,0,25,18,0,25,18,3
12,33,19,12,33,19,12,12,14,3
31,51,3,31,51,3,31,0,0,3
25,26,34,25,26,34,25,26,3,3
6,3,50,6,3,50,14,0,1,3
26,57,9,26,57,9,25,50,0,3
28,3,26,28,3,26,28,0,0,3
0,26,25,0,26,25,0,0,25,3
20,0,1,20,0,1,6,0,0,3
3,13,80,3,19,80,3,19,29,3
25,1,51,25,44,62,0,44,0,3
39,0,37,39,0,37,0,0,12,3
15,8,1,15,8,1,7,0,1,3
19,29,21,19,29,21,18,3,13,3
25,29,1,25,29,1,0,26,0,3
4,30,56,4,30,56,3,4,6,3
0,34,6,41,28,1,41,28,1,3
6,0,31,6,0,31,6,0,0,3
0,2,14,0,0,12,0,0,12,3
13,9,0,13,9,0,13,0,0,3
28,18,12,28,18,12,3,18,12,3
1,24,19,1,24,19,1,12,12,3
0,50,56,0,50,56,0,50,6,3
37,50,51,37,50,51,37,50,1,3
7,0,25,13,0,25,0,0,0,3
21,26,6,21,26,6,19,1,6,3
15,4,11,15,4,11,15,0,0,3
0,6,37,0,6,37,0,6,25,3
25,25,7,25,25,7,0,0,0,3
9,28,15,9,28,15,0,25,0,3
0,62,50,0,57,51,0,57,0,3
0,14,38,0,14,38,0,12,13,3
0,32,0,0,32,0,0,7,0,3
50,32,37,50,32,37,50,7,25,3
10,27,14,10,27,14,12,29,0,3
7,16,87,7,16,87,3,25,50,3
1,50,60,1,50,60,0,50,0,3
6,7,39,6,7,39,6,7,25,3
18,7,28,15,7,25,15,6,0,3
7,3,12,7,3,12,6,3,12,3
20,4,14,20,4,14,20,3,14,3
29,37,2,29,37,2,0,25,0,3
25,0,50,25,0,50,1,0,0,3
0,57,87,0,57,87,0,50,62,3
0,0,50,0,0,50,3,0,0,3
0,6,37,0,6,37,0,6,37,3
3,12,27,3,12,27,6,0,0,3
18,3,0,18,3,0,12,0,0,3
1,34,60,1,26,56,1,26,6,3
41,1,0,3,0,0,3,0,0,3
56,4,1,56,4,1,56,0,1,3
16,32,38,16,32,38,0,31,37,3
6,37,65,6,37,65,0,12,50,3
37,25,55,37,25,53,0,0,3,3
38,25,57,38,25,57,0,0,0,3
6,3,10,6,3,10,6,0,9,3
53,25,1,53,25,1,53,0,0,3
0,2,25,0,2,25,0,1,0,3
0,26,25,0,26,25,0,0,25,3
0,25,25,0,25,25,12,25,25,3
26,25,25,26,25,25,25,0,0,3
48,32,7,48,32,7,15,31,7,3
13,1,25,13,1,25,12,0,25,3
31,27,12,31,30,12,0,27,12,3
28,3,6,28,3,6,0,3,0,3
1,6,50,1,9,51,0,9,0,3
21,52,70,21,52,70,6,50,51,3
17,58,0,17,58,0,4,57,0,3
12,8,25,12,8,25,12,7,0,3
4,12,46,4,12,46,1,12,43,3
87,2,62,87,2,62,75,0,0,3
0,63,0,0,63,0,0,0,0,3
31,7,50,37,0,50,0,0,0,3
2,13,37,2,13,37,1,0,0,3
1,25,0,1,25,0,1,25,0,3
0,35,21,0,35,21,0,25,6,3
18,28,53,18,28,53,6,3,3,3
25,8,8,25,8,8,0,0,7,3
0,0,79,0,0,79,0,0,25,3
34,25,50,32,12,14,0,0,12,3
42,28,29,42,28,29,14,0,25,3
14,7,29,14,7,29,0,1,26,3
0,53,50,3,51,53,3,50,53,3
1,50,50,0,50,50,0,50,0,3
53,1,44,53,1,44,53,0,0,3
25,12,50,25,12,50,0,12,0,3
3,28,29,3,28,29,0,25,4,3
15,12,28,15,12,28,15,0,25,3
25,31,56,25,31,56,0,31,0,3
38,7,45,38,7,45,13,0,26,3
1,0,25,1,0,25,0,0,0,3
6,25,31,6,26,31,6,26,25,3
0,51,0,0,51,0,0,50,0,3
13,4,26,13,4,26,13,3,0,3
0,28,37,0,28,37,0,26,40,3
0,0,25,0,0,25,0,0,25,3
1,37,25,14,37,25,0,37,0,3
18,3,34,18,3,34,0,3,31,3
4,50,0,0,50,0,0,50,0,3
6,0,25,12,0,37,12,0,37,3
5,4,25,5,4,25,2,0,0,3
3,0,33,3,0,33,3,0,26,3
0,25,7,0,28,13,0,25,12,3
15,50,54,15,50,54,12,0,4,3
14,0,50,14,0,50,12,0,0,3
26,28,51,27,22,60,6,6,0,3
0,6,39,0,6,39,0,0,25,3
1,35,25,1,35,25,1,28,25,3
6,28,43,6,28,43,0,28,25,3
0,20,23,0,20,23,0,12,21,3
0,25,50,0,25,50,18,0,50,3
31,50,1,31,50,1,31,50,1,3
3,17,25,6,12,25,0,0,0,3
0,0,6,0,0,6,0,0,0,3
14,10,40,14,10,40,1,6,3,3
16,50,78,16,50,78,13,0,25,3
30,6,53,30,6,53,28,6,0,3
0,25,33,0,25,33,0,0,7,3
6,31,28,6,31,28,6,31,28,3
0,56,81,0,56,81,0,0,31,3
8,50,76,6,52,76,0,0,26,3
25,12,9,25,12,9,25,0,0,3
0,4,30,0,4,30,0,4,29,3
25,26,36,25,26,36,25,25,1,3
41,52,50,41,52,50,15,50,0,3
0,1,29,0,1,29,0,0,4,3
13,0,6,13,0,6,12,0,6,3
0,16,6,0,16,6,0,12,0,3
3,43,57,3,43,57,3,31,9,3
12,26,70,12,26,70,12,25,14,3
0,31,54,0,31,54,0,0,3,3
25,25,54,25,25,54,0,0,3,3
39,50,19,39,50,19,0,50,18,3
1,28,13,1,28,13,0,25,0,3
0,10,15,0,10,15,0,9,15,3
10,28,15,10,28,15,9,3,12,3
18,25,16,18,25,16,0,25,15,3
14,26,64,14,26,64,1,25,1,3
25,33,56,26,25,56,1,0,6,3
29,26,51,29,26,51,3,25,0,3
7,0,50,7,0,50,0,0,0,3
3,16,28,3,16,28,0,16,0,3
6,13,10,6,13,10,0,0,7,3
31,53,50,21,62,51,0,0,0,3
0,50,51,0,50,51,0,50,51,3
28,12,50,25,3,50,25,0,0,3
1,28,51,1,28,51,3,28,0,3
14,0,25,14,0,25,1,0,25,3
14,10,15,14,10,15,12,0,3,3
11,28,0,11,28,0,5,28,0,3
6,44,56,6,44,56,0,0,9,3
0,0,81,0,0,81,0,0,31,3
32,38,82,31,28,75,6,3,25,3
43,3,53,48,0,60,31,0,6,3
3,13,31,3,13,31,3,13,6,3
0,0,21,0,0,21,0,0,21,3
1,1,3,1,1,1,1,1,0,3
25,25,12,25,25,18,0,0,2,3
0,29,9,0,29,9,0,25,15,3
3,31,77,3,31,77,0,0,25,3
0,3,1,0,3,0,0,0,0,3
12,27,82,12,27,82,12,25,25,3
4,18,12,4,18,12,4,12,12,3
0,14,0,0,14,0,1,12,3,3
21,0,6,21,0,6,18,0,6,3
11,25,26,1,25,25,0,0,0,3
3,23,75,3,23,75,0,7,0,3
45,1,53,45,1,53,33,1,3,3
9,38,14,9,38,14,3,25,0,3
19,0,28,22,0,27,12,0,25,3
22,0,13,22,0,13,16,0,12,3
3,25,3,4,32,6,4,7,0,3
5,0,50,5,0,50,0,0,0,3
3,12,92,3,12,92,3,0,42,3
13,0,87,13,0,87,12,0,25,3
0,18,64,0,18,64,0,6,0,3
13,25,37,13,25,37,0,25,25,3
31,25,13,31,25,13,25,25,12,3
7,0,12,7,0,12,1,0,12,3
38,29,3,38,29,3,12,0,3,3
0,0,56,0,0,56,0,0,6,3
14,25,56,14,25,56,0,0,0,3
0,0,56,3,0,50,0,0,0,3
1,15,0,1,15,0,3,12,0,3
0,26,3,0,26,3,0,0,3,3
18,12,12,18,12,18,0,0,0,3
6,12,25,6,12,25,0,0,25,3
25,0,79,25,0,79,25,0,26,3
0,7,78,0,7,78,0,6,28,3
3,25,51,3,25,51,3,25,0,3
50,0,40,50,0,40,0,31,25,3
0,26,25,0,26,25,0,0,25,3
0,9,20,3,9,21,0,3,2,3
36,50,0,36,50,0,4,0,0,3
0,0,19,0,0,19,0,0,6,3
19,15,59,19,15,59,22,13,0,3
37,50,0,37,50,0,0,50,0,3
7,12,37,7,12,37,0,13,37,3
0,1,25,0,1,25,0,1,25,3
0,21,0,0,21,0,0,3,0,3
0,3,76,0,0,75,0,0,25,3
3,12,50,3,12,50,0,12,0,3
7,33,25,7,31,14,6,31,1,3
10,25,3,10,25,3,10,25,0,3
38,2,26,38,2,26,0,2,0,3
1,56,25,1,56,25,0,0,0,3
12,14,50,12,14,50,12,14,0,3
32,13,53,32,13,53,7,0,3,3
6,1,9,6,1,9,6,0,9,3
0,12,46,0,15,44,0,15,43,3
0,0,34,0,0,34,0,0,0,3
3,0,25,3,0,25,3,0,0,3
12,0,85,12,0,85,12,1,25,3
26,45,56,26,45,56,1,31,0,3
0,0,0,3,1,0,1,0,25,3
0,9,6,0,9,6,0,0,0,3
25,25,12,25,25,12,0,0,12,3
7,26,60,7,26,60,0,6,3,3
41,0,56,41,0,56,25,0,0,3
7,18,0,9,13,46,0,12,9,3
3,0,25,3,0,25,3,0,25,3
30,0,14,30,0,14,28,0,13,3
2,16,0,2,16,0,1,0,0,3
26,6,65,26,6,65,26,0,15,3
1,3,0,1,3,0,3,1,37,3
0,0,53,0,0,53,0,0,3,3
5,8,0,3,7,0,3,1,0,3
15,14,35,15,14,35,3,1,4,3
26,15,7,26,15,7,25,15,7,3
15,0,1,3,4,1,0,1,1,3
6,25,53,6,25,53,6,25,62,3
0,0,51,0,0,51,0,0,0,3
0,40,10,0,40,10,0,28,7,3
12,12,28,12,12,28,12,12,0,3
5,6,14,5,6,14,0,6,14,3
15,12,15,15,12,15,12,12,3,3
28,35,20,28,35,20,3,31,0,3
6,0,3,18,1,0,6,1,0,3
25,13,78,25,13,78,25,0,28,3
12,13,62,12,13,62,12,0,0,3
21,1,1,21,1,1,12,0,0,3
31,25,40,33,14,40,26,14,28,3
28,0,3,28,0,3,0,0,3,3
5,58,10,5,58,10,4,2,3,3
35,16,56,35,16,56,0,0,0,3
14,13,35,14,13,35,0,12,31,3
28,2,22,28,2,22,0,0,12,3
8,12,26,8,12,26,1,12,0,3
33,25,53,33,25,53,31,25,3,3
25,0,75,25,0,75,25,0,25,3
12,1,75,12,0,78,0,0,25,3
0,45,66,1,33,55,1,26,1,3
2,4,43,2,4,43,1,3,18,3
28,25,25,31,25,25,31,25,0,3
26,28,6,26,28,6,0,28,0,3
50,50,0,50,50,0,50,50,0,3
60,25,0,60,25,0,0,31,0,3
10,33,51,10,33,51,3,1,0,3
0,12,25,7,14,25,6,14,0,3
9,12,62,9,12,62,3,0,0,3
0,26,46,0,25,45,0,25,14,3
8,15,28,8,15,28,7,12,0,3
17,14,37,17,14,37,12,0,0,3
26,31,25,26,31,25,1,31,25,3
34,5,0,34,5,0,28,7,0,3
21,38,56,7,38,57,0,13,0,3
53,6,0,53,6,0,53,0,0,3
13,0,75,13,0,75,0,0,25,3
0,13,51,1,12,60,1,12,1,3
2,25,46,2,25,46,0,0,19,3
25,6,25,25,6,25,25,0,0,3
5,25,26,5,25,26,6,0,0,3
50,17,26,50,17,26,50,1,0,3
6,16,50,6,16,50,6,3,0,3
10,25,66,10,25,66,6,0,0,3
8,0,53,8,0,53,0,0,3,3
7,3,43,7,3,43,6,0,0,3
14,31,25,14,31,25,0,31,25,3
30,0,32,32,0,31,32,0,6,3
3,25,0,3,25,0,3,0,0,3
39,46,51,39,46,51,26,3,0,3
7,0,85,7,0,85,0,3,34,3
20,50,79,20,50,79,20,0,28,3
0,9,57,0,9,57,18,6,6,3
13,25,37,13,25,37,12,25,3,3
25,25,25,32,25,26,7,0,25,3
13,43,27,13,43,27,12,0,0,3
0,38,0,0,38,0,0,13,0,3
6,19,58,6,19,58,0,6,57,3
50,32,9,50,32,9,7,25,0,3
25,0,40,25,1,37,0,1,37,3
31,25,25,31,25,25,31,0,25,3
0,3,25,0,3,25,0,3,25,3
12,28,37,12,28,37,12,28,25,3
31,20,25,31,20,25,25,12,25,3
0,39,50,0,39,50,0,25,0,3
0,25,50,0,25,50,0,25,0,3
9,31,31,9,31,31,6,25,31,3
0,34,26,0,31,28,0,25,0,3
0,16,7,0,16,7,0,0,6,3
6,43,54,6,43,54,3,0,0,3
7,6,0,7,6,0,0,6,41,3
0,1,75,0,1,75,0,0,25,3
5,28,50,5,28,50,0,3,0,3
12,6,37,12,6,37,0,6,25,3
3,12,1,3,12,1,3,12,0,3
0,0,3,0,0,3,0,0,0,3
3,17,0,3,17,0,0,4,0,3
25,3,22,25,3,22,25,0,19,3
1,2,6,1,2,6,1,1,6,3
40,12,50,47,15,59,28,15,0,3
7,28,39,7,28,39,0,28,14,3
28,14,25,28,14,25,3,14,0,3
25,32,10,25,0,10,6,0,13,3
26,0,53,26,0,53,26,0,0,3
0,12,45,0,12,45,0,0,0,3
6,31,28,6,31,28,0,31,25,3
24,0,26,22,0,25,18,0,0,3
6,26,9,6,26,9,6,25,6,3
8,0,75,8,0,75,7,0,50,3
50,0,6,58,6,6,57,6,0,3
38,25,53,38,25,53,1,0,3,3
3,2,41,3,2,41,3,0,25,3
13,0,0,13,0,0,25,6,0,3
0,25,0,0,25,0,3,0,0,3
18,25,25,18,25,25,18,25,0,3
12,25,50,12,25,50,0,25,0,3
3,1,34,3,1,34,3,0,6,3
0,27,20,0,27,20,0,25,0,3
41,3,46,41,3,46,37,3,18,3
14,9,28,14,9,28,1,9,0,3
1,7,2,0,7,2,0,6,1,3
26,50,3,26,50,3,25,51,12,3
37,6,51,38,25,50,25,0,0,3
3,10,51,3,10,51,3,9,0,3
28,50,50,28,50,50,0,50,0,3
0,14,38,0,14,38,0,1,0,3
1,0,25,1,0,25,0,0,25,3
0,12,25,0,12,25,0,12,25,3
3,25,6,6,31,50,0,0,0,3
12,0,76,12,0,76,12,0,25,3
0,1,89,0,1,89,0,1,37,3
5,45,70,5,45,70,0,26,6,3
44,3,0,0,0,40,0,0,28,3
22,13,28,22,13,28,9,13,3,3
0,32,0,0,32,0,0,7,0,3
34,37,0,34,37,0,9,37,0,3
6,8,35,6,8,35,6,7,0,3
25,0,25,25,0,25,25,0,25,3
0,25,28,2,14,41,0,12,3,3
26,42,50,26,42,50,26,17,0,3
54,18,87,54,18,87,0,18,50,3
9,0,78,0,0,75,0,0,25,3
37,6,56,37,6,56,37,0,0,3
0,25,40,0,25,40,1,25,0,3
21,20,26,21,20,26,18,0,0,3
0,0,25,0,0,28,0,0,25,3
37,50,14,37,50,14,37,0,0,3
1,0,56,1,0,56,0,0,6,3
14,25,53,15,18,52,15,12,0,3
29,0,50,29,0,50,4,0,0,3
42,25,46,42,25,46,17,0,6,3
3,0,27,6,0,33,6,0,31,3
7,3,14,4,6,14,4,6,0,3
3,14,1,3,14,1,3,14,0,3
26,3,51,26,3,51,0,3,0,3
0,13,92,0,13,92,0,13,37,3
0,28,50,0,28,50,0,0,0,3
8,3,56,8,3,56,6,0,0,3
6,25,26,6,25,26,0,0,0,3
7,25,26,7,25,26,7,0,1,3
25,31,4,25,31,4,25,6,0,3
25,50,22,25,50,29,0,0,25,3
4,13,53,4,13,53,3,12,0,3
2,4,53,2,4,53,0,4,3,3
0,50,50,3,39,51,3,25,0,3
14,0,0,14,0,0,12,0,0,3
25,0,39,25,0,39,25,0,38,3
32,14,1,32,14,1,6,6,0,3
1,28,21,1,28,21,1,28,15,3
0,43,63,0,43,63,0,13,17,3
10,0,75,10,0,75,10,0,25,3
1,25,62,0,14,62,0,14,12,3
0,28,0,0,28,0,0,28,0,3
22,7,25,22,7,25,16,6,0,3
22,3,37,16,0,37,0,0,37,3
32,51,15,32,51,15,32,51,3,3
19,13,56,19,13,56,0,0,57,3
0,23,58,0,23,58,6,20,0,3
3,50,51,3,50,51,0,50,1,3
9,18,2,9,18,2,9,12,1,3
28,1,25,28,1,25,0,1,29,3
25,1,3,25,1,3,0,1,0,3
13,38,24,13,38,24,0,0,10,3
46,43,75,43,43,78,25,37,28,3
30,28,75,30,28,75,25,0,0,3
1,25,51,1,25,51,0,25,0,3
43,7,0,43,7,0,25,0,0,3
0,10,29,0,7,26,0,6,25,3
0,6,43,0,6,43,0,0,0,3
28,2,57,28,2,57,0,0,7,3
15,20,48,19,1,47,6,0,3,3
31,6,53,31,6,53,0,0,3,3
32,31,6,32,31,6,32,6,6,3
4,2,43,4,2,43,0,0,6,3
2,26,25,2,26,25,1,26,25,3
1,3,0,1,3,0,2,0,0,3
0,26,56,0,26,56,0,25,6,3
31,38,75,0,0,0,0,0,0,3
0,44,78,0,44,78,0,44,25,3
0,25,53,0,25,53,0,25,3,3
0,2,12,0,2,12,6,1,0,3
10,0,37,10,0,37,1,0,12,3
13,0,39,13,0,39,7,0,0,3
14,6,0,14,6,0,1,6,0,3
6,9,25,6,9,25,6,0,0,3
19,25,26,19,25,26,6,0,25,3
31,25,18,32,25,25,7,25,25,3
1,40,75,1,40,75,1,3,25,3
17,18,13,17,18,13,14,6,0,3
2,25,76,4,26,81,3,0,25,3
0,0,56,0,0,56,0,21,0,3
19,0,38,19,0,38,0,0,12,3
0,14,27,0,14,27,0,1,25,3
29,20,0,29,20,0,25,20,0,3
32,0,50,32,0,50,0,0,0,3
7,3,50,7,3,50,0,0,0,3
20,3,50,26,1,51,25,0,1,3
39,28,50,39,28,50,37,25,0,3
5,14,38,5,14,38,3,14,38,3
0,1,28,0,5,28,0,1,3,3
1,7,0,1,7,0,1,0,0,3
3,7,53,3,7,53,0,0,0,3
1,25,0,1,25,0,0,0,0,3
0,25,70,0,25,70,0,25,0,3
0,0,70,0,0,70,0,3,6,3
3,0,3,3,0,3,3,0,3,3
19,0,29,1,0,25,1,0,25,3
32,13,28,32,13,28,7,12,25,3
12,6,6,12,7,9,0,0,6,3
39,2,64,39,2,64,14,2,1,3
0,28,50,0,28,50,0,25,0,3
12,14,39,12,14,39,6,0,4,3
16,0,25,16,0,25,3,0,25,3
15,5,32,15,5,32,12,4,7,3
2,0,67,2,0,67,0,12,1,3
9,25,6,9,25,6,9,25,6,3
32,32,6,32,32,6,32,25,6,3
14,0,50,7,0,50,7,0,0,3
12,9,25,12,9,25,12,3,25,3
3,6,3,3,6,3,3,0,0,3
2,25,48,2,25,48,2,0,35,3
27,1,62,27,1,62,25,1,12,3
8,37,50,7,37,9,9,25,1,3
0,6,25,0,6,25,0,0,0,3
0,3,10,0,3,10,0,3,9,3
2,1,9,2,1,9,0,2,0,3
0,32,0,0,32,0,0,0,0,3
50,0,50,50,1,64,0,1,0,3
7,20,37,7,20,37,0,0,12,3
18,0,29,18,0,29,12,0,0,3
8,5,54,8,5,54,8,0,4,3
25,35,57,25,30,52,0,29,2,3
0,0,41,0,0,41,0,0,3,3
3,29,6,3,29,6,3,29,0,3
32,25,25,25,31,31,0,31,31,3
50,0,50,50,0,50,0,0,0,3
0,0,12,0,0,12,0,7,6,3
25,38,0,25,38,0,0,27,0,3
43,6,62,39,3,62,37,3,0,3
0,12,37,0,12,37,0,12,12,3
1,25,0,1,25,0,26,25,0,3
2,48,20,2,42,20,0,25,14,3
0,3,37,0,3,37,0,0,0,3
26,27,25,26,27,25,0,26,0,3
0,7,28,0,7,28,0,6,0,3
50,1,20,50,1,20,50,1,0,3
32,1,12,32,1,12,0,0,12,3
25,25,79,19,12,75,12,12,0,3
6,31,6,6,31,6,0,6,6,3
6,7,34,6,7,34,0,6,25,3
0,18,39,0,18,39,0,4,25,3
30,3,57,8,4,58,14,1,0,3
6,12,53,6,12,53,0,12,0,3
25,51,25,25,51,25,25,50,0,3
28,10,0,28,10,0,28,10,0,3
0,0,1,0,0,1,0,0,0,3
16,0,25,16,0,25,0,0,0,3
25,32,50,25,32,50,0,6,0,3
0,10,0,0,3,100,0,3,0,3
14,0,6,14,0,6,14,0,6,3
3,26,68,3,26,68,0,0,6,3
3,6,37,0,6,39,0,6,25,3
3,25,25,3,25,25,3,25,25,3
3,8,40,3,8,40,0,1,0,3
25,40,19,25,40,19,25,40,6,3
0,3,43,0,3,43,0,3,6,3
7,7,25,7,7,25,0,6,0,3
3,13,32,3,13,32,0,25,0,3
0,0,3,0,3,3,0,3,0,3
0,7,1,0,7,1,0,6,1,3
0,0,75,0,0,75,0,0,0,3
12,5,50,12,5,50,12,3,0,3
0,14,39,0,14,39,0,1,37,3
8,4,39,8,4,39,8,1,12,3
31,50,26,32,37,11,31,37,7,3
0,0,37,0,0,37,0,0,12,3
8,1,7,8,1,7,1,1,1,3
6,3,26,6,3,26,0,0,25,3
25,28,51,25,28,51,0,0,1,3
26,12,1,3,12,7,0,0,7,3
25,0,100,25,0,100,0,0,0,3
0,26,53,0,26,53,0,1,0,3
6,0,49,6,0,49,6,0,22,3
6,13,25,6,13,25,0,0,25,3
12,29,26,4,29,1,4,26,1,3
17,0,36,1,0,36,0,0,6,3
3,31,13,3,31,13,0,25,1,3
3,13,32,3,13,32,3,12,0,3
5,0,27,5,0,27,0,0,0,3
25,0,34,25,0,34,25,0,3,3
3,0,25,3,0,25,0,0,0,3
6,23,4,6,23,4,6,18,3,3
46,6,54,46,6,54,33,6,7,3
26,6,50,26,6,50,0,6,0,3
3,37,12,3,37,12,0,37,0,3
0,25,12,0,25,12,0,25,5,3
12,9,30,12,9,29,12,6,1,3
19,16,0,19,16,0,18,0,0,3
31,27,15,31,27,15,6,0,15,3
2,25,50,2,25,50,0,0,0,3
25,25,75,25,25,75,25,0,25,3
31,25,53,32,26,50,0,25,0,3
25,15,53,25,15,53,25,0,3,3
0,0,38,0,0,38,0,0,12,3
0,19,37,0,19,37,0,19,25,3
0,3,64,0,3,64,0,0,62,3
26,50,50,30,51,50,25,51,0,3
6,3,7,0,0,0,0,0,0,3
13,25,32,13,25,32,12,25,6,3
7,2,0,7,2,0,0,0,0,3
12,25,50,12,25,50,0,25,1,3
0,28,60,0,28,60,0,0,8,3
25,3,65,25,3,65,25,3,3,3
28,0,75,28,37,75,28,0,0,3
23,26,50,23,26,50,7,25,0,3
12,3,43,12,3,43,12,0,31,3
22,0,0,22,0,0,6,0,0,3
6,1,78,6,1,78,6,1,3,3
16,0,57,14,19,50,0,13,50,3
2,31,50,2,31,50,2,31,0,3
6,1,26,6,1,26,0,0,1,3
15,0,0,15,0,0,6,0,0,3
0,0,7,0,0,7,0,0,6,3
25,25,22,25,28,50,25,25,0,3
14,1,62,14,1,62,12,1,12,3
0,44,76,0,44,76,0,38,1,3
25,37,56,25,37,56,0,0,6,3
6,4,0,6,4,0,6,0,0,3
7,26,0,7,26,0,7,0,0,3
25,53,19,25,53,19,0,53,6,3
1,18,1,1,18,1,0,0,1,3
12,0,39,12,0,39,0,0,0,3
25,0,3,25,0,3,25,0,3,3
17,25,0,14,25,0,12,0,0,3
26,25,53,26,25,50,26,25,0,3
19,14,75,19,14,75,12,12,25,3
0,1,81,0,1,81,0,0,25,3
32,12,50,39,7,50,26,6,0,3
7,0,42,7,25,37,6,25,12,3
3,15,25,3,15,25,0,0,0,3
27,6,64,27,6,64,26,6,64,3
5,15,43,4,12,45,1,0,6,3
26,0,32,26,0,32,0,0,0,3
25,31,6,28,32,12,0,26,0,3
16,25,3,16,25,3,3,0,0,3
14,6,0,14,6,0,12,0,0,3
18,26,56,18,26,56,12,1,0,3
44,0,50,43,9,51,25,0,0,3
0,0,25,0,0,25,0,0,0,3
6,31,53,6,31,53,0,25,0,3
18,12,41,26,9,37,25,3,0,3
25,31,25,25,31,25,0,25,25,3
25,32,18,25,32,18,0,0,0,3
3,57,82,3,57,82,0,0,25,3
14,39,56,14,39,56,0,12,0,3
53,25,37,53,25,37,0,0,12,3
0,8,0,25,0,2,0,12,0,3
7,56,50,7,56,50,6,56,0,3
13,10,44,13,10,44,12,0,7,3
5,26,25,5,26,25,3,25,25,3
0,31,0,0,31,0,0,31,0,3
6,13,50,47,3,50,38,3,0,3
0,18,37,0,18,37,0,0,0,3
27,12,18,27,12,18,0,0,0,3
0,30,2,0,25,2,0,0,1,3
12,1,30,13,1,37,12,0,0,3
9,0,46,9,0,46,3,0,34,3
2,23,21,2,23,21,0,12,3,3
0,51,51,0,51,51,3,0,3,3
0,10,53,0,10,53,0,13,0,3
53,14,1,53,14,1,0,1,1,3
10,12,1,9,12,1,6,12,1,3
53,21,7,53,21,7,3,3,0,3
10,56,50,10,56,50,10,56,50,3
0,50,50,0,50,50,0,50,0,3
0,28,50,0,28,50,0,28,0,3
1,0,50,1,0,50,0,18,3,3
38,51,15,38,51,15,13,1,15,3
0,9,50,49,1,51,31,0,0,3
10,12,50,10,12,50,3,0,0,3
12,23,51,12,23,51,12,0,0,3
8,37,51,8,37,51,7,12,0,3
51,25,51,51,25,51,1,25,0,3
0,25,50,3,27,50,0,26,0,3
44,25,11,44,25,11,37,25,0,3
38,54,15,38,54,15,25,54,0,3
37,52,51,37,52,51,0,51,1,3
37,25,50,37,25,50,12,0,0,3
1,20,50,1,20,50,0,0,0,3
6,50,52,6,50,52,0,0,0,3
3,52,50,3,50,50,3,0,0,3
51,20,58,51,20,57,1,18,7,3
1,31,53,1,31,53,0,0,0,3
44,50,50,44,50,50,25,0,0,3
0,51,12,1,50,12,1,0,12,3
0,35,6,0,35,6,0,28,6,3
39,50,53,39,50,53,37,0,3,3
43,51,51,43,51,51,43,50,0,3
43,1,62,43,1,62,25,1,0,3
25,28,58,25,28,58,0,0,1,3
25,25,50,25,25,50,25,25,0,3
40,16,53,40,16,53,25,0,3,3
1,19,50,2,19,50,1,6,0,3
13,12,51,13,12,51,0,12,0,3
3,16,56,3,14,57,3,1,6,3
3,0,58,3,0,58,3,0,2,3
41,19,50,41,19,50,0,12,0,3
19,13,50,21,12,50,9,0,50,3
34,29,50,34,29,50,6,4,0,3
26,50,9,26,50,9,26,0,9,3
37,34,4,37,34,4,12,6,3,3
31,19,0,31,19,0,31,13,0,3
39,31,52,39,31,52,0,0,0,3
3,32,62,3,32,62,0,26,0,3
46,25,50,44,25,50,25,25,0,3
47,25,53,47,25,53,37,0,0,3
46,18,54,46,18,54,34,6,3,3
3,16,50,3,16,50,3,12,0,3
12,12,51,12,12,51,12,0,0,3
3,26,53,3,26,53,3,0,3,3
44,15,56,46,12,50,26,12,50,3
46,31,56,46,31,56,43,0,56,3
32,40,52,32,40,52,25,25,52,3
18,31,0,18,25,0,0,0,0,3
25,15,0,25,15,0,25,13,0,3
38,26,51,38,26,51,13,0,0,3
0,25,53,1,26,51,1,25,0,3
4,19,50,4,19,50,1,18,0,3
0,12,53,0,12,53,0,12,0,3
1,13,50,1,13,50,1,0,0,3
6,25,50,6,25,50,6,0,0,3
50,20,54,50,20,54,0,12,0,3
50,25,62,50,25,62,0,25,50,3
51,21,56,51,21,56,0,18,56,3
50,18,59,50,18,59,0,12,6,3
34,13,50,34,13,50,31,0,0,3
29,3,7,28,4,8,3,1,0,3
27,32,14,27,32,14,25,6,0,3
25,25,50,26,25,50,25,0,0,3
38,15,60,39,15,60,14,0,9,3
50,15,62,50,15,62,0,0,12,3
6,12,52,6,12,52,6,12,0,3
6,20,63,6,20,63,6,3,12,3
0,16,50,0,16,50,0,3,0,3
0,12,52,0,12,52,0,12,1,3
1,14,53,2,14,53,1,12,50,3
46,25,57,46,25,57,14,0,0,3
46,26,51,46,26,51,40,25,51,3
44,15,50,44,15,50,12,0,0,3
38,25,60,38,25,60,25,0,53,3
33,14,51,36,13,51,1,0,50,3
37,25,50,37,25,50,0,0,0,3
1,18,50,0,19,50,0,0,0,3
37,19,50,37,19,50,25,13,0,3
37,14,7,37,14,7,12,0,6,3
39,14,9,39,14,9,15,0,9,3
48,25,53,48,25,53,15,25,53,3
12,31,66,12,31,66,0,6,50,3
50,31,71,50,31,71,0,25,50,3
48,27,63,48,27,63,0,25,0,3
31,37,52,31,37,52,25,25,0,3
12,37,50,12,37,50,6,37,1,3
16,28,53,15,25,53,0,25,0,3
31,12,51,31,12,51,0,0,50,3
0,25,62,0,25,62,0,0,50,3
0,14,62,0,14,62,0,14,0,3
0,12,50,0,12,50,0,12,0,3
0,0,50,0,0,50,0,12,0,3
37,7,50,39,6,50,26,0,0,3
38,25,52,38,15,50,25,15,0,3
0,37,50,0,37,50,0,25,50,3
12,14,52,12,14,52,12,0,55,3
17,22,60,17,22,60,14,22,0,3
0,25,59,0,25,59,0,25,3,3
26,43,63,25,45,63,28,28,0,3
17,28,50,17,28,50,17,25,0,3
25,25,53,25,25,53,0,25,53,3
42,14,50,42,14,50,25,14,50,3
3,25,50,3,25,50,3,25,0,3
6,25,50,6,25,50,0,12,0,3
1,18,51,1,18,51,0,6,1,3
31,22,50,31,22,50,25,0,0,3
3,25,57,3,25,57,0,0,7,3
40,37,50,40,37,50,15,12,0,3
35,13,51,36,13,51,0,0,1,3
0,16,14,0,16,14,0,16,12,3
32,6,12,30,12,50,0,12,0,3
28,28,54,28,28,54,0,28,3,3
28,25,51,28,25,51,0,25,1,3
42,37,56,42,37,56,39,12,0,3
39,25,50,39,25,50,25,0,3,3
43,25,50,43,25,50,18,25,0,3
43,17,57,43,17,57,31,15,0,3
39,13,53,39,13,53,25,0,3,3
3,19,57,3,19,57,3,7,0,3
6,20,50,6,20,50,6,20,0,3
7,18,56,7,18,56,1,0,56,3
0,32,67,3,21,64,0,14,14,3
28,14,6,28,14,6,25,0,0,3
25,1,1,25,1,1,0,1,1,3
25,1,0,25,1,0,0,0,0,3
41,1,50,41,1,50,25,0,50,3
42,14,50,42,14,50,0,0,50,3
0,9,51,0,9,51,0,3,0,3
6,3,57,6,3,57,6,3,0,3
50,25,63,50,25,63,50,25,0,3
50,12,56,50,12,56,0,0,0,3
3,3,53,3,3,53,0,0,0,3
1,12,54,1,12,54,1,0,3,3
0,15,62,0,15,64,0,15,64,3
51,15,63,51,15,63,0,15,50,3
40,7,5,37,6,4,25,0,0,3
0,7,14,0,7,14,0,0,0,3
31,9,18,31,9,18,6,6,7,3
26,26,13,26,26,13,0,26,14,3
35,25,51,25,14,56,25,1,6,3
0,15,50,0,15,50,0,14,0,3
4,25,50,4,25,50,0,0,0,3
10,25,60,10,25,60,6,0,1,3
37,27,50,37,27,50,12,0,0,3
37,28,50,37,28,50,25,1,0,3
27,25,51,27,25,51,27,25,51,3
50,21,53,1,22,50,0,16,0,3
0,50,51,0,50,51,0,50,0,3
25,50,41,25,50,41,0,0,25,3
25,25,12,25,19,12,25,6,0,3
0,25,50,0,25,50,0,0,0,3
50,50,54,50,50,54,0,0,0,3
15,12,56,15,12,56,12,12,0,3
50,19,50,50,19,50,0,0,0,3
8,26,51,8,26,51,0,25,0,3
0,31,52,0,31,52,0,6,2,3
0,14,56,46,13,54,46,0,4,3
0,1,40,0,1,40,0,0,3,3
3,14,10,3,14,10,0,1,7,3
56,50,10,10,50,12,0,50,12,3
51,50,57,51,50,57,51,0,51,3
1,1,50,4,0,51,3,0,1,3
4,3,59,4,3,59,0,3,53,3
0,51,12,0,51,12,0,50,0,3
0,12,0,0,12,0,0,0,0,3
4,0,18,4,0,18,0,0,18,3
12,7,19,12,7,19,12,7,12,3
4,39,0,4,39,0,4,1,0,3
57,46,51,57,3,57,57,0,51,3
31,26,15,31,26,15,6,0,15,3
7,18,100,7,18,100,0,18,0,3
25,39,65,25,39,65,25,39,15,3
7,0,28,25,1,25,25,1,0,3
25,0,15,25,0,15,25,10,1,3
28,12,12,28,12,12,28,12,0,3
0,28,13,0,28,13,0,28,0,3
12,114,5,12,114,5,12,100,4,3
12,0,51,12,0,51,25,6,1,3
1,0,25,1,0,25,1,0,0,3
25,19,0,27,0,1,2,0,0,3
7,0,0,7,0,0,7,0,0,3
15,0,17,15,0,17,3,0,3,3
25,45,22,25,45,22,0,43,0,3
50,24,16,50,24,16,0,7,0,3
25,15,0,25,9,0,0,9,0,3
50,0,51,50,0,51,0,0,0,3
25,0,39,25,0,39,25,0,0,3
25,6,7,25,6,7,0,6,0,3
26,26,6,26,26,6,26,1,0,3
12,52,28,12,52,28,0,0,0,3
14,31,0,14,31,0,0,31,0,3
12,41,75,12,41,75,0,3,0,3
31,53,51,31,53,51,25,3,50,3
10,25,25,7,12,25,7,12,0,3
12,29,4,14,28,2,0,3,0,3
28,21,12,28,21,12,25,18,0,3
0,46,26,0,46,26,0,25,25,3
6,7,0,53,1,11,53,0,0,3
0,6,102,0,6,102,0,0,1,3
13,30,50,13,30,50,0,30,0,3
8,12,0,0,12,0,0,0,15,3
25,19,8,25,19,8,0,12,2,3
25,101,1,25,101,1,0,100,0,3
6,0,51,6,0,51,0,0,0,3
6,26,0,6,25,0,0,25,0,3
0,25,25,0,25,25,0,25,25,3
28,29,0,28,29,0,0,1,0,3
4,32,24,4,32,24,4,12,7,3
58,60,62,58,60,62,0,0,50,3
1,0,75,0,1,76,0,0,50,3
14,6,73,14,6,73,14,6,3,3
0,26,56,0,26,56,0,0,6,3
5,3,41,5,3,41,0,0,16,3
31,0,25,31,0,25,31,0,0,3
31,43,0,31,0,3,31,0,3,3
25,6,50,25,6,50,0,6,0,3
21,25,64,14,28,62,14,3,0,3
0,35,51,3,29,53,0,3,0,3
44,50,6,44,50,6,7,50,0,3
0,0,26,0,0,26,0,0,1,3
25,31,21,25,31,21,25,0,16,3
3,37,26,3,37,26,6,25,26,3
0,28,60,0,28,60,0,0,57,3
0,0,0,1,0,3,0,0,3,3
15,7,71,15,7,71,0,1,1,3
39,12,56,39,12,56,12,12,6,3
1,28,37,1,28,37,0,3,0,3
32,29,25,25,30,25,0,2,0,3
37,6,31,37,6,31,25,1,25,3
3,85,50,3,85,50,3,9,0,3
17,25,65,15,30,66,15,28,16,3
9,28,64,9,28,64,9,28,0,3
50,51,50,50,51,50,0,51,0,3
50,35,38,50,35,38,21,25,1,3
25,25,0,25,25,0,0,25,0,3
25,25,1,25,25,0,0,25,0,3
6,14,6,6,14,6,6,14,6,3
0,53,71,0,53,71,0,50,53,3
0,21,0,0,21,0,0,21,0,3
12,51,58,12,51,58,0,1,6,3
0,13,51,0,7,51,1,3,0,3
25,28,25,25,28,25,0,28,0,3
27,25,25,27,25,25,0,0,25,3
25,1,32,31,0,28,25,0,25,3
0,7,51,0,7,51,0,0,0,3
0,50,3,0,50,3,0,50,3,3
0,31,62,0,31,62,0,1,50,3
56,28,51,56,28,51,50,6,1,3
20,37,26,20,37,26,0,25,0,3
25,30,0,25,30,0,25,30,0,3
1,28,19,1,28,19,1,3,6,3
1,25,30,1,25,30,1,0,26,3
0,0,6,0,0,6,0,0,6,3
12,0,3,12,0,91,12,0,53,3
0,3,50,0,3,50,18,0,12,3
3,25,44,3,25,44,0,25,12,3
25,12,26,25,12,26,0,12,0,3
3,1,25,3,1,25,0,0,0,3
13,25,0,13,25,0,0,25,0,3
19,25,75,19,25,75,7,25,0,3
6,53,51,3,53,50,0,53,0,3
50,14,0,50,14,0,50,0,0,3
14,40,7,14,40,7,0,25,0,3
31,30,16,31,30,16,25,26,0,3
12,13,9,12,13,9,12,0,9,3
37,37,50,32,50,51,0,50,12,3
14,2,75,14,2,75,0,0,25,3
18,53,81,18,50,81,12,0,31,3
1,7,50,1,7,50,0,6,0,3
3,0,31,3,0,31,3,0,6,3
12,0,67,12,0,67,12,0,65,3
8,50,50,8,50,50,8,50,0,3
3,9,25,3,9,25,0,0,0,3
3,5,3,3,5,3,9,1,3,3
0,13,25,3,13,25,0,12,0,3
6,13,6,7,12,51,0,0,1,3
34,26,71,34,26,71,3,0,18,3
14,46,79,14,46,79,0,44,25,3
0,30,69,0,30,69,0,25,0,3
0,16,6,0,16,6,0,13,6,3
12,0,29,12,0,29,3,0,29,3
26,0,31,26,0,31,1,0,25,3
56,66,12,56,50,12,0,0,12,3
15,66,51,15,66,51,14,12,0,3
0,11,52,0,11,52,0,6,50,3
1,51,50,1,51,50,0,51,50,3
50,13,0,50,13,0,50,13,0,3
52,1,28,51,0,25,50,0,25,3
3,50,0,3,50,0,0,50,0,3
5,37,20,5,37,20,4,0,12,3
25,44,51,25,44,51,1,20,0,3
25,45,53,25,45,53,25,25,3,3
25,28,60,25,28,60,25,25,6,3
26,6,0,26,6,0,1,6,0,3
0,0,39,0,0,39,0,0,25,3
9,29,32,9,29,32,9,4,1,3
0,0,58,0,0,58,0,0,57,3
1,65,53,1,65,53,10,50,50,3
50,25,10,51,25,7,50,25,0,3
14,39,31,14,39,31,1,39,25,3
11,27,25,11,27,25,6,0,0,3
12,12,0,12,12,0,12,0,0,3
29,25,59,29,25,59,3,25,6,3
12,0,81,12,0,81,0,0,25,3
3,40,76,3,33,53,0,1,0,3
0,7,0,0,7,0,0,7,0,3
6,25,26,6,25,26,6,0,0,3
25,26,6,25,26,6,25,0,6,3
1,53,75,1,53,75,0,0,0,3
1,1,67,0,67,62,0,62,0,3
18,18,0,18,18,0,15,0,0,3
26,35,7,26,35,7,0,31,7,3
28,28,0,28,28,0,0,25,0,3
7,3,0,7,3,0,7,0,0,3
7,37,62,7,37,62,0,25,12,3
1,9,87,1,9,87,0,6,50,3
9,1,81,9,0,78,9,0,28,3
25,14,53,25,14,53,25,2,0,3
3,25,27,3,25,27,3,25,26,3
21,14,0,21,14,19,1,1,6,3
0,0,25,0,0,25,0,0,0,3
51,13,1,51,13,1,0,3,0,3
15,30,81,15,30,81,13,0,0,3
25,10,74,0,0,72,0,0,0,3
50,21,9,50,21,9,50,18,3,3
5,0,12,5,0,12,0,0,12,3
1,37,12,1,37,12,1,25,12,3
2,1,25,2,1,25,0,1,0,3
42,44,54,42,44,54,1,0,3,3
13,0,83,1,0,75,0,0,25,3
15,1,78,15,1,78,3,0,28,3
30,28,56,30,28,56,28,3,0,3
0,1,0,0,0,35,0,0,9,3
8,25,25,8,25,25,0,25,25,3
9,0,26,9,0,26,0,0,1,3
1,53,19,1,53,19,0,51,0,3
10,3,64,10,3,64,1,0,14,3
32,1,53,32,1,53,31,0,0,3
43,53,51,43,53,51,43,53,50,3
0,7,33,0,7,33,0,0,1,3
10,28,6,10,28,6,3,25,0,3
0,0,0,0,0,0,0,0,0,3
2,28,25,1,28,50,1,3,0,3
8,9,3,8,9,3,8,6,0,3
2,0,75,2,0,75,1,0,50,3
25,13,51,25,13,51,3,12,7,3
3,0,28,3,0,28,0,0,0,3
18,25,7,18,25,7,6,25,7,3
6,25,26,6,25,26,0,0,26,3
50,50,22,50,50,53,50,0,0,3
12,18,62,12,18,62,0,0,12,3
0,6,50,0,6,50,0,6,0,3
38,59,17,41,56,14,28,50,0,3
0,26,31,0,26,31,0,25,0,3
7,1,12,7,1,12,3,1,12,3
0,3,0,5,0,6,2,0,6,3
14,31,17,17,32,17,4,6,15,3
6,41,75,6,41,75,0,40,25,3
3,3,87,3,3,87,3,0,25,3
25,28,64,25,28,64,25,25,0,3
0,0,37,0,0,37,0,0,12,3
7,38,6,7,38,6,2,12,0,3
6,0,14,6,0,14,6,0,0,3
0,50,1,0,50,1,0,0,1,3
2,9,50,2,9,50,0,6,0,3
0,22,67,1,22,50,0,7,50,3
6,10,57,6,10,57,6,7,57,3
37,50,0,37,50,0,25,50,0,3
9,12,25,9,15,25,3,15,0,3
5,2,12,5,2,12,2,0,12,3
6,17,0,6,17,0,0,17,0,3
6,37,50,6,37,50,6,37,0,3
4,0,66,4,0,66,1,0,3,3
0,43,75,0,43,75,0,31,25,3
35,30,50,35,30,50,10,1,0,3
0,9,40,0,7,38,0,1,13,3
3,1,28,3,1,28,0,0,3,3
1,20,1,1,20,1,0,14,0,3
0,53,54,0,53,54,0,0,1,3
0,0,51,0,0,51,0,0,1,3
1,13,50,1,13,50,1,13,0,3
7,25,4,7,25,4,6,25,1,3
6,0,25,7,32,25,0,32,0,3
12,0,25,12,0,25,12,0,0,3
2,25,19,2,25,19,2,0,7,3
37,0,76,14,0,0,14,0,0,3
15,1,78,15,1,78,12,1,25,3
26,25,62,26,25,62,1,0,12,3
38,0,46,38,1,43,25,0,12,3
0,21,36,0,17,34,0,14,6,3
25,25,1,25,25,1,25,0,0,3
50,63,1,50,63,1,50,6,0,3
6,15,14,6,15,14,0,3,14,3
14,62,1,14,62,1,12,0,0,3
29,1,50,29,1,50,25,0,1,3
0,12,38,0,12,38,0,0,0,3
16,25,19,16,25,19,15,25,13,3
0,25,0,0,25,0,0,0,0,3
0,1,14,27,5,0,0,3,0,3
0,8,55,0,8,55,0,0,5,3
68,50,103,68,50,103,50,50,0,3
18,5,75,18,5,75,0,0,25,3
43,0,41,43,0,41,25,0,13,3
0,28,3,0,28,3,0,25,0,3
3,17,12,3,17,12,0,14,12,3
12,1,7,12,1,7,12,0,0,3
40,25,3,40,25,3,12,25,0,3
3,25,4,3,25,4,3,0,1,3
31,18,14,31,18,14,31,18,12,3
1,25,0,1,25,0,1,25,0,3
0,52,100,1,33,10,1,31,10,3
8,21,65,8,21,65,0,1,3,3
6,26,31,6,26,31,0,25,25,3
31,17,8,31,17,8,25,14,7,3
25,23,9,25,23,9,25,12,3,3
5,101,81,5,101,81,0,0,0,3
4,13,50,4,13,50,0,0,0,3
0,12,28,3,12,28,0,0,3,3
0,25,16,0,25,16,0,25,12,3
25,6,0,25,6,0,0,6,0,3
14,0,17,12,6,25,0,50,6,3
46,7,50,46,7,50,15,6,0,3
12,25,32,12,25,32,1,25,6,3
28,12,0,28,12,0,0,12,0,3
6,7,26,6,6,25,0,6,25,3
0,50,62,1,53,50,0,0,0,3
13,34,50,13,34,50,0,28,0,3
12,6,25,12,6,25,12,0,26,3
27,25,16,27,25,16,32,26,12,3
0,32,12,0,32,12,0,26,12,3
53,50,22,53,50,22,3,50,6,3
50,9,0,50,9,0,50,12,0,3
0,10,85,0,10,85,0,0,28,3
0,25,56,0,25,56,0,25,6,3
13,25,6,13,25,0,12,0,0,3
19,26,12,19,26,12,0,25,0,3
6,4,7,6,4,7,6,4,0,3
31,64,0,31,64,0,31,12,0,3
1,26,53,0,26,50,0,0,0,3
20,26,50,20,26,50,0,25,0,3
30,52,63,30,52,63,28,50,0,3
54,1,0,54,1,42,50,0,0,3
19,25,25,19,25,25,6,25,25,3
0,25,0,0,25,0,0,25,0,3
12,18,23,12,18,23,0,0,17,3
0,0,12,0,0,12,0,0,12,3
3,11,39,3,11,39,0,0,44,3
25,0,64,25,0,64,4,0,3,3
26,50,52,26,50,52,25,50,0,3
53,6,41,53,6,41,50,6,40,3
12,25,25,12,25,25,12,25,0,3
14,27,0,14,27,0,0,4,3,3
21,6,75,21,6,75,14,0,25,3
25,3,14,25,3,14,0,3,1,3
3,22,28,3,23,25,3,16,25,3
16,8,32,16,8,32,0,0,0,3
0,26,26,0,39,26,0,26,0,3
16,26,31,16,26,31,12,28,0,3
13,56,50,13,50,51,0,50,1,3
50,50,37,50,50,37,50,50,0,3
14,0,25,13,0,25,0,0,25,3
3,50,51,3,50,51,0,50,1,3
44,12,26,44,12,26,31,12,0,3
12,43,25,16,37,25,16,37,25,3
0,5,32,0,5,32,0,0,26,3
12,0,25,12,0,25,12,0,25,3
20,62,59,20,62,59,7,62,9,3
0,12,38,0,12,38,0,0,0,3
13,0,1,12,1,2,12,1,2,3
6,41,21,6,41,21,6,12,1,3
0,0,0,0,0,0,0,0,0,3
0,34,0,6,0,6,0,0,0,3
7,46,56,13,43,50,0,18,0,3
3,6,29,3,6,29,3,0,25,3
0,9,25,0,9,25,0,6,25,3
4,57,53,4,57,53,4,50,3,3
3,13,37,3,13,37,0,0,0,3
16,38,6,16,38,6,13,0,0,3
12,29,25,12,29,25,12,25,25,3
0,0,57,0,0,57,0,0,0,3
12,50,53,12,50,53,6,50,0,3
3,16,32,5,15,32,3,0,6,3
14,33,25,14,33,25,12,25,25,3
0,1,28,0,1,28,0,0,28,3
2,26,26,2,26,26,2,25,25,3
12,25,25,12,25,25,12,25,0,3
19,26,25,19,26,25,18,25,25,3
26,0,10,26,0,10,26,0,7,3
5,53,91,4,51,87,0,51,62,3
12,6,100,12,6,100,0,6,0,3
3,53,56,3,53,56,3,0,6,3
6,12,6,6,12,6,6,12,0,3
3,27,25,3,27,25,0,0,25,3
12,26,32,12,26,32,15,25,10,3
12,25,6,12,25,6,0,25,6,3
10,67,56,0,3,56,0,3,0,3
0,51,75,1,51,75,0,51,0,3
6,12,65,6,12,65,6,0,65,3
8,20,3,8,20,3,6,12,0,3
7,28,3,0,25,0,0,0,0,3
12,31,0,12,31,0,0,25,0,3
1,13,3,1,13,3,1,13,0,3
3,31,50,0,32,56,1,51,12,3
0,10,94,0,10,94,0,3,31,3
0,50,50,0,50,50,0,0,0,3
34,12,6,34,12,6,25,0,6,3
7,1,31,7,1,31,0,1,6,3
0,25,32,0,25,32,0,0,0,3
0,28,25,0,28,25,8,28,25,3
0,0,10,0,0,10,0,0,7,3
7,7,0,7,7,47,0,6,28,3
1,27,37,1,27,37,0,0,25,3
2,3,32,2,3,32,0,3,6,3
6,57,63,6,57,63,0,7,12,3
0,50,50,43,50,6,43,0,6,3
7,6,37,7,6,37,0,6,12,3
12,26,42,12,26,42,0,0,30,3
0,32,27,0,32,27,0,6,0,3
14,25,25,14,25,25,14,0,0,3
10,12,75,10,3,79,6,3,25,3
3,7,57,3,7,57,6,6,0,3
3,19,25,3,19,25,3,7,0,3
2,31,28,2,31,28,0,31,25,3
1,25,21,1,25,21,0,0,0,3
7,0,51,0,9,50,0,6,0,3
-87,0,0,-87,0,0,-87,0,0,3
-67,0,18,-67,0,18,-68,0,6,3
48,0,9,48,0,9,42,0,0,3
28,39,3,28,39,3,3,30,1,3
3,32,19,3,32,19,0,7,0,3
0,0,18,1,0,25,0,0,25,3
11,0,75,11,0,75,7,0,25,3
14,44,51,14,44,51,14,31,0,3
28,27,0,28,27,0,0,0,0,3
7,25,0,7,6,0,0,6,0,3
3,37,53,3,37,53,0,0,0,3
28,0,46,28,0,46,13,3,25,3
1,27,50,1,27,50,1,2,0,3
15,0,7,15,0,7,15,0,0,3
32,50,37,31,50,39,6,50,0,3
0,12,25,0,12,25,0,0,25,3
12,25,0,12,25,6,0,25,6,3
1,50,70,1,50,70,0,50,1,3
0,31,62,0,31,62,0,0,14,3
28,37,4,28,37,4,0,0,3,3
5,7,0,5,7,0,3,0,0,3
2,0,39,2,0,39,0,0,14,3
0,28,31,26,25,34,0,25,3,3
6,37,8,0,43,0,0,12,0,3
4,0,24,4,0,24,0,3,15,3
38,51,6,38,51,6,0,50,6,3
3,25,37,3,25,37,3,25,37,3
14,12,25,14,12,25,0,12,12,3
1,12,6,1,12,6,0,0,0,3
53,44,25,53,44,25,0,6,25,3
8,3,6,8,3,6,2,3,0,3
51,10,75,51,10,75,51,4,25,3
9,8,67,9,8,67,0,0,12,3
25,25,54,25,25,54,0,0,3,3
0,0,37,0,0,25,0,0,25,3
3,3,25,3,3,25,0,3,25,3
25,5,34,25,5,34,0,5,3,3
28,3,0,28,3,0,6,0,0,3
3,0,26,3,0,26,3,0,26,3
0,3,52,0,3,52,0,18,57,3
44,50,6,44,50,6,6,50,6,3
1,10,31,1,8,25,1,6,25,3
0,1,14,0,1,14,0,0,0,3
4,2,0,4,2,0,0,0,0,3
2,0,0,4,7,15,3,7,3,3
3,39,67,3,39,67,0,12,15,3
68,25,82,68,25,82,62,0,32,3
14,51,50,18,50,57,0,50,6,3
1,6,39,5,0,39,3,0,14,3
-33,18,25,-33,18,25,-87,12,25,3
3,7,28,3,7,28,0,0,28,3
25,1,9,25,1,9,25,0,3,3
45,59,37,45,59,37,7,0,0,3
0,17,26,0,17,26,0,12,1,3
0,14,25,0,14,25,0,0,25,3
25,23,12,25,23,12,28,3,20,3
6,50,25,6,50,25,6,0,0,3
12,25,54,0,38,62,0,38,0,3
7,37,71,7,37,71,6,25,21,3
3,31,6,3,31,6,0,25,6,3
28,8,45,28,8,45,25,0,18,3
17,1,38,17,1,38,17,1,25,3
41,53,39,41,53,39,15,53,39,3
56,16,40,53,12,39,0,0,39,3
6,35,21,31,40,1,31,25,1,3
6,31,8,6,31,8,0,31,8,3
0,34,54,0,34,54,0,25,4,3
1,3,50,1,3,50,0,0,0,3
17,53,57,17,53,57,0,3,0,3
28,14,7,28,14,7,0,1,0,3
31,5,25,28,5,25,28,1,25,3
39,26,25,39,26,25,25,26,25,3
12,3,37,12,3,37,0,0,25,3
50,2,25,50,2,25,0,2,0,3
1,16,51,1,16,51,0,0,0,3
34,12,50,34,12,50,31,0,0,3
3,8,4,3,8,4,3,0,1,3
37,25,4,37,25,4,25,0,3,3
-64,7,39,-70,12,43,-95,0,37,3
3,50,12,3,50,12,0,0,0,3
3,4,50,1,12,50,0,12,0,3
3,3,4,4,1,1,0,1,0,3
0,51,0,0,51,0,0,50,0,3
31,38,37,31,38,37,6,37,0,3
32,18,42,32,18,42,0,12,25,3
0,34,25,0,34,25,0,33,25,3
38,31,12,38,31,12,25,31,0,3
44,50,50,0,50,50,0,50,0,3
0,28,50,0,28,50,0,0,0,3
14,12,54,14,12,54,0,0,0,3
0,16,4,0,16,4,0,3,0,3
0,3,39,1,3,37,1,0,37,3
0,32,39,0,32,39,6,0,14,3
17,0,12,17,0,12,17,0,0,3
41,50,0,41,50,0,25,0,0,3
0,18,37,0,18,37,0,0,0,3
1,9,27,1,9,27,0,9,25,3
35,51,25,35,51,25,29,0,25,3
0,56,15,0,56,15,0,56,12,3
37,32,50,37,32,50,37,7,50,3
14,51,56,14,51,56,1,0,6,3
3,31,56,8,29,50,0,25,3,3
28,7,3,28,7,3,3,0,0,3
3,0,25,0,0,25,0,0,0,3
3,35,0,3,35,0,0,26,0,3
7,6,55,7,6,55,0,0,50,3
31,53,50,31,53,50,0,50,0,3
3,50,1,3,50,0,3,50,0,3
5,25,31,5,25,31,5,0,25,3
0,16,37,0,16,37,0,3,25,3
32,7,43,32,7,43,6,0,3,3
0,14,40,0,14,40,0,1,2,3
39,51,14,39,51,14,25,51,12,3
0,16,46,0,16,46,0,12,0,3
1,44,25,0,44,28,0,0,28,3
6,51,51,6,51,51,6,0,0,3
26,13,50,26,13,50,25,0,0,3
8,5,7,8,5,7,0,28,0,3
3,3,53,4,0,53,0,0,53,3
30,9,37,30,9,37,25,0,12,3
50,14,0,50,14,0,50,12,33,3
3,50,0,3,50,0,0,0,0,3
43,51,40,43,51,40,25,50,40,3
55,25,56,55,25,56,3,25,56,3
0,25,64,0,43,64,0,18,12,3
7,5,51,7,5,51,0,1,1,3
14,25,54,14,25,54,14,25,3,3
37,28,3,37,28,3,0,3,3,3
0,12,37,0,12,37,0,0,0,3
31,6,39,31,6,40,25,6,14,3
5,12,50,5,12,50,0,14,0,3
25,56,50,25,56,50,0,56,50,3
42,26,37,42,26,37,16,0,0,3
0,23,0,0,23,0,0,50,7,3
47,6,31,47,6,31,6,0,25,3
4,50,25,4,50,25,4,0,25,3
25,37,68,25,37,68,0,43,0,3
22,26,57,0,25,54,0,25,3,3
12,25,46,25,25,41,0,0,12,3
25,1,37,25,1,37,25,0,0,3
28,6,6,28,6,6,25,0,0,3
50,44,66,2,44,65,1,44,53,3
0,21,69,0,21,69,0,0,12,3
31,19,53,31,19,53,6,12,3,3
0,16,50,0,12,3,0,12,0,3
0,11,48,0,11,48,0,4,11,3
25,6,43,25,6,43,0,0,6,3
40,6,0,40,6,0,25,0,0,3
50,21,50,50,28,50,50,28,0,3
0,12,25,0,13,25,0,0,25,3
3,17,33,3,28,37,3,28,37,3
0,63,38,0,63,38,0,63,0,3
0,39,50,0,39,50,6,37,50,3
0,14,62,0,14,62,0,1,12,3
28,43,60,28,43,60,28,37,3,3
3,14,51,28,12,4,28,12,3,3
32,7,0,32,7,0,26,6,0,3
29,26,0,29,26,0,25,25,0,3
31,3,0,31,3,0,6,3,0,3
50,51,58,50,51,58,53,0,56,3
26,53,3,26,53,3,1,0,3,3
0,0,12,3,0,0,3,0,0,3
40,50,4,40,50,4,25,50,3,3
1,22,0,1,22,0,0,22,0,3
50,3,26,50,3,26,1,3,25,3
30,12,0,30,12,0,28,12,0,3
6,12,50,6,12,50,0,13,50,3
20,50,56,20,50,56,0,0,6,3
14,1,62,0,40,68,0,37,0,3
-67,35,56,-67,35,56,-74,3,0,3
0,10,0,0,10,0,0,0,0,3
12,0,1,12,0,0,0,0,0,3
0,7,0,0,7,0,0,7,0,3
35,8,23,35,8,23,0,7,51,3
50,1,50,50,1,50,12,14,50,3
1,10,9,37,3,9,12,0,3,3
25,50,20,25,50,20,0,0,12,3
0,50,0,0,50,0,50,37,6,3
0,12,0,0,12,0,0,12,0,3
3,10,0,3,10,0,3,6,0,3
9,13,28,9,13,28,3,0,29,3
14,50,31,14,50,26,0,50,26,3
16,3,59,15,41,50,0,28,0,3
3,1,62,3,1,62,0,0,50,3
12,31,50,14,26,62,0,1,12,3
32,14,0,32,14,0,7,0,0,3
3,10,0,3,10,0,0,1,0,3
1,25,2,1,25,2,0,25,3,3
3,26,51,3,26,51,3,26,50,3
12,50,52,12,50,52,0,50,50,3
0,0,50,0,0,50,0,0,0,3
2,0,50,2,0,50,1,0,0,3
0,32,0,0,32,0,0,31,0,3
0,19,35,0,19,35,0,6,10,3
0,12,32,3,13,32,3,12,31,3
6,13,34,6,13,34,6,13,9,3
0,50,42,0,50,42,0,0,17,3
1,57,37,1,57,37,0,50,25,3
27,51,53,27,51,53,26,51,53,3
25,31,63,25,31,63,0,25,0,3
19,25,50,19,25,50,12,25,0,3
18,25,0,18,25,0,18,25,0,3
25,6,0,25,6,0,25,0,0,3
27,2,50,27,2,50,2,2,0,3
31,32,51,31,32,51,25,25,1,3
0,34,53,0,34,53,0,25,3,3
0,50,50,0,50,50,0,50,0,3
0,2,50,3,4,50,0,4,50,3
37,28,53,26,30,51,26,29,50,3
0,26,2,0,26,2,0,26,1,3
0,25,0,0,25,0,0,0,0,3
0,19,0,0,19,0,0,19,0,3
45,50,3,45,71,41,39,56,28,3
32,25,52,37,75,58,1,72,56,3
28,37,50,28,88,75,28,0,0,3
14,6,50,14,6,50,12,6,0,3
32,29,6,32,29,6,26,28,0,3
0,0,1,0,0,1,0,0,0,3
42,1,3,42,1,3,25,0,3,3
25,25,52,25,25,52,25,25,1,3
30,26,50,31,25,50,6,25,50,3
12,36,50,12,36,50,0,29,0,3
4,51,17,4,51,17,4,51,1,3
6,60,7,6,60,7,0,56,1,3
7,37,0,7,37,0,0,25,0,3
38,51,3,38,51,3,37,0,3,3
0,53,43,0,53,43,0,55,0,3
3,12,40,4,10,40,0,10,15,3
35,58,1,35,58,1,6,57,1,3
1,25,62,1,25,62,1,25,62,3
6,14,72,6,14,72,6,14,15,3
25,50,50,25,50,50,25,50,0,3
25,15,0,25,15,0,0,15,0,3
25,1,40,29,0,41,0,0,12,3
34,3,4,34,3,4,6,0,1,3
27,25,57,27,25,57,0,0,6,3
30,2,41,30,2,41,25,3,19,3
0,64,43,0,64,43,1,50,31,3
11,15,7,11,15,7,7,12,0,3
25,1,1,25,0,4,12,0,0,3
26,51,47,26,51,47,0,51,46,3
2,51,39,2,51,39,2,50,14,3
12,50,32,12,50,32,0,0,32,3
37,50,6,37,50,6,12,0,6,3
17,53,25,17,53,25,0,50,50,3
25,41,14,25,41,14,0,3,14,3
1,0,56,0,3,62,0,0,12,3
3,5,1,3,5,1,0,1,0,3
2,50,1,2,50,1,0,50,0,3
32,28,44,32,28,44,0,3,6,3
25,7,46,25,7,46,0,0,15,3
40,8,0,42,8,0,3,7,0,3
27,14,0,27,14,0,31,14,0,3
25,19,51,25,19,51,25,19,1,3
0,6,51,0,6,51,0,6,50,3
18,0,6,18,0,6,12,0,0,3
37,50,31,37,50,31,37,50,0,3
50,51,28,50,51,28,50,50,0,3
1,18,26,0,21,26,0,0,26,3
1,51,25,37,55,25,25,3,25,3
6,53,50,6,53,50,0,53,0,3
44,25,12,44,25,12,25,25,0,3
9,12,70,26,14,70,0,14,20,3
0,0,56,0,0,56,0,0,7,3
17,25,53,17,25,53,15,0,3,3
25,25,3,25,25,3,25,0,0,3
15,6,0,15,6,0,12,0,0,3
25,6,0,25,6,0,0,6,0,3
27,21,50,27,21,50,0,21,50,3
1,51,12,1,51,12,1,51,12,3
14,53,50,14,57,8,1,50,0,3
22,4,6,22,4,6,9,0,0,3
28,50,3,30,50,3,28,50,3,3
39,31,1,39,31,1,25,25,1,3
45,23,27,45,23,27,20,0,27,3
31,13,25,32,13,27,0,12,31,3
0,52,60,0,52,60,0,52,3,3
37,28,50,26,14,50,25,1,0,3
25,26,68,25,26,68,31,3,12,3
10,37,57,10,37,57,0,25,1,3
25,50,50,25,50,50,0,50,0,3
35,9,42,35,9,42,31,6,0,3
26,12,0,25,12,0,0,12,0,3
26,25,50,26,25,50,26,25,0,3
31,25,54,31,25,54,6,25,4,3
50,0,53,50,0,53,50,0,50,3
25,51,50,25,51,50,25,50,0,3
15,5,6,15,5,6,0,4,6,3
0,50,6,1,50,6,0,50,0,3
0,50,1,0,50,1,0,0,1,3
3,13,26,3,13,26,0,13,0,3
7,50,42,7,50,42,31,0,40,3
50,50,50,50,50,50,0,50,0,3
25,26,50,25,26,50,25,26,0,3
3,32,59,3,32,59,0,3,8,3
4,52,51,4,52,51,3,50,1,3
3,25,54,3,25,54,3,25,1,3
3,6,0,3,6,0,0,6,0,3
0,6,3,0,6,3,0,0,0,3
20,12,3,20,12,3,14,12,3,3
46,56,51,46,56,51,46,50,50,3
0,0,56,0,1,52,0,0,0,3
20,1,46,20,1,46,1,0,7,3
12,3,6,12,3,6,12,3,6,3
26,53,2,26,53,2,25,50,3,3
50,57,1,50,57,1,50,57,1,3
13,13,37,13,13,37,12,12,37,3
25,21,0,25,21,0,25,50,13,3
40,37,50,40,37,50,37,0,50,3
8,13,56,8,13,56,6,0,6,3
0,41,51,0,41,51,0,28,0,3
12,12,51,12,12,51,12,0,1,3
25,25,50,25,25,50,0,0,0,3
0,1,2,0,5,2,0,3,0,3
21,0,2,18,0,3,18,0,3,3
31,0,53,31,0,53,31,0,3,3
0,3,60,0,3,60,0,3,0,3
1,10,54,1,10,54,1,12,55,3
10,0,56,10,0,56,6,0,56,3
25,50,0,25,50,0,25,0,0,3
37,26,1,37,26,1,0,0,0,3
7,14,25,7,14,25,0,0,25,3
32,18,13,32,18,13,7,0,0,3
16,37,51,16,37,51,0,25,0,3
6,50,53,6,50,53,0,50,3,3
3,37,51,3,37,51,0,37,3,3
4,12,53,4,12,53,3,0,3,3
24,25,56,0,0,56,0,0,0,3
21,3,7,21,3,7,6,0,1,3
34,3,1,34,3,1,3,0,1,3
26,0,6,26,0,6,0,3,0,3
3,58,50,3,58,50,3,58,50,3
27,62,51,27,62,51,25,50,0,3
25,50,7,25,50,7,3,0,0,3
37,50,0,41,51,3,0,51,3,3
31,54,5,31,54,5,6,4,4,3
40,22,32,40,22,32,2,9,31,3
0,17,32,0,17,32,0,4,25,3
40,53,14,40,53,14,15,50,0,3
37,50,51,37,50,51,26,50,3,3
0,43,66,0,38,69,0,37,19,3
26,28,51,26,28,51,0,28,0,3
29,28,53,29,28,53,1,28,0,3
3,31,0,7,31,1,6,6,1,3
0,25,0,0,25,0,0,25,0,3
25,26,0,25,26,0,0,26,0,3
25,55,9,25,55,9,25,3,9,3
6,50,3,6,50,3,0,50,3,3
3,57,3,3,57,3,0,0,3,3
50,52,0,50,52,0,50,50,0,3
42,50,31,39,56,0,14,0,0,3
10,36,56,10,36,56,9,36,0,3
0,0,3,0,0,3,0,0,0,3
25,53,63,25,53,63,7,25,14,3
0,0,56,0,0,56,0,0,0,3
3,18,50,3,18,50,3,18,0,3
3,12,45,3,12,45,3,12,1,3
1,4,71,1,4,71,0,3,71,3
25,0,52,25,0,52,25,0,52,3
25,37,1,25,35,1,25,0,1,3
28,34,26,28,34,26,3,0,26,3
0,16,26,0,16,26,0,13,1,3
1,18,28,1,18,28,0,12,25,3
25,50,12,25,50,12,0,50,7,3
50,40,50,50,40,50,50,32,51,3
28,51,72,28,51,72,0,51,7,3
3,43,68,3,43,68,0,12,6,3
0,32,56,0,32,56,0,25,6,3
9,17,1,9,17,1,0,15,1,3
0,10,0,0,10,0,0,0,0,3
26,0,3,26,0,3,1,0,3,3
0,0,50,0,0,50,0,3,53,3
62,0,54,62,0,54,0,0,51,3
4,0,51,3,75,53,3,75,50,3
7,51,40,7,51,40,6,1,37,3
43,53,41,39,50,38,0,0,25,3
37,50,0,37,50,0,37,1,50,3
3,30,54,3,30,54,0,30,4,3
26,50,67,26,50,67,26,50,53,3
12,12,50,12,12,50,0,0,0,3
3,43,50,3,43,50,3,25,0,3
25,20,0,25,20,0,25,1,0,3
6,14,0,6,14,0,6,12,0,3
26,12,6,25,3,9,25,3,3,3
18,28,53,18,28,53,18,28,0,3
0,50,53,1,50,55,1,0,50,3
0,6,58,0,0,57,0,0,50,3
31,56,50,31,56,50,31,50,50,3
6,21,6,6,21,6,0,12,0,3
3,19,6,3,19,6,3,18,0,3
7,13,0,7,13,0,6,12,0,3
43,56,50,43,56,50,18,50,53,3
0,26,62,0,26,62,0,26,50,3
6,25,52,0,3,56,0,3,6,3
12,25,51,12,25,51,0,25,1,3
25,39,50,25,39,50,0,38,0,3
13,25,50,13,25,50,12,25,0,3
0,7,7,0,7,7,0,0,7,3
0,25,52,25,25,52,25,1,1,3
29,3,53,29,3,53,29,0,3,3
28,28,56,28,28,56,25,28,6,3
53,0,51,53,0,51,3,0,52,3
25,56,53,25,56,53,0,50,0,3
3,0,51,3,0,51,0,0,51,3
33,18,3,33,18,3,0,6,3,3
0,18,0,0,20,0,0,1,0,3
43,16,0,43,16,0,43,13,0,3
3,18,37,3,18,37,3,18,37,3
6,41,51,6,41,51,0,41,1,3
34,19,50,34,19,50,3,0,0,3
6,25,50,6,25,50,12,25,0,3
25,32,62,25,33,63,0,26,0,3
12,14,50,14,14,53,14,1,3,3
28,0,48,28,0,48,25,0,14,3
18,0,45,18,0,45,15,0,6,3
33,1,51,33,1,51,7,1,1,3
39,14,50,39,14,50,12,14,50,3
50,54,51,54,53,50,50,50,12,3
25,50,59,25,50,59,25,50,56,3
7,1,53,7,1,53,0,1,50,3
31,50,2,31,50,2,31,50,1,3
2,20,39,2,20,39,0,14,0,3
1,6,38,1,6,38,0,7,37,3
37,50,44,37,50,44,0,0,37,3
53,50,57,53,55,50,0,55,0,3
39,16,52,39,16,52,39,15,51,3
4,4,69,4,4,69,1,3,18,3
25,37,50,25,37,50,0,0,0,3
1,28,56,1,28,56,0,25,0,3
28,3,50,31,0,50,31,0,0,3
25,3,0,25,3,0,0,3,0,3
32,16,50,32,16,50,31,0,50,3
50,25,53,50,25,53,0,25,50,3
14,62,50,14,62,50,1,12,0,3
24,52,56,24,52,56,23,2,50,3
33,53,50,33,53,50,33,0,50,3
31,20,1,30,20,1,4,12,1,3
46,13,37,46,13,37,13,13,0,3
0,9,0,0,9,0,0,3,0,3
0,56,0,0,56,0,0,56,0,3
0,51,50,50,50,56,0,50,50,3
28,3,50,28,3,50,4,0,0,3
2,28,70,2,28,70,1,28,8,3
25,38,52,0,27,51,0,31,1,3
28,25,3,28,25,3,0,25,3,3
39,0,0,39,0,0,0,0,0,3
25,7,50,25,7,50,25,0,0,3
44,1,12,44,1,12,0,0,0,3
50,50,55,50,50,55,14,50,0,3
0,6,50,0,6,50,0,6,50,3
16,0,50,16,0,50,3,0,50,3
37,16,3,37,16,3,37,0,3,3
0,19,0,0,19,0,0,12,0,3
0,13,32,50,15,33,50,1,25,3
29,7,38,29,7,38,26,6,13,3
41,28,50,42,34,51,3,3,50,3
4,34,50,4,34,50,1,32,51,3
6,14,62,6,14,62,6,1,12,3
0,25,62,0,25,62,0,25,12,3
0,25,57,0,25,57,0,28,0,3
14,3,8,14,3,8,0,0,6,3
0,5,7,0,5,7,0,4,0,3
37,0,52,42,0,54,42,0,4,3
6,1,56,8,1,56,1,0,50,3
51,28,50,51,28,50,0,3,50,3
6,50,56,6,50,56,0,50,56,3
38,50,4,27,56,16,2,0,0,3
0,0,5,0,0,5,6,62,50,3
41,50,12,41,50,12,37,0,0,3
53,12,8,56,6,8,50,0,0,3
75,0,14,75,0,14,75,0,14,3
26,26,62,26,26,62,26,26,12,3
0,5,50,0,5,50,0,3,0,3
0,6,53,0,6,53,0,6,0,3
46,0,52,46,0,52,34,0,0,3
6,50,50,6,50,14,6,50,1,3
9,50,14,9,50,14,0,1,2,3
5,57,51,5,57,51,1,0,51,3
50,50,51,50,50,51,50,0,51,3
50,19,1,50,19,1,50,13,0,3
63,1,37,63,1,37,50,0,37,3
50,0,0,50,0,0,0,0,0,3
3,50,56,9,0,59,9,0,6,3
0,31,64,0,31,64,0,6,51,3
32,7,66,32,7,66,7,6,3,3
28,30,50,28,30,50,0,26,0,3
9,28,6,12,25,7,0,0,0,3
17,29,0,19,28,0,6,28,0,3
28,3,50,28,3,50,0,3,0,3
0,2,51,0,2,51,6,3,52,3
50,26,53,50,26,53,50,0,3,3
58,1,51,58,1,51,0,1,1,3
1,21,39,1,21,39,0,18,1,3
32,51,3,32,51,3,0,51,3,3
0,53,9,0,50,9,0,0,0,3
3,59,1,3,59,1,3,59,1,3
51,50,6,50,50,6,50,50,0,3
45,50,6,45,50,6,43,0,6,3
7,43,56,7,43,56,0,25,6,3
3,25,17,0,25,17,0,0,0,3
25,28,50,25,28,50,25,28,0,3
7,37,50,7,28,50,0,25,0,3
6,9,51,6,9,51,6,9,0,3
5,12,26,0,13,26,0,0,25,3
38,50,12,43,50,12,18,0,12,3
2,41,50,2,41,50,0,40,0,3
41,6,18,41,6,18,28,0,12,3
12,12,62,12,12,62,0,0,12,3
10,0,50,10,0,50,6,0,0,3
0,25,9,0,25,9,0,0,6,3
1,0,0,1,0,0,0,0,0,3
0,0,15,0,0,50,0,0,0,3
3,3,53,3,3,53,3,0,53,3
2,62,6,2,62,6,0,50,6,3
1,50,1,0,52,0,0,1,0,3
40,53,37,40,53,37,40,3,37,3
16,50,56,16,50,56,16,0,6,3
25,37,68,25,37,68,25,0,6,3
3,25,53,3,25,53,0,0,3,3
28,28,6,28,28,6,25,3,6,3
0,25,0,0,25,3,0,25,0,3
0,3,6,0,3,6,0,0,0,3
40,7,50,40,7,50,28,7,0,3
0,50,28,0,50,28,0,50,25,3
0,50,25,0,50,25,0,50,0,3
1,56,6,2,53,6,2,3,0,3
28,1,8,28,1,8,0,1,0,3
0,25,50,0,25,50,0,25,0,3
25,37,63,25,37,63,0,12,12,3
12,0,55,12,0,55,0,0,3,3
0,16,0,0,16,0,0,16,0,3
19,27,37,19,27,37,18,0,12,3
25,25,3,25,25,3,0,25,0,3
7,31,51,25,40,53,25,40,53,3
1,59,0,1,59,0,0,59,0,3
26,50,0,26,50,39,1,50,0,3
25,31,0,25,31,0,25,0,0,3
32,34,5,32,34,5,26,3,5,3
40,50,0,41,50,1,37,0,0,3
38,20,30,38,20,30,38,6,26,3
25,28,14,31,26,51,6,26,0,3
3,37,50,3,37,50,0,39,50,3
0,6,65,0,6,65,0,0,12,3
26,38,64,26,38,64,26,13,0,3
3,32,56,3,32,56,0,31,6,3
28,14,0,28,14,0,25,1,3,3
0,25,4,0,25,4,0,25,1,3
0,56,50,0,56,50,0,56,50,3
28,51,40,28,51,40,28,0,25,3
38,50,0,29,52,0,0,50,0,3
28,1,1,37,55,0,0,5,0,3
0,28,3,0,28,3,0,25,3,3
46,18,36,46,18,36,0,6,0,3
45,52,2,45,52,2,19,0,1,3
15,56,50,15,56,50,15,56,0,3
12,37,51,12,37,51,0,0,50,3
0,15,0,0,15,0,0,15,0,3
37,43,50,37,1,50,37,0,0,3
0,37,62,0,37,62,0,0,12,3
26,6,54,28,1,53,28,0,3,3
35,0,52,35,0,52,9,0,1,3
50,6,0,50,6,0,50,0,0,3
0,50,50,0,50,50,0,3,1,3
50,50,56,50,50,56,0,50,50,3
27,25,59,25,26,57,25,26,1,3
23,34,62,23,34,62,4,28,12,3
11,9,50,11,9,50,5,6,1,3
3,3,50,6,3,50,0,3,0,3
26,3,5,38,3,50,37,3,50,3
0,0,0,0,0,0,0,0,0,3
0,12,1,0,12,1,0,16,1,3
28,25,50,28,25,50,28,0,0,3
34,18,50,34,18,50,28,18,0,3
50,0,59,50,0,59,0,0,6,3
13,26,56,13,26,56,0,26,0,3
31,4,43,31,4,43,25,0,12,3
25,14,40,25,14,40,25,12,18,3
44,50,6,44,50,6,12,50,0,3
1,1,50,1,1,50,0,0,1,3
19,25,57,19,25,57,6,25,0,3
34,28,56,40,26,50,25,26,0,3
0,10,50,0,10,50,0,7,0,3
39,14,7,39,14,7,39,0,7,3
6,59,8,6,59,8,0,53,1,3
0,50,0,0,50,0,0,0,0,3
46,19,31,46,19,31,39,0,31,3
28,0,40,28,0,40,0,0,40,3
26,0,30,26,0,30,0,0,0,3
6,1,53,3,37,53,0,25,50,3
14,50,28,14,50,28,13,0,25,3
1,3,62,1,3,62,1,0,12,3
-62,25,52,-62,25,52,-62,25,2,3
9,17,6,9,17,6,0,1,6,3
1,12,9,1,12,9,0,12,6,3
1,0,52,1,0,52,0,0,51,3
8,7,50,8,7,50,0,0,0,3
1,46,71,1,46,71,12,31,6,3
0,37,50,0,37,50,0,37,0,3
1,25,44,1,26,43,1,26,18,3
22,6,40,22,6,40,16,0,25,3
28,3,0,28,3,0,25,0,0,3
26,53,0,26,53,0,25,3,0,3
25,42,0,26,40,0,1,25,0,3
7,16,37,7,16,37,0,12,0,3
0,50,1,0,50,1,0,50,1,3
0,54,45,0,54,45,0,1,20,3
25,57,0,25,51,0,25,51,0,3
0,19,51,0,19,51,1,16,50,3
12,12,50,12,12,50,0,0,0,3
12,0,50,12,0,50,12,0,0,3
-73,44,50,-73,44,50,-74,6,0,3
1,12,0,1,12,0,1,0,0,3
29,50,44,29,50,44,1,50,6,3
50,54,40,51,51,40,51,50,3,3
0,50,37,0,50,37,0,0,37,3
14,12,39,14,12,39,12,0,12,3
0,6,51,0,6,51,1,0,51,3
37,55,1,37,55,1,12,1,1,3
2,19,25,2,16,25,6,12,25,3
0,3,25,0,3,25,0,3,25,3
28,50,1,28,50,1,3,50,0,3
34,7,50,34,7,50,3,0,0,3
13,50,71,13,50,71,1,0,53,3
0,32,63,0,32,63,0,32,0,3
0,26,56,0,26,56,0,1,0,3
0,25,0,0,11,0,0,1,0,3
0,1,0,0,1,0,0,0,0,3
16,6,4,16,6,4,0,0,3,3
50,6,56,50,6,56,50,6,0,3
26,50,6,26,50,6,25,0,0,3
6,50,2,6,50,2,6,3,4,3
25,3,39,25,3,39,25,3,26,3
0,50,40,0,50,40,0,0,28,3
4,13,26,4,13,26,3,0,0,3
6,56,76,6,0,76,6,0,25,3
25,0,52,25,0,51,0,0,0,3
8,31,0,8,31,0,2,25,0,3
0,31,42,0,31,42,0,31,1,3
0,0,50,0,0,50,0,0,0,3
51,53,33,51,53,33,50,53,32,3
50,52,41,50,51,46,0,0,32,3
12,64,5,12,64,5,0,50,1,3
0,25,63,0,25,63,0,25,50,3
0,28,63,0,28,63,0,0,12,3
0,0,63,0,0,63,0,0,0,3
3,31,54,3,31,54,0,25,0,3
28,1,0,0,1,0,0,0,0,3
3,0,0,1,0,1,1,0,1,3
16,25,56,16,25,56,25,3,16,3
6,37,62,6,37,62,0,0,12,3
0,39,50,3,32,50,0,31,0,3
12,25,0,12,25,0,12,25,0,3
50,0,51,50,0,51,50,0,51,3
24,50,12,23,50,12,23,0,12,3
0,24,41,3,22,41,0,21,3,3
6,17,29,6,17,29,0,4,28,3
5,51,3,5,51,3,0,51,3,3
65,50,52,65,50,52,51,28,51,3
35,13,68,25,15,71,25,12,14,3
3,0,76,3,0,76,3,0,25,3
0,25,50,0,25,50,0,25,0,3
1,12,50,1,12,50,0,12,0,3
52,50,50,56,52,53,0,52,3,3
39,63,50,39,63,50,37,0,50,3
15,6,50,25,6,50,0,0,50,3
3,51,9,3,51,9,0,50,6,3
1,21,2,1,21,2,0,6,0,3
12,9,3,12,9,3,0,0,0,3
50,50,0,50,50,0,50,50,0,3
50,50,50,50,50,50,0,50,0,3
4,15,75,4,15,75,4,12,50,3
0,26,68,0,26,68,0,0,12,3
29,25,53,29,25,53,4,25,0,3
13,16,43,13,16,43,12,3,6,3
0,53,25,0,53,25,0,53,0,3
3,31,50,3,31,50,3,31,50,3
0,9,53,0,9,53,0,0,0,3
6,20,0,6,20,0,6,6,0,3
50,3,0,50,3,0,50,0,0,3
12,50,1,12,50,1,12,0,1,3
50,56,50,50,56,50,0,50,0,3
0,31,50,0,31,50,0,0,50,3
0,9,57,0,9,57,0,9,0,3
32,0,65,32,0,65,31,1,12,3
7,25,53,7,25,53,6,25,3,3
37,12,0,37,12,0,25,0,0,3
1,2,50,1,2,50,1,0,0,3
3,0,1,3,0,1,3,0,0,3
14,8,31,14,8,31,0,1,12,3
-61,25,50,-61,25,50,-99,25,50,3
0,31,50,0,31,50,0,6,0,3
0,41,53,0,41,53,0,0,6,3
4,3,50,4,3,50,4,0,0,3
43,3,51,43,3,51,25,3,1,3
14,43,56,14,43,56,12,37,0,3
19,7,0,14,6,0,0,6,0,3
12,0,29,12,0,29,12,0,4,3
25,34,60,25,34,59,0,9,3,3
3,26,50,3,26,50,3,26,0,3
25,16,0,25,16,0,25,16,0,3
0,1,1,0,1,1,0,0,1,3
3,6,50,3,6,50,0,0,0,3
50,54,50,50,54,50,51,0,3,3
0,51,51,0,51,53,0,50,0,3
31,1,28,34,12,28,34,12,25,3
39,56,12,39,56,12,12,0,0,3
3,19,1,3,19,1,0,6,0,3
13,0,28,13,0,28,12,0,3,3
0,7,28,0,7,28,0,7,3,3
16,50,15,16,50,15,0,0,50,3
25,16,62,25,16,62,25,16,12,3
17,38,81,17,38,81,12,13,31,3
1,0,66,1,0,66,1,0,12,3
14,25,50,14,25,50,12,0,0,3
6,1,34,6,1,34,0,0,0,3
0,25,62,0,25,62,0,25,0,3
28,31,65,28,31,65,0,0,0,3
20,31,50,18,31,50,0,25,0,3
15,25,0,15,25,0,3,25,0,3
6,0,36,6,0,36,6,0,1,3
0,15,50,0,15,51,0,15,50,3
37,57,0,37,57,0,25,0,0,3
1,16,0,1,16,0,0,12,0,3
7,9,14,7,9,14,0,3,14,3
0,39,50,0,39,50,0,39,0,3
6,25,50,6,25,50,6,25,0,3
0,3,45,0,3,45,1,0,1,3
1,0,1,1,0,1,1,0,0,3
16,51,25,16,51,25,16,51,25,3
15,0,63,3,56,62,3,56,50,3
12,25,54,12,25,54,0,0,3,3
25,25,59,25,25,59,0,0,6,3
12,26,7,12,26,7,12,0,0,3
25,13,0,29,2,0,28,0,0,3
0,3,40,0,3,40,0,3,3,3
15,0,53,15,0,53,0,0,53,3
41,50,6,41,50,6,16,50,6,3
0,15,0,0,15,0,0,16,0,3
7,15,25,7,15,25,6,15,25,3
0,15,28,7,18,32,7,18,26,3
0,56,51,0,56,51,0,50,1,3
31,31,70,31,31,70,0,31,64,3
15,32,78,13,25,75,12,25,25,3
31,28,53,31,28,53,6,0,3,3
6,12,1,6,12,3,6,12,0,3
31,26,3,31,26,3,25,26,3,3
1,0,0,1,0,0,0,0,0,3
27,0,50,27,0,50,0,0,0,3
43,28,57,43,28,57,6,28,51,3
50,0,50,50,0,50,50,0,0,3
3,0,50,3,0,50,0,0,50,3
3,52,50,21,50,50,18,50,50,3
28,50,6,31,21,6,0,9,0,3
0,25,0,0,25,0,0,25,0,3
50,12,3,50,12,3,50,0,3,3
0,20,39,0,20,39,0,6,37,3
8,51,53,8,51,53,0,50,0,3
12,0,53,12,0,53,0,0,53,3
0,30,68,0,28,68,0,3,0,3
25,26,59,25,26,59,25,25,9,3
0,25,4,0,25,4,0,25,4,3
6,13,1,6,13,1,6,13,1,3
6,3,0,6,3,0,6,0,0,3
18,6,52,18,6,52,25,0,1,3
0,51,54,0,51,54,0,1,4,3
6,3,64,0,0,55,0,0,2,3
31,50,50,31,50,50,31,0,50,3
14,1,13,14,1,13,13,0,0,3
35,54,0,35,54,0,34,50,0,3
46,50,37,46,50,37,21,50,0,3
50,12,41,50,12,41,0,0,25,3
19,13,47,19,13,47,0,13,34,3
0,12,61,0,12,61,0,12,55,3
4,38,57,4,38,57,0,12,6,3
25,25,50,25,25,50,0,25,0,3
26,25,56,4,28,53,4,25,3,3
7,14,50,7,14,50,7,12,0,3
23,7,47,23,7,0,16,1,0,3
2,7,0,3,12,0,0,0,0,3
37,50,0,37,50,0,37,0,0,3
0,19,40,0,19,40,0,6,25,3
31,55,19,32,53,31,12,53,25,3
0,37,50,0,37,50,0,0,50,3
1,28,56,0,28,51,0,0,0,3
7,1,53,9,1,53,0,0,0,3
1,37,53,1,37,53,0,12,3,3
16,25,1,16,25,1,12,0,0,3
10,0,0,10,0,0,0,0,0,3
17,7,0,17,7,0,12,0,0,3
25,25,50,25,25,50,25,25,0,3
30,28,53,42,37,53,42,12,0,3
4,50,50,4,50,50,4,50,50,3
0,53,50,0,53,50,0,0,50,3
0,56,50,0,56,50,0,56,0,3
43,56,3,44,50,0,19,50,0,3
0,17,40,0,17,40,0,15,37,3
3,4,39,3,4,39,0,0,1,3
25,53,14,28,50,14,25,50,0,3
19,39,53,19,39,53,12,1,53,3
12,25,65,12,25,65,0,25,12,3
4,0,53,4,0,53,4,0,0,3
9,25,50,9,25,50,0,25,0,3
0,2,1,3,1,0,3,1,0,3
25,62,53,25,62,53,0,12,3,3
0,0,50,0,0,50,0,0,50,3
37,51,61,37,51,61,37,50,50,3
35,23,51,41,20,50,4,14,0,3
47,22,35,47,22,35,0,15,34,3
3,12,25,3,12,25,3,0,25,3
25,25,50,25,25,50,25,0,0,3
18,26,71,18,26,71,0,25,56,3
0,37,50,0,37,50,0,25,3,3
3,37,62,3,37,62,3,0,12,3
6,17,50,6,17,50,6,2,0,3
0,1,3,0,1,3,0,0,0,3
6,1,44,6,1,44,6,1,13,3
19,0,0,19,0,0,0,0,0,3
3,44,57,3,44,57,0,50,1,3
27,1,62,27,1,62,25,0,64,3
26,0,57,26,0,57,25,0,57,3
26,52,54,26,52,54,25,53,53,3
39,27,6,39,27,6,39,26,0,3
3,21,0,3,21,0,3,15,0,3
0,17,40,0,17,40,0,12,28,3
25,50,9,25,50,9,0,0,6,3
0,49,57,0,2,56,0,1,6,3
21,12,6,21,12,6,3,12,6,3
5,36,50,1,32,50,0,7,0,3
6,43,65,6,43,65,0,0,12,3
0,26,56,0,26,56,0,25,0,3
25,12,0,25,11,0,6,3,0,3
0,0,44,0,0,44,0,0,25,3
0,25,21,0,25,19,0,0,6,3
8,0,53,8,0,53,7,0,53,3
32,37,8,32,37,8,31,25,0,3
31,3,6,31,3,6,12,3,7,3
50,15,1,50,15,1,50,0,0,3
32,20,50,31,23,50,6,21,50,3
3,39,50,3,39,50,0,1,0,3
6,25,50,6,25,50,6,0,0,3
-78,18,50,-78,18,50,68,1,0,3
1,33,59,1,33,59,0,38,6,3
3,38,50,3,38,50,0,0,0,3
14,3,1,14,3,1,0,3,1,3
25,1,23,25,1,21,0,0,9,3
27,50,6,27,50,6,0,50,0,3
35,16,44,35,16,44,4,0,0,3
4,0,25,3,0,25,0,0,25,3
37,53,1,37,53,1,37,3,1,3
0,37,51,0,37,51,0,25,51,3
-74,34,56,-74,34,56,56,4,0,3
7,3,64,7,3,64,7,0,1,3
14,34,50,0,31,53,0,31,3,3
12,12,42,12,12,42,0,12,15,3
43,50,3,43,50,3,37,50,3,3
48,51,40,48,51,40,9,0,28,3
19,53,56,19,53,56,0,2,56,3
2,42,62,5,37,68,4,37,50,3
0,26,53,0,26,53,0,0,3,3
18,38,52,18,38,52,0,12,1,3
0,39,0,0,39,0,0,37,0,3
25,7,50,19,0,50,19,0,50,3
26,28,51,26,28,51,0,25,51,3
39,18,0,39,18,0,26,12,0,3
42,15,43,42,15,43,0,50,37,3
37,51,0,37,51,0,0,1,0,3
39,50,57,39,50,57,13,50,6,3
0,25,51,0,25,51,12,25,50,3
3,32,65,3,32,65,0,6,12,3
25,34,50,25,34,50,0,6,0,3
4,25,3,4,25,3,0,25,3,3
26,12,0,25,12,0,25,12,0,3
17,46,53,17,46,53,12,0,0,3
25,40,56,25,40,56,0,37,0,3
7,18,50,7,18,50,0,0,0,3
0,9,47,0,9,47,0,3,12,3
6,0,45,6,3,0,0,0,0,3
6,14,14,6,14,14,6,14,14,3
0,3,50,0,3,50,0,3,50,3
38,59,50,38,59,50,6,50,0,3
0,50,0,0,50,0,0,50,0,3
0,14,1,0,14,1,1,0,50,3
43,56,50,43,56,50,12,6,0,3
0,37,51,0,31,50,0,31,50,3
0,17,51,0,17,51,0,3,1,3
26,36,51,26,36,51,1,36,0,3
19,39,57,19,38,56,13,25,0,3
28,25,50,28,25,50,25,0,50,3
0,26,5,0,26,5,6,0,1,3
39,50,0,39,50,0,39,50,0,3
4,41,50,4,41,50,1,25,0,3
15,43,52,12,43,55,0,43,3,3
28,28,53,28,28,53,25,0,0,3
25,34,53,25,34,53,0,28,0,3
12,25,50,14,25,0,0,25,0,3
1,3,44,1,3,44,1,3,0,3
3,51,0,3,51,0,0,0,0,3
37,52,50,37,52,50,37,1,50,3
0,29,59,0,29,59,0,25,53,3
12,14,51,12,14,51,0,2,0,3
46,50,50,43,50,50,43,0,50,3
37,50,51,37,50,51,12,0,50,3
31,50,51,31,50,51,31,50,51,3
12,0,0,14,0,45,1,0,6,3
18,1,46,18,1,46,12,1,3,3
8,45,50,8,45,50,8,0,0,3
28,62,53,28,62,53,3,12,0,3
27,50,50,27,50,50,27,50,50,3
25,50,52,25,50,52,25,1,0,3
39,52,55,39,52,55,39,50,4,3
1,12,0,1,12,0,0,0,0,3
0,10,0,0,10,4,0,7,4,3
37,29,53,37,29,53,12,25,0,3
13,50,63,13,50,63,13,50,50,3
4,37,60,3,38,59,3,12,0,3
0,31,50,3,37,56,3,0,0,3
0,32,4,0,32,4,0,1,0,3
20,13,53,20,13,53,6,12,0,3
10,8,52,10,8,52,0,1,0,3
25,0,53,25,0,53,25,0,3,3
3,16,53,3,16,53,0,25,0,3
6,50,2,6,50,2,6,50,1,3
2,56,50,14,50,31,1,50,31,3
3,12,50,3,12,50,3,12,50,3
27,50,50,27,50,50,27,50,0,3
3,25,53,3,25,53,3,25,3,3
3,16,38,3,16,38,3,0,38,3
12,21,44,12,50,3,3,50,0,3
4,32,23,4,32,23,0,32,21,3
0,25,51,0,25,51,0,0,0,3
14,37,52,14,37,52,0,14,0,3
19,37,53,19,37,53,7,12,0,3
3,12,9,3,12,9,3,0,9,3
12,0,0,12,0,0,13,0,0,3
6,0,0,7,0,5,6,0,1,3
3,40,6,3,40,6,0,28,6,3
40,61,50,40,61,50,12,5,0,3
32,0,62,32,0,62,32,0,62,3
37,23,53,37,23,53,37,7,53,3
1,25,6,1,25,6,2,25,0,3
2,16,6,2,16,6,1,16,0,3
3,50,1,12,53,14,0,3,0,3
3,50,50,3,50,50,3,0,50,3
25,32,6,25,32,6,3,0,0,3
9,4,50,9,4,50,0,0,0,3
12,37,50,12,37,50,0,25,0,3
25,40,60,25,40,60,0,38,7,3
7,12,51,7,12,51,7,0,0,3
4,52,50,4,52,50,1,51,50,3
0,44,60,0,44,58,0,7,0,3
25,50,50,25,50,50,25,50,0,3
40,52,0,40,52,0,25,50,0,3
0,15,40,0,15,40,0,13,0,3
38,18,38,38,18,38,13,6,38,3
45,50,50,45,50,50,12,50,0,3
8,15,17,8,15,17,0,3,17,3
12,12,57,12,15,60,12,15,4,3
0,37,50,0,37,50,0,37,0,3
20,53,7,20,53,7,6,53,7,3
9,26,0,9,26,0,0,25,0,3
8,1,0,8,1,0,8,0,0,3
12,12,7,12,12,7,0,3,6,3
3,50,51,0,50,53,0,50,3,3
26,50,50,26,50,6,1,50,0,3
25,21,1,25,21,1,0,12,1,3
25,50,50,25,50,50,0,50,0,3
25,6,50,25,6,50,25,0,0,3
28,53,50,28,53,50,28,0,0,3
3,25,37,3,25,37,0,0,25,3
32,12,37,32,12,37,25,0,25,3
18,16,50,18,16,50,6,12,50,3
0,3,75,0,3,75,0,3,0,3
3,31,54,3,32,54,0,32,3,3
1,26,15,1,26,15,0,1,12,3
25,0,1,25,0,1,0,0,0,3
0,14,40,0,16,0,0,15,0,3
0,0,3,0,0,3,0,0,3,3
25,53,14,25,53,14,0,53,14,3
29,0,50,29,0,50,26,0,0,3
0,14,53,0,14,53,0,14,53,3
25,7,51,25,7,51,0,0,0,3
28,51,55,28,51,55,0,50,53,3
1,16,50,1,17,50,1,4,50,3
3,12,43,3,12,43,0,0,43,3
1,31,54,1,31,54,0,6,53,3
0,25,63,0,25,52,0,25,51,3
14,0,50,14,0,50,1,0,0,3
6,27,66,6,27,66,0,0,12,3
16,28,51,16,28,51,12,28,0,3
14,6,50,12,6,50,0,6,0,3
0,0,43,0,0,43,0,0,6,3
3,2,0,3,2,0,3,2,0,3
1,25,51,1,25,51,1,25,0,3
32,5,56,32,5,56,6,4,50,3
0,0,54,0,0,54,0,0,51,3
26,4,62,26,5,62,0,1,62,3
25,28,51,26,28,51,26,25,1,3
43,1,43,43,1,43,25,0,37,3
0,4,28,0,4,28,0,0,25,3
1,26,50,1,26,50,0,1,0,3
0,31,57,0,31,57,0,25,56,3
0,33,66,0,33,66,0,0,6,3
0,37,62,0,37,62,0,37,12,3
25,31,50,25,28,53,25,25,0,3
28,0,50,28,0,50,25,0,0,3
0,1,50,0,1,50,0,0,0,3
0,4,52,0,4,52,0,4,2,3
0,26,51,0,26,51,0,0,1,3
0,43,62,0,43,62,25,3,0,3
25,53,50,25,53,50,0,0,0,3
2,50,53,0,50,53,0,50,53,3
14,32,51,14,32,51,12,31,50,3
43,26,50,43,26,50,12,25,50,3
16,16,6,16,16,6,15,15,6,3
7,15,5,7,15,5,6,3,5,3
12,40,51,12,44,50,0,6,0,3
31,26,50,31,26,50,31,0,50,3
25,9,52,25,9,52,0,6,0,3
6,26,50,6,28,51,6,0,1,3
10,12,50,10,12,50,7,12,0,3
25,19,25,25,19,25,25,12,12,3
54,58,19,54,58,19,1,58,6,3
39,53,9,39,53,9,12,56,9,3
14,50,18,14,50,18,0,0,12,3
28,6,51,28,6,51,25,0,51,3
0,57,50,0,57,50,0,50,0,3
50,50,50,50,50,50,50,50,50,3
7,16,3,7,16,3,0,13,0,3
12,25,25,12,25,25,0,0,0,3
2,0,54,2,0,54,2,0,53,3
12,1,56,12,1,56,0,1,0,3
4,25,64,4,25,64,3,0,14,3
12,30,50,15,25,50,14,25,0,3
6,7,54,6,7,54,6,1,3,3
50,51,51,50,51,51,50,50,51,3
50,17,42,50,17,42,50,17,37,3
2,0,31,2,0,31,1,0,25,3
1,52,18,1,52,18,0,51,6,3
28,41,57,28,41,57,9,25,51,3
6,31,50,6,28,50,0,0,0,3
4,37,50,4,37,50,3,0,0,3
25,28,56,25,28,56,0,3,0,3
13,0,1,13,0,1,18,0,0,3
4,0,2,4,0,2,4,0,0,3
13,3,50,13,3,50,12,3,50,3
2,56,17,2,56,17,0,50,0,3
3,51,0,3,51,0,0,50,0,3
13,50,40,13,50,40,13,50,40,3
51,10,38,50,50,0,50,0,0,3
50,57,50,50,57,50,0,50,0,3
3,63,67,3,63,67,0,13,14,3
20,28,63,20,28,63,0,0,0,3
25,6,53,25,6,53,0,0,0,3
25,13,47,25,13,47,31,13,14,3
0,0,0,0,0,0,0,0,0,3
3,2,39,0,2,39,0,2,13,3
3,18,45,0,18,45,0,12,12,3
7,12,37,7,12,37,0,12,25,3
0,50,6,0,50,6,0,0,6,3
50,53,50,50,53,50,0,50,0,3
25,25,52,25,25,52,0,25,50,3
28,7,62,28,7,62,28,6,12,3
10,13,56,6,13,58,0,12,1,3
0,26,50,0,26,50,0,0,0,3
3,26,0,3,26,0,0,0,0,3
21,3,4,21,3,4,15,0,0,3
4,37,51,4,37,51,0,25,0,3
0,50,56,0,50,56,3,0,56,3
12,56,50,12,56,50,0,6,50,3
33,50,10,31,50,10,0,50,4,3
30,50,11,30,50,11,5,50,1,3
45,53,10,45,53,10,31,50,0,3
6,51,0,6,51,0,0,50,40,3
53,50,42,53,50,42,53,50,42,3
7,10,51,7,10,51,1,0,0,3
7,39,51,7,39,51,0,38,50,3
0,26,68,0,26,68,0,1,18,3
6,26,64,6,26,64,0,1,0,3
25,13,50,25,13,50,25,1,0,3
0,25,3,0,25,3,0,0,0,3
7,2,4,7,2,4,1,0,1,3
0,6,53,1,9,50,0,9,0,3
12,50,50,5,53,56,0,53,6,3
43,2,56,43,2,56,27,0,6,3
3,15,53,3,15,53,0,15,50,3
0,50,17,0,50,17,0,50,14,3
12,51,0,12,51,0,0,50,1,3
50,50,32,50,50,32,50,50,32,3
19,6,31,12,8,37,0,8,25,3
13,15,7,13,15,7,12,15,0,3
14,25,68,14,25,68,1,0,56,3
7,0,75,7,0,75,6,0,25,3
12,50,75,12,50,75,12,0,25,3
25,25,56,25,25,56,25,1,0,3
0,8,39,0,8,39,0,2,14,3
10,0,37,10,0,40,10,0,12,3
1,25,0,1,25,0,1,0,0,3
1,2,59,1,2,59,1,0,50,3
1,7,59,1,7,59,0,0,57,3
50,12,1,50,12,1,50,0,1,3
52,50,26,52,50,26,50,50,26,3
50,4,26,50,4,26,0,3,25,3
6,51,17,6,51,17,6,0,15,3
45,26,53,45,26,53,1,0,0,3
6,26,65,6,26,65,0,26,53,3
0,9,71,1,25,68,0,0,0,3
3,39,64,4,39,64,4,1,12,3
13,25,50,13,25,50,0,25,0,3
0,0,44,0,0,44,0,0,12,3
0,18,40,0,18,40,0,12,0,3
50,9,28,50,50,25,50,50,25,3
6,10,1,6,10,1,1,2,1,3
3,44,51,3,44,51,3,12,1,3
38,25,62,25,25,62,25,25,50,3
18,28,68,18,28,68,18,3,0,3
12,25,52,12,25,52,0,0,1,3
33,12,50,33,12,50,25,0,0,3
4,1,0,4,1,0,1,0,0,3
1,4,4,1,4,4,1,1,1,3
0,0,53,0,0,53,0,0,3,3
33,31,31,32,34,26,31,6,25,3
0,18,25,1,51,28,0,0,0,3
12,12,1,12,12,1,0,12,0,3
3,32,6,3,32,6,0,26,6,3
3,43,75,3,43,75,0,18,0,3
0,1,75,0,1,75,0,7,0,3
0,50,52,0,50,52,0,50,0,3
37,26,51,31,25,53,6,25,0,3
9,0,37,9,0,37,6,0,37,3
0,0,0,0,0,0,0,0,0,3
25,12,62,25,0,62,25,0,63,3
1,50,50,1,50,50,0,50,0,3
4,6,29,4,6,29,3,0,26,3
3,9,32,3,9,32,3,6,32,3
0,36,50,0,36,50,0,11,0,3
6,25,65,6,25,65,0,3,54,3
19,37,51,19,37,51,0,25,1,3
14,37,68,15,33,67,3,6,3,3
25,29,50,25,29,50,25,0,0,3
31,0,1,31,0,1,25,0,0,3