51,29,26,77,48,29,85,6,6,4
103,0,3,109,81,35,103,6,9,4
103,0,57,115,78,57,103,75,1,4
107,28,15,107,35,67,107,34,67,4
43,1,0,94,29,51,68,3,51,4
50,12,37,83,46,39,76,0,25,4
21,50,0,71,57,26,1,6,26,4
51,50,37,61,50,37,4,0,25,4
50,6,41,71,46,43,65,39,28,4
16,59,44,67,59,44,66,59,31,4
14,53,37,64,66,41,62,50,3,4
0,56,25,57,69,37,7,62,0,4
1,51,43,52,80,43,52,54,25,4
6,62,8,59,88,48,0,0,39,4
13,53,25,64,66,36,64,53,33,4
12,50,25,70,66,28,50,62,1,4
50,64,25,56,65,35,0,64,6,4
56,56,28,60,56,35,51,50,7,4
43,75,39,93,75,45,31,25,32,4
14,0,25,90,90,33,62,37,6,4
9,0,30,86,104,30,25,0,0,4
19,54,37,69,61,44,0,50,6,4
53,3,1,78,24,58,28,7,1,4
50,13,3,78,13,54,25,12,50,4
26,15,3,87,46,43,83,0,3,4
20,69,25,95,94,43,63,0,25,4
3,67,18,59,73,19,50,72,12,4
43,50,41,46,59,41,34,56,12,4
51,53,15,70,53,67,57,50,1,4
45,0,7,95,39,57,75,12,0,4
53,3,3,79,42,53,0,31,1,4
20,53,0,70,53,46,69,0,2,4
25,65,20,78,74,48,53,67,25,4
12,53,1,71,55,39,58,54,25,4
51,0,34,62,48,36,51,35,35,4
50,51,39,62,55,39,50,51,3,4
3,50,42,61,67,48,51,51,25,4
6,68,4,63,75,54,62,75,53,4
3,58,39,72,83,42,72,50,26,4
11,56,12,73,81,12,19,81,0,4
3,54,25,59,79,28,50,75,6,4
9,59,0,59,86,52,6,10,1,4
12,50,33,64,77,43,62,76,16,4
20,62,31,71,71,32,51,64,0,4
21,50,25,73,56,26,70,56,0,4
25,50,28,79,53,30,78,53,7,4
25,51,45,81,52,45,56,1,1,4
31,53,50,85,55,54,56,51,50,4
50,50,1,80,50,49,52,50,36,4
31,50,0,81,50,47,50,50,37,4
25,9,50,76,48,50,25,17,50,4
25,14,44,78,48,48,53,43,26,4
25,10,41,82,46,39,25,31,25,4
50,12,0,80,41,39,1,16,12,4
53,20,3,90,45,36,53,39,34,4
51,50,41,92,50,42,0,0,25,4
51,50,29,89,62,42,51,50,37,4
31,51,26,80,62,27,50,50,1,4
26,62,28,82,65,28,56,12,25,4
25,50,25,76,63,26,76,50,0,4
28,71,25,78,71,29,50,6,1,4
14,50,28,71,75,34,52,0,28,4
12,50,32,63,82,33,63,82,7,4
6,50,28,56,81,28,56,75,3,4
0,50,25,54,75,28,50,75,25,4
3,63,32,61,73,36,50,69,12,4
14,57,40,68,70,40,64,62,15,4
16,62,28,67,69,41,55,50,15,4
12,62,25,64,68,37,64,62,25,4
0,50,28,62,75,35,0,25,0,4
18,64,0,70,89,44,51,87,31,4
3,60,25,60,73,25,0,6,0,4
6,57,25,57,71,30,0,63,4,4
6,50,40,57,65,41,57,53,0,4
27,50,1,87,58,45,60,50,33,4
25,6,37,83,46,41,33,27,25,4
26,50,37,76,59,39,50,56,12,4
20,62,43,74,62,43,59,50,25,4
50,56,39,76,57,39,50,57,1,4
50,16,38,79,48,44,28,25,32,4
53,15,43,79,46,45,25,22,18,4
50,64,50,90,64,51,75,64,1,4
50,50,31,82,65,31,0,3,6,4
50,50,0,78,60,24,0,0,12,4
50,50,0,78,50,41,53,50,37,4
44,19,1,94,46,51,45,9,56,4
37,50,6,89,50,59,50,50,59,4
50,50,0,80,51,50,51,50,0,4
51,51,28,73,51,37,70,51,7,4
23,50,30,73,56,30,60,56,25,4
18,63,28,70,63,35,57,63,25,4
12,66,39,69,66,45,50,50,26,4
25,68,48,75,68,48,50,0,34,4
19,64,45,74,67,46,56,1,0,4
19,50,27,69,53,33,13,53,0,4
50,13,25,69,49,33,68,50,0,4
21,50,37,71,57,46,69,57,2,4
25,51,5,82,72,57,57,53,6,4
36,53,43,87,72,48,57,3,37,4
25,51,19,78,51,23,0,0,13,4
52,9,31,68,46,31,50,37,31,4
51,50,47,76,51,48,75,1,28,4
32,57,3,82,57,54,25,56,3,4
28,56,34,78,59,47,50,56,25,4
25,58,28,76,58,34,0,7,6,4
25,50,25,78,61,31,75,52,3,4
25,50,37,81,68,37,75,3,12,4
21,70,40,72,70,41,19,51,1,4
50,69,37,66,69,38,62,69,12,4
12,62,40,63,67,40,51,52,40,4
19,53,37,69,60,41,62,60,39,4
25,57,26,78,61,37,53,55,25,4
14,50,25,70,71,33,51,50,25,4
17,75,40,67,82,40,65,75,0,4
17,56,38,67,81,44,54,75,32,4
19,69,25,70,69,36,56,51,29,4
19,51,34,69,61,34,68,56,0,4
16,54,34,67,54,35,1,53,32,4
27,52,0,77,58,42,25,2,25,4
28,56,2,85,58,52,50,1,2,4
25,51,50,81,58,50,75,57,8,4
18,12,38,68,45,43,62,26,16,4
50,1,38,71,42,38,63,37,37,4
51,8,44,68,46,45,54,25,39,4
28,57,3,78,61,53,25,51,3,4
25,66,3,79,68,53,26,53,50,4
28,50,37,84,52,40,75,0,39,4
31,19,46,82,44,49,50,32,1,4
37,13,43,87,44,48,75,0,29,4
50,50,26,74,53,39,64,0,26,4
50,56,32,66,61,33,66,62,0,4
12,63,25,62,63,32,12,12,31,4
38,50,38,88,62,44,25,50,18,4
39,50,0,96,50,50,18,0,0,4
38,50,0,88,52,50,38,51,0,4
31,50,39,82,61,43,51,50,12,4
19,62,33,70,65,37,50,53,8,4
16,50,39,66,57,39,63,57,25,4
22,50,40,73,53,40,65,50,40,4
50,50,26,71,51,35,68,50,29,4
25,70,28,75,70,35,12,53,31,4
13,76,25,66,82,32,54,82,6,4
7,75,37,58,84,38,57,81,38,4
19,50,37,69,76,45,56,76,26,4
18,64,25,73,64,38,62,52,25,4
19,55,36,68,61,37,68,61,28,4
18,56,37,74,60,37,57,50,12,4
25,56,25,75,57,39,50,50,39,4
25,56,28,75,57,42,25,50,1,4
25,62,37,75,64,43,25,1,0,4
25,52,45,80,75,44,78,0,19,4
20,50,25,70,73,36,62,7,1,4
16,64,28,68,68,35,67,1,28,4
25,50,39,75,57,40,50,50,39,4
25,12,39,82,41,43,31,3,14,4
30,12,3,80,50,55,3,50,55,4
25,50,6,75,60,56,0,0,50,4
12,51,46,69,61,46,7,5,25,4
19,50,39,69,54,39,68,53,26,4
14,50,26,68,51,33,63,51,27,4
20,50,39,75,52,49,50,51,1,4
37,53,57,92,53,60,91,3,53,4
39,25,44,95,48,48,69,7,38,4
31,16,35,82,48,36,56,1,28,4
50,52,38,73,58,38,50,56,25,4
18,64,28,72,64,37,71,0,25,4
25,58,37,76,58,46,75,8,26,4
38,50,39,90,50,48,75,0,29,4
102,50,34,102,52,46,101,50,37,4
100,17,34,101,48,49,100,17,21,4
28,51,37,85,58,40,79,57,38,4
13,64,1,72,65,46,19,52,32,4
12,62,0,66,66,47,3,3,44,4
6,50,50,60,50,51,56,50,1,4
50,50,48,57,51,48,0,1,18,4
0,50,42,48,57,44,28,56,12,4
1,54,45,55,55,46,50,55,13,4
25,6,13,76,46,63,75,37,0,4
50,12,1,71,40,54,59,27,0,4
53,13,2,72,47,52,56,34,2,4
25,50,0,76,61,52,76,5,1,4
25,51,0,75,63,50,50,62,0,4
28,74,4,78,74,55,53,74,1,4
16,50,39,74,76,46,55,75,32,4
14,64,37,68,64,39,62,50,26,4
18,52,39,71,50,46,56,50,26,4
26,10,39,77,47,46,75,46,18,4
21,12,43,74,46,44,55,40,18,4
25,12,37,75,45,44,75,37,0,4
26,16,0,77,47,50,27,18,0,4
28,14,50,82,47,57,81,0,50,4
38,50,55,88,50,62,37,50,55,4
31,50,45,85,52,45,31,0,1,4
25,53,0,78,54,39,0,0,12,4
52,16,44,74,43,44,53,30,12,4
50,0,0,87,32,55,50,32,0,4
37,2,8,89,37,58,2,3,0,4
29,17,0,80,49,51,75,49,50,4
17,16,38,67,48,39,53,5,14,4
53,15,28,71,49,29,59,27,28,4
25,17,27,76,48,42,75,17,37,4
39,25,51,89,49,63,25,30,0,4
106,33,50,106,46,53,0,26,53,4
42,17,0,93,42,39,75,39,37,4
50,12,45,85,37,46,60,25,39,4
53,14,44,83,47,48,58,43,45,4
28,50,46,78,50,49,3,0,48,4
25,53,43,75,53,43,75,3,43,4
23,50,34,73,50,36,60,0,34,4
50,15,39,75,48,39,50,28,0,4
23,16,39,74,50,46,2,0,43,4
25,58,0,78,61,51,53,56,0,4
25,55,25,80,55,41,51,50,0,4
25,51,43,85,55,46,25,50,32,4
25,50,0,87,56,51,87,6,51,4
26,50,45,74,56,45,69,56,20,4
15,50,46,66,59,48,66,50,26,4
12,53,39,64,55,39,50,50,12,4
20,52,37,73,52,37,53,51,12,4
25,55,42,75,55,49,50,53,23,4
21,51,44,71,57,49,65,50,26,4
18,57,39,73,57,45,57,51,31,4
14,53,25,67,59,38,51,56,0,4
25,72,25,75,72,38,25,72,13,4
10,78,25,73,80,38,66,1,13,4
13,79,31,69,80,44,57,76,31,4
16,73,37,72,73,44,66,64,25,4
25,62,37,75,63,37,50,63,12,4
21,52,28,73,55,35,56,50,10,4
20,50,31,73,53,36,53,53,9,4
25,13,37,80,48,41,54,42,25,4
31,5,45,84,42,46,59,37,18,4
32,0,44,82,37,49,31,12,30,4
26,9,47,77,35,49,28,34,50,4
50,13,50,83,44,50,27,6,0,4
31,52,26,85,65,35,75,2,28,4
28,76,37,78,77,39,78,0,0,4
25,50,50,78,61,50,75,59,0,4
50,6,0,95,33,50,67,25,0,4
46,3,0,96,28,50,78,25,50,4
30,14,44,76,44,47,51,31,44,4
50,50,46,69,50,46,0,0,13,4
50,19,50,94,44,52,62,44,50,4
50,15,0,76,47,41,0,0,40,4
50,3,39,70,42,38,56,0,25,4
50,6,31,71,45,34,56,45,25,4
51,51,37,71,51,37,58,1,37,4
51,55,28,74,55,42,50,51,0,4
52,53,32,77,53,44,52,53,38,4
54,25,46,85,49,50,50,27,0,4
106,53,41,106,60,42,100,56,0,4
28,52,3,91,64,49,62,62,14,4
26,56,53,80,56,60,75,4,0,4
50,13,50,76,47,50,75,47,0,4
50,3,41,73,42,40,67,0,3,4
51,6,40,66,47,42,50,46,3,4
15,57,43,67,57,46,53,50,21,4
18,53,0,69,53,50,50,50,1,4
50,6,40,68,46,48,56,34,28,4
12,50,37,65,54,41,12,3,41,4
12,69,37,74,72,41,52,53,16,4
25,78,44,75,85,45,50,1,19,4
25,75,1,75,75,52,50,62,3,4
25,62,4,78,62,55,75,62,0,4
24,50,44,71,52,46,50,50,26,4
50,51,31,66,51,34,53,51,9,4
12,57,35,64,57,35,64,51,9,4
22,55,43,73,55,44,75,54,0,4
29,7,40,80,44,48,28,7,34,4
32,14,47,83,42,49,0,15,16,4
51,16,46,83,48,47,82,43,41,4
28,56,0,78,56,38,3,6,38,4
25,52,53,78,61,55,79,0,7,4
43,19,52,94,46,58,50,32,7,4
46,0,3,98,29,47,64,28,46,4
50,6,0,82,31,48,81,31,40,4
50,6,47,73,43,48,64,43,34,4
50,6,37,69,47,43,62,46,0,4
51,11,25,69,49,39,19,13,0,4
21,16,41,71,49,42,0,11,1,4
50,50,47,91,50,49,3,50,10,4
39,50,38,96,50,39,83,0,2,4
38,28,50,94,49,63,62,44,50,4
102,25,51,102,41,63,102,28,50,4
52,12,0,87,41,46,86,0,46,4
55,4,0,74,42,42,74,4,39,4
56,0,31,69,39,31,57,0,25,4
52,1,25,65,42,28,64,43,28,4
50,50,28,69,51,34,68,50,9,4
26,50,0,84,67,53,78,0,3,4
100,64,1,103,70,51,100,51,0,4
39,53,43,89,54,45,64,3,7,4
31,50,6,83,53,56,56,53,0,4
25,56,41,77,56,47,0,0,13,4
20,50,41,68,51,41,68,51,3,4
50,50,37,66,51,40,53,1,0,4
50,50,39,67,55,39,63,51,14,4
16,50,38,68,51,43,54,51,5,4
20,50,38,71,50,44,58,50,0,4
25,51,41,76,58,42,1,1,37,4
29,56,29,79,68,42,51,56,15,4
28,78,39,80,80,46,75,80,27,4
14,75,40,74,78,49,50,78,0,4
19,68,38,69,68,41,63,56,25,4
14,50,37,67,60,37,55,50,25,4
12,56,28,66,56,35,50,50,7,4
15,53,28,72,53,34,62,50,3,4
25,50,40,77,50,40,78,50,0,4
28,13,38,79,47,44,76,34,25,4
51,12,37,73,49,43,56,28,0,4
22,53,39,74,55,45,3,3,7,4
37,75,51,92,78,55,53,75,53,4
31,53,1,81,66,35,51,0,6,4
31,56,5,84,56,49,56,50,25,4
34,12,50,85,38,49,59,38,0,4
50,0,0,81,31,50,75,25,50,4
19,4,44,72,42,47,57,40,31,4
14,50,44,67,51,44,65,1,12,4
15,51,28,71,51,41,71,50,12,4
25,51,38,77,55,41,27,53,16,4
25,53,50,81,54,50,25,50,50,4
38,25,50,99,48,50,46,0,50,4
43,22,51,96,48,52,68,34,3,4
31,14,6,83,45,49,56,6,25,4
27,50,37,77,53,39,77,0,26,4
21,50,31,71,60,36,58,57,33,4
15,50,37,67,59,38,54,0,25,4
50,57,37,65,57,37,50,50,0,4
23,50,29,73,50,42,53,50,16,4
25,50,41,76,50,49,76,0,25,4
39,59,1,89,59,51,64,56,1,4
25,55,31,84,61,34,59,9,9,4
25,50,46,80,61,46,53,0,9,4
32,52,46,82,55,49,75,1,48,4
35,19,38,85,49,39,78,1,2,4
26,53,0,76,53,41,75,0,3,4
51,51,37,76,60,40,76,0,3,4
65,3,6,71,40,32,64,25,25,4
58,56,47,58,59,48,51,53,0,4
0,64,34,58,67,33,1,4,1,4
40,52,28,91,71,35,66,57,0,4
19,76,26,72,77,40,57,75,25,4
15,79,26,73,79,35,75,75,25,4
50,50,25,78,65,27,53,65,0,4
30,56,25,79,58,39,78,0,12,4
28,12,36,78,47,36,78,37,28,4
25,50,9,75,50,24,50,50,21,4
56,50,31,73,51,33,56,26,1,4
50,7,25,75,44,30,50,25,2,4
32,87,14,83,87,17,7,0,4,4
100,11,26,102,99,26,1,41,25,4
53,65,25,84,67,33,53,62,8,4
50,57,27,91,57,30,57,54,29,4
36,25,28,86,49,28,3,5,3,4
50,14,21,79,39,23,79,39,4,4
52,12,30,83,37,37,57,37,35,4
50,1,31,96,37,43,0,31,12,4
50,0,28,83,35,35,75,38,34,4
42,50,31,93,64,31,28,64,0,4
100,6,0,101,62,44,100,59,6,4
100,34,56,106,47,56,106,38,56,4
106,0,6,106,31,46,106,6,25,4
53,37,6,78,37,34,75,0,32,4
14,50,0,64,57,25,62,0,0,4
8,62,0,58,64,31,50,1,25,4
19,50,29,73,58,35,1,50,32,4
12,58,38,63,58,44,62,51,19,4
18,0,43,70,52,44,64,0,40,4
39,50,0,89,50,37,26,50,10,4
118,19,0,116,49,28,100,49,0,4
25,68,37,81,70,42,56,1,15,4
0,56,1,50,84,36,50,0,10,4
17,50,29,67,90,37,64,3,5,4
3,50,0,53,65,27,3,0,25,4
0,50,27,57,80,28,1,0,0,4
1,20,29,51,71,41,51,58,1,4
0,56,39,57,81,39,1,75,25,4
14,65,46,67,72,46,65,65,12,4
29,50,51,92,50,58,39,50,6,4
25,26,1,89,50,51,51,50,0,4
25,62,48,76,62,48,75,62,34,4
0,65,31,50,73,36,50,71,7,4
51,62,31,51,68,33,50,56,25,4
54,50,31,67,55,35,55,50,9,4
28,23,38,84,50,39,25,50,14,4
34,56,37,86,61,43,25,59,16,4
25,54,0,76,67,50,0,12,50,4
43,75,35,95,80,48,8,82,44,4
16,70,0,74,73,25,24,6,0,4
28,51,0,83,61,45,52,1,19,4
34,1,0,87,39,57,52,27,50,4
25,2,37,76,33,45,75,26,18,4
7,1,0,61,42,35,3,7,9,4
12,52,30,62,61,42,62,59,1,4
7,51,39,70,48,46,64,1,18,4
25,9,0,85,47,51,31,19,51,4
41,32,44,99,44,44,85,7,43,4
38,50,4,88,50,48,50,50,39,4
45,50,0,95,52,50,62,51,50,4
50,50,39,80,54,35,75,51,35,4
26,59,29,76,59,29,75,6,4,4
21,59,25,71,61,32,65,3,31,4
25,58,25,76,58,37,0,1,25,4
22,51,25,72,55,41,69,1,0,4
21,60,28,72,60,41,50,51,25,4
18,50,27,69,52,39,62,51,1,4
28,50,26,79,51,42,53,51,39,4
35,56,43,97,58,44,44,8,12,4
20,81,0,98,84,44,48,9,7,4
12,50,37,60,78,43,6,78,42,4
0,51,25,48,63,37,22,50,12,4
0,53,25,46,59,30,40,50,25,4
6,52,0,56,55,24,50,55,2,4
28,58,25,79,62,32,3,7,7,4
9,56,0,85,73,54,53,69,0,4
25,81,0,85,83,53,60,83,0,4
25,75,32,76,88,36,51,87,28,4
0,53,28,59,78,29,59,75,3,4
3,62,34,60,66,37,57,66,25,4
11,53,37,61,59,41,60,50,25,4
13,50,32,63,52,35,50,52,25,4
23,50,27,73,51,33,1,50,2,4
16,62,30,73,62,37,50,62,5,4
3,70,31,65,73,44,65,64,32,4
31,78,47,84,85,49,78,78,12,4
31,59,35,82,74,35,25,3,10,4
31,50,0,82,53,41,51,53,25,4
50,1,0,83,38,47,76,37,0,4
28,31,50,80,31,51,75,25,50,4
25,1,0,75,47,53,75,47,50,4
13,3,32,67,47,46,66,46,18,4
17,0,37,67,42,39,67,42,14,4
18,15,42,73,47,42,23,37,17,4
32,50,50,95,66,56,45,62,6,4
100,61,56,101,59,60,101,53,0,4
41,25,50,99,47,62,60,0,50,4
51,16,0,85,41,43,85,0,37,4
50,10,37,75,47,37,75,43,37,4
51,5,31,67,49,35,4,8,28,4
51,1,25,64,49,32,14,11,25,4
18,52,29,71,58,30,0,7,29,4
10,68,29,74,70,48,53,50,26,4
27,50,1,77,60,52,27,53,0,4
107,21,42,107,49,49,106,38,39,4
38,17,51,84,42,49,53,40,21,4
9,53,0,61,59,33,50,50,27,4
25,50,25,75,76,26,75,0,1,4
14,71,25,67,72,32,67,69,7,4
17,72,38,67,72,44,66,0,13,4
12,50,0,63,58,53,62,50,3,4
19,50,35,72,59,49,65,50,27,4
14,56,37,67,59,46,54,53,40,4
21,56,25,74,56,41,73,50,38,4
58,13,31,74,42,36,51,42,6,4
50,50,28,77,69,40,75,62,12,4
6,88,30,57,94,42,57,82,25,4
16,72,0,66,72,50,16,59,0,4
25,69,0,91,73,58,54,60,0,4
100,21,30,105,47,49,105,37,27,4
53,13,25,59,50,31,59,50,0,4
9,50,25,47,53,26,25,50,1,4
50,56,32,53,57,32,53,50,7,4
19,50,34,69,57,36,75,52,4,4
50,50,37,85,51,41,50,50,3,4
28,51,41,80,60,50,4,6,50,4
43,75,2,99,75,52,89,75,1,4
37,65,28,89,67,29,75,4,3,4
51,50,0,77,54,38,26,50,0,4
50,11,0,85,36,46,84,36,1,4
50,0,1,92,25,51,89,25,0,4
32,6,3,85,32,53,0,31,50,4
51,0,40,71,44,41,70,44,15,4
18,7,39,68,45,39,62,39,14,4
25,15,48,76,49,48,26,38,43,4
41,54,50,93,53,51,50,53,51,4
40,50,50,98,50,50,73,0,50,4
39,19,50,89,44,51,62,43,51,4
50,14,51,91,42,51,75,1,51,4
50,16,0,83,48,46,75,47,46,4
50,50,37,76,51,40,1,1,25,4
51,50,34,67,51,35,4,1,25,4
15,50,31,67,56,36,65,6,7,4
20,57,41,71,57,41,57,0,16,4
21,50,31,72,56,43,71,56,43,4
25,50,31,76,53,44,51,53,38,4
31,56,0,82,56,51,81,0,1,4
35,18,42,87,48,42,5,46,0,4
43,50,2,95,60,39,50,53,12,4
25,51,0,75,63,31,75,62,6,4
51,13,0,80,40,42,76,40,14,4
56,1,50,83,42,51,75,0,0,4
50,51,43,80,58,46,4,2,6,4
50,62,25,62,63,26,50,63,0,4
50,69,14,50,69,23,50,62,0,4
50,68,34,65,68,37,62,50,0,4
50,53,0,86,61,50,32,53,50,4
51,51,0,95,55,50,75,50,0,4
50,51,29,82,55,42,56,50,1,4
56,50,25,69,64,34,6,64,34,4
57,64,27,74,72,28,11,3,25,4
50,75,26,89,77,27,0,76,2,4
33,63,16,87,69,22,52,68,3,4
44,54,37,94,55,38,38,54,26,4
100,26,44,104,40,44,104,0,19,4
52,15,31,90,41,35,78,41,0,4
56,18,37,73,48,38,71,1,0,4
57,6,39,69,43,39,63,43,26,4
50,10,37,75,35,38,50,25,13,4
51,0,31,83,32,43,2,31,18,4
51,12,39,86,42,42,76,26,12,4
41,50,0,91,50,46,41,50,40,4
102,64,0,111,64,43,103,63,5,4
44,51,0,94,52,47,69,52,46,4
51,19,39,79,46,39,76,0,39,4
55,16,39,75,40,44,0,0,31,4
50,5,42,82,42,43,82,42,28,4
51,6,26,73,43,29,56,0,28,4
21,50,17,71,57,24,64,50,13,4
20,68,26,70,68,33,50,68,25,4
25,51,26,78,75,40,78,0,12,4
11,75,37,74,79,43,7,28,4,4
22,63,37,72,63,42,3,50,15,4
37,25,43,89,48,46,25,32,37,4
101,9,42,102,34,48,100,28,42,4
41,28,37,94,51,38,93,51,0,4
25,62,32,76,66,35,0,12,9,4
8,68,25,62,72,33,61,56,7,4
6,64,28,56,71,34,50,1,9,4
12,62,46,69,66,46,62,0,25,4
18,53,3,75,51,51,0,51,0,4
25,12,41,76,49,41,76,47,12,4
15,56,40,67,56,40,50,56,15,4
51,53,26,57,55,39,56,50,26,4
16,55,26,73,61,41,62,8,0,4
25,52,31,79,69,45,75,63,43,4
31,53,32,85,71,48,32,71,28,4
30,52,37,80,74,44,79,68,25,4
14,76,37,71,79,37,57,78,37,4
3,50,28,59,75,35,53,75,32,4
15,62,37,66,67,38,53,65,26,4
17,57,38,67,60,38,53,60,25,4
18,50,37,74,53,44,57,53,13,4
16,50,37,72,50,43,50,50,17,4
15,51,39,71,54,39,68,4,12,4
15,51,40,71,58,41,52,50,3,4
21,51,40,72,55,42,65,55,39,4
32,51,50,86,69,51,7,12,51,4
37,81,0,87,81,50,82,0,20,4
26,51,0,76,68,39,25,53,39,4
18,50,6,74,46,47,51,40,32,4
25,26,50,78,29,50,75,3,50,4
10,37,4,73,37,55,56,37,50,4
5,0,39,67,49,49,67,50,32,4
2,56,41,65,57,48,50,50,28,4
12,52,0,70,54,50,6,3,0,4
12,60,33,72,60,49,72,60,31,4
13,53,28,63,61,40,13,11,40,4
29,69,41,80,69,48,75,54,38,4
25,54,25,75,55,29,25,50,3,4
31,53,47,89,72,51,26,66,50,4
25,78,0,87,80,50,50,75,0,4
12,53,37,70,60,41,6,10,41,4
13,57,38,65,57,44,65,6,37,4
14,56,39,65,56,40,64,56,40,4
12,55,40,70,55,44,70,2,6,4
20,50,0,71,52,50,57,52,50,4
19,55,38,69,55,44,1,1,0,4
18,64,39,70,65,42,65,53,12,4
7,63,26,62,64,39,51,64,13,4
9,64,37,75,64,46,50,64,6,4
25,58,53,94,74,55,62,1,0,4
25,50,44,93,62,47,68,0,3,4
13,56,43,72,60,49,50,0,0,4
12,63,37,64,64,43,64,62,25,4
12,51,26,64,60,36,63,57,3,4
17,50,40,67,57,42,53,56,14,4
18,53,38,70,53,46,64,50,21,4
18,55,32,69,55,45,50,55,18,4
15,50,25,66,58,41,50,50,25,4
13,50,25,63,60,37,50,54,37,4
15,50,26,72,67,38,53,54,25,4
33,78,41,83,79,47,50,78,28,4
30,75,0,80,78,51,50,75,0,4
17,50,37,73,70,45,23,56,43,4
19,62,37,69,62,39,50,62,26,4
13,51,33,65,58,33,62,50,25,4
12,50,25,67,57,34,67,57,3,4
20,53,28,70,53,40,71,0,0,4
19,9,28,72,47,41,12,0,13,4
25,50,37,76,50,43,25,50,6,4
26,53,25,86,65,41,0,3,37,4
30,77,25,80,80,34,76,78,0,4
7,77,40,71,77,43,57,75,12,4
37,50,45,88,60,45,37,59,31,4
37,12,40,95,45,49,14,7,7,4
25,3,37,78,41,44,50,25,12,4
12,6,37,66,48,42,0,0,39,4
12,52,41,69,55,42,62,57,16,4
12,56,25,63,57,41,13,0,12,4
17,50,25,67,61,37,1,1,12,4
13,53,33,65,60,37,50,53,25,4
25,50,0,90,65,50,77,0,50,4
100,51,6,100,55,56,100,50,3,4
100,25,3,100,49,53,100,44,50,4
32,54,47,85,55,48,57,54,41,4
21,50,37,71,57,39,71,0,0,4
12,55,39,64,55,39,51,1,38,4
19,50,39,69,51,39,0,0,37,4
21,51,37,74,51,37,0,1,37,4
20,52,27,70,52,39,0,52,39,4
12,51,28,71,61,41,56,1,28,4
12,67,37,68,67,46,56,50,15,4
20,56,28,73,56,42,51,50,39,4
31,50,33,84,51,45,3,0,26,4
100,56,46,104,58,46,104,0,7,4
26,50,43,89,67,44,39,0,12,4
12,70,42,67,70,42,50,0,14,4
7,50,44,58,60,44,50,59,20,4
14,53,41,71,54,41,68,0,3,4
19,57,41,69,57,43,57,57,14,4
13,60,48,65,61,48,51,57,18,4
13,56,0,66,56,51,50,50,0,4
18,50,43,70,50,47,50,50,31,4
15,50,26,65,50,38,53,50,25,4
15,63,38,65,63,40,0,0,39,4
12,78,25,73,78,41,53,75,25,4
25,87,28,85,93,41,53,87,28,4
4,75,37,73,89,46,57,78,37,4
15,69,37,67,69,43,54,62,31,4
13,50,25,68,58,36,67,57,32,4
12,57,25,69,57,35,51,56,9,4
18,53,27,69,53,36,56,50,6,4
18,55,25,69,56,37,56,50,0,4
15,51,28,72,62,41,56,58,3,4
14,62,40,73,66,42,23,0,0,4
25,50,31,83,66,44,81,63,25,4
25,58,45,90,58,45,37,57,20,4
50,50,50,96,48,58,78,6,8,4
100,26,37,103,42,37,103,0,37,4
25,12,25,77,45,25,77,1,25,4
6,52,9,56,55,22,56,55,16,4
1,69,22,51,69,22,51,0,9,4
18,53,0,76,78,47,75,78,13,4
39,13,19,92,44,71,75,43,8,4
47,10,1,98,24,62,53,0,10,4
31,7,41,81,32,41,50,6,37,4
50,50,31,70,53,36,68,0,31,4
25,50,2,78,72,42,53,25,7,4
25,76,43,75,77,45,0,0,45,4
26,64,43,76,65,44,76,2,32,4
28,50,43,78,52,45,75,0,39,4
31,16,0,81,48,51,56,41,51,4
31,14,5,82,49,55,81,50,50,4
26,51,44,76,51,46,0,51,7,4
50,50,39,69,50,39,63,50,37,4
19,51,37,69,51,42,19,50,17,4
28,62,1,78,62,51,53,62,1,4
25,62,31,85,63,43,3,0,14,4
25,53,31,75,60,31,50,54,31,4
17,50,37,73,68,37,10,2,0,4
15,62,37,74,65,42,54,0,12,4
19,51,0,71,51,53,51,51,0,4
22,10,43,74,48,49,50,43,15,4
25,50,37,75,53,37,75,50,0,4
16,62,41,67,65,41,64,0,38,4
6,62,39,61,64,45,59,52,20,4
12,50,41,62,50,47,50,50,3,4
51,12,41,76,41,41,53,27,12,4
39,50,25,93,59,26,65,56,1,4
31,90,8,82,90,58,50,90,7,4
14,75,0,70,81,55,51,81,0,4
50,51,38,75,52,40,50,52,25,4
24,50,25,74,51,29,53,53,0,4
1,62,28,61,66,28,2,0,3,4
10,58,28,60,70,36,57,68,3,4
6,63,17,69,66,42,68,53,14,4
25,62,28,81,62,42,81,0,42,4
25,67,28,79,67,41,75,1,28,4
14,76,28,67,76,34,54,75,25,4
3,76,34,65,82,35,65,6,9,4
26,84,37,85,84,44,57,78,6,4
39,56,37,89,58,39,1,8,37,4
20,50,35,71,50,35,66,0,0,4
8,53,35,58,59,37,1,3,5,4
7,50,31,60,60,43,50,54,0,4
1,50,28,67,51,47,50,51,47,4
25,7,38,76,47,47,76,46,15,4
12,51,37,73,52,41,3,6,12,4
31,50,0,81,70,50,75,7,0,4
25,66,46,81,66,47,0,15,40,4
25,16,46,76,47,46,50,34,46,4
28,12,4,80,43,55,79,43,0,4
26,51,0,80,52,52,78,1,50,4
25,53,39,75,60,45,75,3,39,4
14,53,37,70,54,39,62,3,39,4
16,6,29,73,48,36,60,48,36,4
50,50,37,68,53,37,50,50,37,4
21,50,28,71,56,41,65,56,3,4
26,50,0,79,60,50,53,0,0,4
50,50,39,97,51,45,7,1,26,4
54,37,28,99,45,35,65,6,4,4
50,56,37,93,61,37,0,3,0,4
52,68,1,71,69,43,50,70,14,4
56,57,34,57,72,36,50,3,10,4
62,70,33,63,67,34,50,64,9,4
56,53,26,70,54,32,56,53,0,4
57,25,31,82,43,45,56,30,26,4
106,37,30,106,41,43,101,44,1,4
46,51,37,98,58,40,67,56,15,4
32,60,39,83,62,39,50,51,14,4
62,51,27,89,54,33,51,53,2,4
50,21,25,76,49,31,51,40,6,4
51,53,39,71,54,39,58,57,28,4
58,64,39,74,64,39,69,64,12,4
25,56,37,75,56,38,75,50,13,4
50,51,42,75,51,42,75,50,1,4
31,11,42,81,49,42,75,3,26,4
25,50,37,80,50,40,50,50,0,4
50,51,43,78,51,44,75,0,19,4
32,60,44,87,60,44,78,3,31,4
25,51,37,81,65,37,75,62,12,4
32,51,50,85,58,50,53,57,0,4
50,50,10,86,51,49,60,50,10,4
50,56,49,82,57,49,81,0,14,4
51,55,37,65,61,44,62,0,0,4
6,50,27,57,57,36,57,0,25,4
12,50,37,64,51,37,50,50,0,4
7,0,34,71,45,48,53,25,36,4
28,6,2,78,49,52,75,6,52,4
20,50,30,74,50,43,21,0,28,4
26,62,37,83,63,40,51,62,40,4
28,54,36,85,67,36,28,54,2,4
34,51,1,84,57,42,53,54,0,4
50,50,44,87,50,46,87,0,39,4
50,56,42,80,56,42,79,6,29,4
50,56,28,74,59,35,65,3,25,4
18,56,28,68,60,34,64,57,28,4
22,55,28,73,55,42,50,50,6,4
26,53,28,76,54,42,50,53,38,4
28,50,31,79,51,36,51,50,30,4
37,55,28,92,61,35,87,53,0,4
32,53,28,83,66,29,75,65,3,4
20,50,28,73,63,35,70,62,12,4
28,60,41,79,61,42,54,5,3,4
25,59,39,79,59,39,79,0,1,4
23,56,37,73,58,39,69,58,0,4
20,56,39,71,58,39,57,57,1,4
21,57,37,74,61,41,50,50,14,4
25,56,28,75,58,40,75,51,28,4
21,55,25,71,55,37,69,52,0,4
23,58,25,73,58,35,54,58,3,4
26,53,25,77,72,32,50,56,6,4
25,76,25,75,80,37,50,81,37,4
12,75,39,67,77,39,63,75,26,4
19,64,31,69,64,31,56,51,6,4
14,52,30,70,62,30,64,60,3,4
12,50,25,70,60,30,58,50,3,4
27,58,6,77,58,31,53,51,0,4
34,53,25,85,55,33,60,5,27,4
37,51,25,90,64,37,25,2,12,4
37,69,25,88,74,28,0,15,3,4
29,75,31,80,75,34,78,0,31,4
50,53,37,85,53,39,76,50,25,4
50,3,37,87,34,37,34,25,0,4
28,12,37,79,43,43,75,31,31,4
21,50,41,74,54,48,52,50,47,4
20,53,37,73,55,47,67,50,32,4
20,12,37,74,47,43,75,0,16,4
25,14,37,75,49,39,0,21,0,4
26,57,34,76,57,34,0,7,6,4
25,50,43,79,62,43,1,12,18,4
37,50,50,99,57,56,83,0,56,4
40,51,50,98,51,50,76,0,50,4
33,17,0,83,48,50,50,37,50,4
50,12,26,72,48,39,68,23,37,4
18,50,25,69,50,37,50,50,6,4
51,10,35,67,49,36,0,49,6,4
25,50,25,75,50,31,69,50,25,4
26,50,37,79,59,39,76,50,1,4
31,56,37,97,68,44,7,0,19,4
26,64,25,83,64,30,0,0,29,4
12,62,39,69,66,40,50,0,1,4
12,50,48,62,75,48,59,0,2,4
19,53,37,69,61,44,50,52,0,4
26,50,37,76,56,40,25,50,0,4
20,53,37,70,55,43,50,53,31,4
50,10,40,71,47,47,63,19,12,4
25,51,37,78,55,43,25,50,26,4
25,66,25,78,66,34,78,50,28,4
7,50,38,71,76,38,51,75,12,4
10,50,42,61,75,43,53,75,39,4
1,56,41,64,81,48,51,75,47,4
12,54,39,64,79,46,52,75,31,4
12,62,28,64,64,30,64,51,29,4
16,62,26,66,65,33,65,62,7,4
12,63,39,64,66,39,62,0,14,4
21,50,28,71,59,41,18,53,12,4
18,55,35,74,58,35,22,8,32,4
31,50,39,82,74,39,31,4,39,4
12,76,26,73,77,33,54,77,6,4
25,62,46,76,67,46,50,64,12,4
28,50,39,86,50,46,50,50,12,4
29,3,45,85,40,46,56,37,43,4
17,7,46,73,44,49,59,44,43,4
18,53,46,71,55,46,71,53,27,4
18,50,37,70,51,42,51,50,1,4
25,7,38,77,46,46,76,39,2,4
50,16,37,77,42,39,52,14,25,4
101,51,0,111,61,39,109,0,37,4
37,62,3,97,65,40,56,62,40,4
50,25,50,92,41,54,67,3,53,4
53,18,37,83,46,42,7,15,41,4
50,53,28,75,55,34,75,0,9,4
18,50,37,68,58,38,56,56,25,4
20,51,37,70,55,41,51,50,0,4
50,7,25,75,45,39,75,32,0,4
25,12,25,76,50,39,51,50,14,4
22,52,37,72,52,40,6,51,28,4
100,75,38,101,77,44,1,0,0,4
32,57,28,82,71,28,50,2,0,4
18,62,0,69,62,44,68,50,13,4
50,50,0,75,55,53,50,55,3,4
29,50,3,79,50,53,75,50,0,4
25,53,37,76,53,39,76,3,25,4
18,51,25,69,58,26,62,56,25,4
14,65,26,64,65,33,51,62,31,4
14,50,26,64,58,43,50,50,25,4
12,62,28,67,64,42,4,1,4,4
18,75,25,73,78,38,70,78,13,4
12,78,5,72,80,24,53,76,2,4
14,75,27,71,82,36,70,76,30,4
25,75,40,77,73,48,52,62,35,4
25,65,37,82,66,43,50,62,25,4
12,62,28,67,62,35,52,50,28,4
13,59,28,63,60,34,63,51,6,4
19,56,25,69,57,33,68,56,32,4
19,50,29,71,57,36,52,50,1,4
12,52,27,67,58,39,54,50,39,4
28,75,3,85,76,48,53,76,47,4
29,50,27,79,69,33,78,68,3,4
13,64,33,74,67,33,62,1,6,4
25,50,1,78,56,53,53,50,0,4
28,12,0,85,46,52,56,25,0,4
19,53,0,71,55,50,71,53,50,4
25,51,45,75,52,48,50,1,21,4
12,50,41,62,51,41,62,0,13,4
13,51,28,66,53,33,50,50,33,4
25,50,37,78,56,40,28,0,38,4
50,21,40,86,46,46,32,26,37,4
44,50,39,94,51,46,94,0,7,4
37,53,44,93,53,46,54,50,44,4
38,50,48,85,50,48,60,0,32,4
26,56,44,79,57,44,75,0,25,4
12,53,42,66,60,43,62,4,29,4
50,51,39,62,57,45,62,0,20,4
50,50,39,70,53,45,51,50,25,4
50,14,26,72,49,41,69,30,0,4
23,50,34,74,53,36,71,50,4,4
20,57,37,73,58,41,23,7,12,4
26,53,41,83,73,47,31,50,18,4
35,51,37,85,68,41,59,63,3,4
25,72,43,75,72,44,75,0,25,4
52,64,0,68,70,44,66,70,18,4
53,62,37,61,69,41,59,56,15,4
50,64,0,62,64,39,51,62,25,4
51,64,38,65,64,40,52,50,14,4
53,50,37,67,59,38,53,50,38,4
50,62,26,69,65,36,56,53,4,4
53,68,29,66,71,29,50,69,25,4
18,84,25,69,84,29,68,86,25,4
4,77,39,67,90,43,17,76,41,4
9,75,0,74,84,51,22,75,0,4
14,68,39,73,72,46,70,62,25,4
14,59,38,64,59,38,51,56,13,4
12,53,31,62,53,34,13,53,0,4
10,54,31,62,54,35,53,50,32,4
50,59,25,63,59,37,50,56,37,4
16,64,40,66,70,42,53,70,29,4
25,75,50,75,82,51,25,57,50,4
25,78,0,79,78,49,50,76,15,4
18,62,1,74,72,42,74,68,17,4
19,57,9,72,58,48,68,57,47,4
28,3,2,78,48,52,78,40,50,4
13,50,50,66,56,50,63,0,50,4
10,54,0,60,66,47,58,62,32,4
51,53,14,57,66,46,50,62,32,4
14,6,9,64,62,46,50,57,18,4
15,57,4,65,60,48,65,60,48,4
51,62,26,69,62,48,69,12,35,4
7,1,0,71,52,49,73,52,45,4
25,0,0,75,53,39,75,0,37,4
25,50,50,78,62,53,53,62,50,4
25,16,54,76,66,66,26,65,62,4
9,53,53,73,66,54,63,65,0,4
14,3,0,67,59,46,65,1,43,4
9,4,39,59,55,39,59,54,37,4
1,1,0,58,58,39,57,58,37,4
8,50,43,62,62,43,59,50,12,4
13,50,43,63,69,45,63,56,26,4
6,62,43,61,69,45,54,69,1,4
6,50,0,68,75,44,12,50,38,4
0,53,7,69,78,45,19,75,14,4
0,54,50,69,80,51,63,3,1,4
12,56,50,64,71,58,64,62,0,4
3,12,0,59,63,50,58,62,22,4
2,3,0,58,59,36,52,53,10,4
0,51,31,59,61,34,59,53,9,4
0,51,41,60,65,42,50,62,28,4
12,59,43,62,72,48,62,66,21,4
4,57,44,60,71,44,53,71,6,4
14,69,26,64,74,36,50,68,31,4
12,50,35,62,75,34,50,75,28,4
7,78,33,71,85,36,21,75,29,4
12,75,39,62,89,46,50,87,31,4
12,50,38,63,78,47,51,75,37,4
4,62,37,61,68,37,53,50,25,4
8,54,27,62,66,33,50,50,0,4
14,62,25,64,65,34,52,65,25,4
13,62,25,66,64,37,53,62,0,4
9,68,42,71,69,42,73,66,37,4
9,50,32,71,77,44,65,52,12,4
0,68,28,76,69,43,51,69,15,4
25,65,0,75,67,50,75,67,0,4
9,51,3,72,51,53,62,51,0,4
20,7,40,71,44,46,63,38,9,4
12,50,38,68,51,44,68,51,25,4
17,50,42,67,53,49,54,50,33,4
17,56,2,74,57,52,67,50,50,4
18,50,46,70,53,49,14,3,35,4
20,56,0,74,57,50,51,50,50,4
25,50,7,87,55,57,62,55,0,4
28,18,50,87,41,59,59,0,53,4
44,5,50,94,37,59,69,36,59,4
25,15,43,75,46,44,75,46,43,4
16,10,39,66,49,39,62,0,37,4
14,6,37,67,47,44,51,37,0,4
12,8,40,69,46,41,69,45,37,4
25,51,37,76,55,44,75,54,0,4
13,62,0,74,64,50,68,1,0,4
26,62,38,80,63,48,50,63,19,4
33,62,46,83,63,49,50,50,20,4
25,53,0,87,53,52,0,3,1,4
26,50,0,77,53,50,50,53,0,4
15,56,39,67,57,39,51,56,12,4
6,51,29,61,55,37,60,50,3,4
20,50,43,70,53,44,70,50,19,4
26,50,1,81,51,52,56,50,0,4
28,50,43,80,50,47,50,50,44,4
50,56,37,78,59,38,75,59,38,4
14,62,32,73,66,32,50,50,7,4
26,53,35,76,78,35,76,78,25,4
12,53,37,67,80,38,63,79,25,4
13,52,42,66,77,42,51,76,29,4
14,66,37,73,68,45,50,53,33,4
16,62,37,68,65,43,53,51,37,4
3,50,26,66,65,39,50,50,12,4
1,56,25,63,72,38,62,62,0,4
0,51,32,53,76,35,3,76,6,4
4,50,26,54,84,32,1,25,25,4
3,54,32,53,87,33,53,0,0,4
1,50,26,52,81,36,50,75,10,4
10,50,37,63,75,46,63,75,28,4
19,15,0,69,66,53,63,53,3,4
9,12,0,60,64,50,60,62,0,4
15,12,25,46,74,44,9,71,12,4
16,25,25,41,85,35,3,75,0,4
15,27,29,41,84,29,12,78,25,4
21,25,32,48,82,35,12,82,3,4
0,31,39,53,82,49,53,6,37,4
7,25,33,57,75,48,50,75,14,4
6,23,26,58,73,40,56,71,1,4
3,51,25,60,86,38,56,84,0,4
2,53,39,55,92,42,54,92,1,4
23,32,33,48,82,46,28,82,1,4
0,21,25,50,74,41,50,1,37,4
25,25,26,49,77,38,24,77,37,4
26,25,28,43,76,33,12,76,7,4
19,25,28,44,78,30,13,0,3,4
0,52,25,50,86,37,50,11,25,4
0,56,31,59,86,44,3,54,0,4
12,50,35,65,75,47,64,0,37,4
19,50,34,69,74,47,18,61,19,4
1,53,26,61,78,39,52,75,12,4
28,50,25,49,80,32,38,78,7,4
25,51,25,45,82,28,19,76,0,4
26,50,25,44,76,28,18,75,25,4
0,51,25,56,70,32,50,51,7,4
0,56,25,62,68,37,50,68,25,4
0,50,31,67,82,36,67,81,10,4
7,70,25,61,95,25,0,76,25,4
1,0,12,51,106,23,50,6,6,4
0,0,26,51,100,27,51,89,28,4
14,50,27,71,78,30,64,78,27,4
29,50,25,79,59,31,51,56,25,4
25,54,25,83,54,32,57,51,0,4
12,56,34,71,58,35,68,50,6,4
1,53,34,64,66,34,62,70,26,4
1,51,31,64,83,31,0,25,6,4
1,50,25,68,82,31,51,0,6,4
9,50,31,74,76,37,62,76,31,4
25,56,38,75,57,44,75,57,25,4
28,0,42,78,43,42,79,0,0,4
25,43,0,75,44,40,75,37,3,4
18,51,37,69,54,43,62,51,0,4
14,50,46,64,54,48,52,54,40,4
12,51,1,70,52,51,51,50,50,4
25,51,50,77,51,55,3,0,55,4
31,53,53,85,59,53,53,59,53,4
34,53,50,85,55,50,50,50,0,4
25,12,50,83,46,53,75,0,53,4
37,9,53,87,35,53,75,3,53,4
50,3,0,82,41,47,75,43,38,4
50,53,44,73,53,44,64,0,37,4
50,56,37,68,56,37,68,50,37,4
52,50,25,67,51,34,50,51,34,4
25,50,43,75,56,43,50,56,18,4
31,60,0,82,62,51,83,11,0,4
34,50,39,85,51,39,34,50,25,4
37,50,34,87,51,36,62,50,29,4
34,50,1,86,59,46,84,59,20,4
35,50,46,87,64,47,60,1,16,4
32,67,38,83,67,41,75,69,3,4
16,66,28,66,66,36,63,0,6,4
52,57,27,55,60,30,55,50,5,4
51,50,25,54,54,29,54,50,0,4
50,56,30,68,59,30,54,53,0,4
25,50,33,81,68,36,0,57,39,4
27,77,37,90,77,47,50,75,37,4
42,76,35,92,76,48,51,75,32,4
50,75,40,80,75,41,29,50,25,4
50,66,28,70,66,29,62,50,3,4
51,52,12,64,58,24,50,50,16,4
59,50,3,61,50,22,50,50,13,4
50,60,12,77,62,23,1,6,3,4
32,56,25,82,61,31,50,60,25,4
100,51,37,100,55,43,100,52,18,4
42,25,37,99,47,45,69,43,0,4
43,51,37,93,51,39,87,0,26,4
34,53,37,84,62,37,6,11,0,4
19,51,0,72,58,45,62,8,45,4
53,7,50,74,44,50,58,38,50,4
25,0,43,76,40,43,76,25,39,4
23,0,28,74,41,36,71,41,25,4
19,50,40,69,50,41,57,50,41,4
51,50,39,70,50,45,57,50,37,4
28,50,2,78,50,52,50,50,2,4
103,50,50,105,63,52,102,66,52,4
37,59,37,92,61,39,65,1,39,4
26,54,3,82,55,29,25,0,25,4
50,12,1,76,47,39,76,22,26,4
31,19,38,81,44,38,50,6,25,4
32,50,37,82,55,37,51,58,28,4
51,57,34,76,58,49,25,1,29,4
30,51,6,87,54,56,36,50,6,4
50,4,3,88,42,53,75,4,3,4
3,56,26,66,56,27,16,56,26,4
0,52,0,66,64,37,68,69,28,4
20,57,0,70,58,50,14,58,0,4
33,12,43,87,44,44,79,19,37,4
31,13,6,81,49,58,50,35,6,4
25,56,0,77,56,51,76,50,0,4
5,62,40,61,66,40,3,3,3,4
7,57,37,58,58,41,50,51,12,4
12,58,43,62,61,45,62,57,20,4
7,56,0,58,56,50,58,50,0,4
50,51,25,61,55,42,51,54,0,4
12,68,26,71,69,33,21,55,25,4
1,76,25,76,89,38,25,64,25,4
25,82,37,75,98,47,75,0,18,4
12,51,37,69,76,49,56,76,37,4
13,51,25,67,58,41,67,51,29,4
18,56,29,71,56,30,50,54,26,4
13,50,25,66,52,32,65,0,1,4
19,50,28,70,50,42,51,50,1,4
25,52,28,76,52,40,51,52,12,4
20,56,37,74,56,42,1,6,28,4
39,75,3,89,78,49,84,78,4,4
31,50,39,82,71,39,76,20,25,4
25,54,51,78,55,51,50,50,1,4
34,12,1,87,38,51,77,38,0,4
31,5,44,82,30,46,51,28,40,4
15,6,45,74,46,48,71,50,30,4
12,58,42,67,58,48,65,57,23,4
12,51,37,69,51,44,68,1,0,4
53,50,31,80,51,45,29,1,14,4
50,51,25,89,51,31,39,50,6,4
100,51,15,100,58,21,7,50,0,4
101,75,33,101,75,33,101,75,1,4
25,50,25,78,58,37,53,51,8,4
50,14,14,69,43,39,0,17,27,4
50,50,37,77,51,37,2,1,12,4
50,53,32,68,60,35,3,60,6,4
12,51,31,67,57,35,51,57,0,4
22,50,0,74,50,50,55,50,0,4
101,50,0,102,54,50,101,1,50,4
100,56,39,101,68,40,1,18,25,4
12,64,28,74,67,30,50,63,6,4
0,62,41,58,68,41,50,68,0,4
12,62,40,65,66,47,51,62,0,4
25,55,31,75,55,44,75,0,0,4
14,53,25,68,53,41,55,53,3,4
12,57,32,62,58,36,59,59,25,4
12,59,30,65,59,36,63,59,30,4
19,62,28,71,62,35,56,62,3,4
28,75,37,80,79,39,28,79,14,4
25,81,2,78,94,52,50,81,1,4
6,53,1,71,78,51,68,75,0,4
7,61,31,61,62,44,51,52,25,4
12,59,32,62,59,33,62,59,7,4
0,52,33,60,64,33,53,50,0,4
12,59,26,64,60,40,51,50,13,4
14,56,29,70,56,42,66,56,14,4
14,63,28,73,63,42,15,0,42,4
14,50,28,73,75,41,8,0,40,4
10,76,33,72,76,37,66,76,11,4
6,52,40,69,77,40,50,0,15,4
26,51,48,76,64,49,53,56,0,4
28,12,1,90,41,51,62,38,1,4
28,1,40,78,38,47,78,38,9,4
12,4,37,69,48,43,51,37,43,4
3,54,37,62,55,47,57,50,28,4
1,50,34,61,55,46,62,56,21,4
25,62,37,75,63,43,25,13,6,4
30,50,30,80,69,42,78,0,5,4
28,50,46,85,68,46,60,0,32,4
25,50,50,82,50,58,56,50,56,4
31,1,4,85,39,55,81,41,53,4
21,6,31,74,45,43,7,1,37,4
13,56,28,66,56,34,0,0,34,4
7,56,34,60,58,34,57,51,34,4
12,51,37,70,52,42,51,51,13,4
28,50,0,84,51,51,85,0,0,4
43,24,41,93,49,42,56,39,29,4
37,50,25,89,55,32,62,53,6,4
25,56,25,82,70,31,75,0,0,4
26,81,25,77,81,36,77,0,3,4
19,53,34,71,72,36,50,62,4,4
22,50,27,74,64,39,58,64,12,4
19,57,25,69,62,38,63,56,25,4
19,56,28,71,60,36,50,53,32,4
18,56,26,69,59,33,62,56,0,4
18,62,25,70,62,33,66,0,2,4
25,53,26,75,72,30,75,62,1,4
25,81,25,75,83,37,75,75,25,4
11,82,37,73,82,46,62,75,34,4
25,50,39,81,65,46,56,65,27,4
29,56,35,79,56,35,53,56,25,4
20,50,32,71,53,32,51,53,25,4
19,51,36,69,58,36,50,50,28,4
18,50,31,68,54,36,56,50,0,4
17,52,25,73,55,37,56,52,12,4
26,64,30,76,64,42,75,12,13,4
31,75,43,82,78,48,75,78,35,4
25,50,26,76,71,35,50,0,6,4
25,62,43,75,65,43,75,65,18,4
25,6,44,81,45,48,75,0,48,4
25,0,37,81,37,45,54,26,1,4
16,6,40,72,48,47,56,46,37,4
12,58,41,68,58,47,68,56,28,4
15,53,38,66,54,44,53,0,12,4
15,51,31,71,51,43,65,51,25,4
15,50,40,75,56,48,0,0,10,4
27,50,43,86,57,46,57,50,0,4
37,52,44,91,55,44,62,50,0,4
38,21,48,88,49,49,75,44,40,4
25,19,39,79,49,45,0,21,26,4
16,53,41,73,59,42,59,6,26,4
19,51,38,69,55,40,69,51,37,4
22,13,27,74,49,39,56,35,2,4
25,14,27,76,45,42,51,32,25,4
26,51,31,82,51,44,75,0,43,4
32,52,25,94,69,36,87,0,35,4
13,67,37,68,67,37,65,0,0,4
18,53,37,69,61,42,68,6,0,4
13,52,39,73,58,46,56,57,45,4
12,50,37,68,58,44,50,57,6,4
12,50,37,68,59,41,68,53,25,4
14,50,37,70,57,39,51,50,26,4
20,50,25,70,53,38,64,53,37,4
19,63,33,71,64,36,51,2,28,4
25,81,37,78,84,41,53,78,25,4
25,81,37,75,87,44,50,85,32,4
14,69,33,70,70,46,70,64,33,4
15,62,26,71,63,39,71,63,26,4
16,64,31,66,64,32,53,63,7,4
0,62,31,62,69,36,50,63,4,4
13,64,25,66,68,39,50,62,2,4
15,52,25,72,61,39,56,54,1,4
19,50,33,74,58,37,55,58,6,4
18,62,34,71,64,35,9,14,9,4
26,75,39,78,76,41,53,76,15,4
31,53,42,82,72,42,81,0,17,4
27,51,39,83,52,42,50,50,14,4
32,12,47,83,40,47,57,40,6,4
25,6,45,77,43,48,76,43,0,4
14,6,39,69,49,45,69,0,1,4
12,6,38,68,47,44,56,43,32,4
25,6,39,75,43,45,75,37,20,4
27,12,38,80,46,49,75,39,27,4
25,50,3,82,55,53,31,3,50,4
35,50,1,85,64,52,53,64,2,4
35,50,45,87,58,49,0,7,1,4
26,20,46,86,49,46,76,47,40,4
25,16,37,77,48,43,76,7,43,4
18,51,41,74,54,43,68,51,38,4
18,53,41,73,55,43,70,3,39,4
25,50,38,75,50,39,0,0,26,4
21,50,25,72,50,38,69,50,25,4
15,51,25,74,58,40,70,57,2,4
25,63,28,76,63,43,50,50,3,4
38,50,37,91,64,39,16,50,12,4
37,50,32,93,62,32,81,0,32,4
26,50,28,77,64,30,77,64,25,4
19,68,27,69,69,30,62,0,5,4
15,68,25,65,70,30,62,64,3,4
17,68,37,68,69,40,62,69,12,4
19,62,41,71,65,47,56,64,9,4
25,53,37,76,60,43,50,57,12,4
18,53,30,71,60,42,65,57,41,4
19,50,28,69,53,40,62,53,15,4
25,53,32,77,55,33,51,0,1,4
25,56,35,81,74,35,75,70,9,4
7,76,39,71,82,42,64,75,30,4
16,51,38,68,76,47,16,75,28,4
25,66,37,75,66,44,50,53,37,4
12,51,35,71,60,34,51,50,28,4
16,50,33,66,62,33,65,52,8,4
14,50,25,65,61,37,50,58,12,4
14,61,28,71,61,41,71,61,3,4
15,50,25,71,60,39,71,56,38,4
25,68,41,79,70,43,28,12,41,4
25,70,25,76,71,39,0,0,26,4
25,64,26,75,64,33,50,52,6,4
26,54,38,80,54,43,56,53,12,4
26,12,41,82,42,49,75,38,9,4
28,12,38,80,46,49,80,0,48,4
16,50,40,73,53,46,59,53,40,4
12,50,40,69,58,41,62,58,28,4
20,50,39,70,52,42,65,50,42,4
25,12,39,76,48,49,75,45,28,4
31,20,43,85,48,49,9,32,25,4
29,50,0,92,56,50,80,0,0,4
25,54,42,90,54,43,0,4,40,4
31,18,43,84,45,43,81,0,37,4
29,12,46,79,46,48,76,46,44,4
26,50,42,80,51,48,75,51,48,4
25,11,38,76,49,44,76,47,44,4
25,13,38,75,44,38,75,7,25,4
30,50,37,80,50,39,54,53,39,4
25,55,26,75,61,39,50,59,1,4
23,50,28,73,63,41,23,50,37,4
45,52,29,95,55,36,56,55,34,4
100,56,25,106,57,31,106,0,0,4
33,51,37,83,60,38,56,50,36,4
19,62,25,70,64,30,64,62,3,4
17,64,10,67,64,24,67,1,0,4
3,59,28,60,60,30,0,6,3,4
12,63,38,70,63,38,0,0,0,4
25,63,37,78,63,40,76,62,1,4
50,50,39,71,71,42,56,68,14,4
19,74,32,70,74,45,12,67,12,4
25,59,37,76,60,37,25,57,25,4
37,54,29,88,61,37,62,53,11,4
26,64,37,79,67,42,28,56,41,4
14,66,37,74,73,40,55,57,28,4
12,56,38,69,68,40,56,62,2,4
3,55,38,65,68,41,62,65,0,4
6,15,35,60,65,35,60,1,25,4
1,50,26,58,75,30,58,0,27,4
29,50,29,49,77,29,25,75,29,4
25,25,25,48,75,28,44,0,3,4
0,50,28,61,76,34,51,0,3,4
23,50,39,73,75,46,73,0,19,4
25,62,37,75,74,46,66,75,25,4
6,57,40,68,73,48,50,64,13,4
7,50,37,57,68,40,56,56,12,4
6,50,34,60,71,36,53,0,28,4
6,50,25,56,66,37,50,0,35,4
0,50,25,65,75,32,64,75,6,4
5,50,27,55,64,33,50,64,26,4
0,14,37,67,64,39,3,14,39,4
0,51,37,63,76,37,63,75,0,4
6,1,28,62,101,28,51,0,0,4
0,69,31,53,99,31,50,97,6,4
0,54,29,65,85,37,65,0,0,4
26,62,38,76,69,38,75,0,37,4
16,62,25,74,71,34,71,68,6,4
12,53,25,64,67,28,62,66,28,4
12,51,28,66,64,29,4,0,0,4
6,50,34,70,62,35,51,62,28,4
13,57,25,71,62,31,6,5,25,4
25,55,32,75,67,35,50,54,1,4
25,52,44,75,62,48,75,55,37,4
28,10,7,85,47,57,75,25,7,4
25,66,34,75,67,35,75,1,34,4
12,66,37,68,73,37,0,12,37,4
19,62,41,69,66,41,62,62,0,4
18,50,39,69,57,40,0,6,37,4
50,50,35,64,58,35,51,56,35,4
31,75,28,82,84,36,56,84,36,4
23,79,40,74,78,42,59,75,42,4
50,50,37,75,69,39,50,57,26,4
50,56,37,75,58,37,75,57,12,4
19,50,28,69,52,40,51,50,40,4
25,51,37,80,56,47,29,6,12,4
26,50,35,89,60,47,1,3,46,4
34,57,25,84,57,33,75,0,0,4
19,56,32,74,56,36,56,6,0,4
25,52,39,76,55,46,50,55,7,4
25,56,0,81,57,53,31,7,3,4
28,56,1,78,61,52,50,11,0,4
14,50,28,71,56,41,51,50,16,4
12,56,38,63,56,41,62,50,1,4
13,53,31,71,53,44,52,0,12,4
25,50,37,80,58,41,3,0,28,4
31,65,46,83,66,49,57,0,49,4
28,57,39,78,58,40,50,50,1,4
14,50,37,74,58,39,51,53,12,4
12,62,41,71,62,48,51,62,19,4
12,62,39,67,67,48,55,64,21,4
14,52,37,64,64,47,64,50,25,4
13,50,38,69,59,38,68,50,25,4
16,57,26,67,57,37,64,50,25,4
12,50,26,65,58,43,51,50,26,4
15,50,28,65,76,40,62,76,0,4
7,75,26,69,85,39,6,0,13,4
4,75,26,66,82,39,54,81,14,4
12,71,28,68,74,41,68,59,38,4
12,66,31,69,66,43,50,65,31,4
12,62,28,70,64,41,68,62,16,4
12,50,28,66,62,41,50,62,25,4
6,61,32,69,62,45,62,53,18,4
13,50,30,72,61,43,56,61,14,4
41,12,0,91,41,55,87,0,0,4
39,12,3,89,44,53,87,43,0,4
12,50,38,69,50,47,50,50,10,4
4,50,37,61,51,43,56,50,39,4
12,53,38,70,53,44,58,53,25,4
25,50,0,75,53,50,0,0,50,4
25,50,37,76,57,48,76,57,29,4
25,50,0,82,64,50,57,12,0,4
25,51,50,89,63,50,89,6,0,4
37,20,0,89,48,43,0,12,37,4
25,12,49,75,44,49,0,13,38,4
16,51,44,72,52,48,66,2,41,4
15,50,38,72,58,46,69,50,31,4
18,53,39,68,55,48,55,50,44,4
15,50,32,66,50,44,0,0,44,4
13,51,26,67,54,42,64,54,40,4
25,50,0,75,57,52,50,57,0,4
14,55,38,73,55,42,69,50,28,4
15,57,41,65,57,41,65,57,25,4
6,59,28,60,60,41,0,4,0,4
12,62,37,64,72,40,0,69,28,4
12,69,28,68,73,41,18,10,0,4
1,71,40,68,72,48,56,56,30,4
7,62,6,71,70,58,70,62,7,4
3,50,3,71,62,54,71,62,4,4
0,50,37,62,57,46,62,50,28,4
0,53,38,58,60,38,50,56,13,4
3,50,38,60,64,39,54,50,0,4
12,57,38,64,61,48,62,50,15,4
16,62,1,74,62,51,6,12,51,4
32,76,39,82,77,48,82,75,48,4
13,75,31,71,77,34,12,2,0,4
12,63,31,64,63,32,53,0,31,4
14,50,37,71,53,38,64,50,26,4
25,8,37,80,46,46,54,27,12,4
30,50,3,80,50,53,28,50,53,4
25,50,4,75,52,55,25,51,4,4
25,54,4,75,55,54,74,57,54,4
14,52,0,70,55,50,0,3,50,4
14,53,40,70,53,41,7,3,37,4
16,51,29,72,60,37,9,4,5,4
15,62,29,67,62,43,14,0,42,4
25,66,0,75,67,53,78,18,0,4
26,50,9,93,63,61,78,0,53,4
26,53,1,88,51,51,88,1,50,4
6,6,39,71,46,45,64,46,0,4
13,52,37,65,52,43,51,50,43,4
12,56,30,66,56,43,53,56,39,4
13,59,37,68,61,46,3,3,44,4
16,58,31,66,57,43,53,50,1,4
12,50,26,68,60,39,52,59,12,4
25,70,39,76,73,45,51,50,31,4
26,50,39,83,69,43,84,0,42,4
26,65,39,77,67,39,75,62,14,4
15,64,29,63,71,42,62,64,17,4
10,62,34,60,67,47,56,55,21,4
25,62,0,75,64,53,0,14,0,4
26,51,41,79,55,47,52,53,13,4
16,50,26,68,53,37,66,53,35,4
12,51,37,64,60,44,64,51,18,4
12,55,29,65,55,42,52,50,28,4
18,51,28,70,58,42,68,6,3,4
25,51,26,75,71,42,50,57,15,4
10,76,34,74,80,36,59,76,32,4
13,75,30,69,77,42,62,77,40,4
11,72,32,73,72,44,72,69,25,4
14,62,25,71,62,40,50,62,25,4
15,50,34,66,60,37,67,56,0,4
12,56,31,63,56,36,51,56,25,4
7,50,25,69,57,40,0,7,28,4
26,68,32,77,69,46,75,56,7,4
27,69,32,77,69,36,75,0,9,4
25,75,38,75,75,39,70,75,12,4
26,62,37,76,64,44,75,0,7,4
25,51,36,77,51,49,52,50,10,4
25,9,35,75,46,48,0,0,6,4
13,10,28,71,49,40,58,46,40,4
12,50,41,70,64,41,62,62,41,4
3,62,42,59,70,43,50,6,3,4
13,50,39,63,64,42,50,50,25,4
12,53,25,62,53,37,62,50,12,4
17,53,11,74,59,36,67,56,30,4
12,52,25,62,67,39,50,67,37,4
6,81,37,75,84,46,25,75,18,4
31,76,37,81,80,46,56,76,28,4
12,61,28,66,60,41,50,50,12,4
15,51,25,66,58,39,53,51,1,4
18,50,37,68,58,40,62,50,25,4
31,53,25,85,60,32,59,60,7,4
25,50,39,77,63,39,77,63,0,4
25,64,47,76,63,50,75,12,0,4
28,50,37,78,54,48,0,51,25,4
23,50,38,73,53,38,60,50,13,4
18,51,26,68,52,33,50,51,8,4
18,56,41,70,60,41,20,57,37,4
26,58,4,79,61,57,78,53,0,4
31,57,0,85,58,51,60,1,0,4
50,56,41,75,58,41,50,58,37,4
18,50,27,73,63,33,70,63,26,4
12,69,37,62,69,42,50,50,29,4
14,63,43,71,69,48,56,62,43,4
12,67,41,72,67,49,68,54,42,4
14,51,37,71,58,44,63,56,25,4
19,50,40,69,55,41,68,50,17,4
14,59,40,68,59,42,51,50,15,4
13,57,37,68,58,46,55,50,12,4
14,62,37,74,64,44,19,50,0,4
25,68,40,75,69,40,75,69,25,4
13,66,40,69,66,40,63,66,25,4
25,50,43,75,57,49,50,50,14,4
25,9,40,82,46,49,56,18,25,4
28,3,0,80,42,50,51,37,50,4
20,50,41,71,51,41,0,1,4,4
22,50,44,72,50,46,55,52,47,4
28,14,3,85,39,53,85,0,50,4
25,10,37,75,49,44,75,43,37,4
19,50,27,69,55,40,56,56,39,4
12,56,34,63,56,37,0,56,36,4
15,51,28,69,62,42,68,50,1,4
15,51,32,74,58,44,65,0,7,4
25,50,31,80,65,43,4,12,37,4
31,56,37,84,74,41,8,21,39,4
25,51,28,80,70,35,76,7,31,4
12,63,38,69,65,42,69,62,14,4
19,78,25,69,80,37,51,76,38,4
0,59,26,69,84,39,63,78,26,4
0,67,25,63,73,44,63,64,32,4
0,62,25,62,71,46,50,64,38,4
0,56,28,60,68,36,59,56,25,4
1,50,26,57,63,32,50,62,0,4
0,62,25,62,62,34,50,50,3,4
7,69,28,73,75,44,13,25,18,4
12,68,28,68,70,40,62,70,12,4
14,50,25,73,72,28,61,66,3,4
25,50,41,75,72,41,75,1,25,4
37,50,2,89,53,55,64,50,5,4
37,12,0,91,41,49,65,41,19,4
25,14,39,77,42,43,76,42,13,4
16,10,26,66,47,39,50,38,0,4
15,50,37,67,52,40,56,53,38,4
19,50,32,70,56,48,64,56,42,4
32,64,0,83,65,50,26,12,0,4
31,50,32,83,62,46,77,0,0,4
28,57,37,80,57,43,5,6,43,4
25,50,0,84,53,50,56,50,51,4
25,14,0,80,45,50,76,44,0,4
25,15,0,77,48,50,76,38,0,4
25,14,39,75,48,46,75,0,0,4
18,13,26,71,49,39,56,34,14,4
21,14,25,74,49,40,70,36,13,4
26,50,29,76,52,42,75,1,25,4
26,51,40,89,62,47,76,8,0,4
25,50,37,88,62,37,12,0,37,4
12,69,25,69,69,34,56,62,9,4
4,66,37,61,66,40,50,50,3,4
14,66,0,73,66,50,62,62,0,4
25,50,35,76,58,48,75,57,14,4
16,50,37,73,57,43,73,51,25,4
12,53,25,69,59,35,18,56,25,4
15,50,38,71,57,39,59,57,37,4
25,51,29,75,58,42,75,50,4,4
14,70,25,71,73,37,50,73,9,4
5,76,35,67,89,35,55,87,6,4
0,75,26,59,82,39,56,82,37,4
6,68,32,69,70,44,62,62,25,4
27,53,28,77,59,40,51,50,12,4
12,53,31,67,61,36,50,57,11,4
12,65,25,62,68,38,62,66,0,4
12,64,28,63,67,35,63,64,3,4
13,66,31,65,66,32,62,53,3,4
25,68,39,77,68,40,0,12,25,4
31,50,28,83,69,41,76,63,12,4
28,50,28,78,67,40,75,0,28,4
25,56,30,75,60,42,50,56,16,4
25,51,37,76,52,41,51,50,0,4
26,50,31,76,50,45,51,50,39,4
12,50,32,71,55,45,62,53,26,4
12,50,29,71,56,42,51,0,30,4
12,50,29,71,57,43,65,57,17,4
13,53,31,74,60,44,75,9,18,4
31,62,32,81,62,44,81,0,44,4
32,57,39,83,57,45,82,0,45,4
25,50,40,83,50,46,76,0,43,4
25,12,37,78,45,46,75,45,43,4
28,51,40,80,51,48,54,54,21,4
25,53,38,75,59,47,50,59,35,4
14,51,28,73,57,42,0,0,1,4
16,51,28,74,54,40,60,50,25,4
16,50,25,73,50,38,57,50,0,4
15,54,28,74,55,42,75,50,12,4
25,50,0,88,67,50,75,65,0,4
31,50,40,85,64,42,7,1,40,4
15,57,38,74,62,38,57,56,12,4
12,64,26,69,65,36,57,0,1,4
13,63,37,66,66,42,50,64,3,4
12,62,38,69,62,46,57,62,19,4
25,53,39,75,59,42,50,59,30,4
16,51,37,73,54,41,72,53,25,4
18,51,39,69,54,42,63,53,28,4
12,62,38,70,68,39,62,65,25,4
10,50,34,60,78,34,51,78,28,4
6,57,28,58,83,41,56,82,41,4
9,64,34,60,74,48,50,71,23,4
9,64,34,73,64,46,53,50,18,4
6,62,25,69,64,41,16,63,26,4
2,65,37,64,67,41,64,67,12,4
13,50,26,68,59,33,0,6,26,4
25,52,38,77,52,38,51,52,13,4
35,14,38,85,46,46,34,19,3,4
25,12,0,85,45,58,53,32,58,4
26,14,0,80,49,54,78,3,53,4
14,50,40,74,53,46,17,3,46,4
12,52,37,69,52,38,56,50,26,4
28,53,45,91,60,45,0,0,0,4
26,51,37,83,51,38,6,1,38,4
25,16,37,76,47,39,75,42,37,4
26,56,34,77,56,46,77,56,0,4
25,57,38,76,62,47,1,5,47,4
25,50,37,75,57,43,75,0,43,4
17,53,25,73,55,37,1,53,0,4
18,50,31,70,58,33,0,59,33,4
12,53,25,64,60,35,51,50,0,4
12,65,28,70,66,40,57,66,15,4
26,50,37,80,69,39,55,7,37,4
25,52,25,84,68,35,0,5,6,4
6,62,37,72,66,40,62,55,16,4
7,64,0,69,70,53,63,56,0,4
8,63,35,72,68,46,65,0,21,4
3,62,32,67,64,35,51,62,29,4
1,50,32,61,62,32,51,50,25,4
6,56,25,56,59,33,50,50,25,4
3,57,7,55,57,32,3,0,32,4
0,70,2,70,76,34,18,51,3,4
0,86,25,76,99,37,50,3,12,4
21,75,12,72,93,37,65,87,25,4
3,76,12,65,79,37,65,79,37,4
1,75,7,70,81,33,57,75,27,4
0,69,3,64,71,29,51,51,26,4
12,62,25,63,65,33,62,65,6,4
14,58,25,64,58,34,51,58,6,4
13,50,8,69,59,33,56,50,0,4
15,66,7,68,66,33,16,12,25,4
28,83,26,80,87,33,3,0,0,4
25,75,25,76,86,28,75,81,3,4
13,50,25,72,62,30,72,62,1,4
12,51,28,69,58,42,50,57,3,4
28,59,45,81,62,49,81,0,14,4
25,53,41,88,53,42,87,0,17,4
33,56,37,87,57,38,62,57,0,4
28,62,40,78,64,41,78,0,25,4
25,65,38,75,66,44,75,0,19,4
16,54,30,72,61,42,60,55,17,4
12,51,37,70,60,38,70,1,0,4
15,64,34,66,65,36,62,65,3,4
12,63,32,62,64,35,50,63,6,4
16,63,25,67,63,37,64,50,25,4
12,63,31,72,68,38,68,12,38,4
12,72,28,70,72,41,50,65,37,4
6,75,25,73,79,38,56,78,13,4
1,76,25,67,83,41,17,81,25,4
10,56,25,62,82,41,55,76,37,4
0,50,26,62,75,38,60,75,25,4
2,62,28,64,70,34,64,62,28,4
3,63,31,65,66,36,53,65,28,4
4,63,25,68,63,38,50,62,13,4
8,50,25,71,61,38,56,57,0,4
12,50,31,67,60,35,54,50,9,4
16,53,25,68,60,38,66,60,0,4
33,50,47,83,73,47,31,59,9,4
31,50,40,82,74,42,6,6,14,4
14,62,28,70,66,34,58,62,25,4
15,50,37,75,55,40,50,51,3,4
25,6,37,82,44,45,50,31,39,4
35,6,1,86,44,55,53,25,53,4
25,50,3,76,50,53,75,50,53,4
13,50,38,71,52,44,69,1,25,4
8,50,37,71,55,41,71,51,37,4
25,62,37,75,62,47,25,12,40,4
29,57,31,79,60,45,75,54,1,4
28,52,40,80,55,47,26,5,0,4
25,50,0,89,53,51,75,3,51,4
28,50,43,78,52,43,75,1,37,4
14,53,41,71,55,42,64,54,39,4
18,50,37,72,57,45,56,56,31,4
17,50,37,74,53,46,66,53,0,4
25,50,40,75,50,46,0,0,40,4
25,51,39,76,56,41,76,50,0,4
19,50,25,72,58,37,59,57,0,4
12,62,25,70,62,39,57,62,14,4
25,50,38,80,68,46,75,0,40,4
31,64,38,78,65,38,78,64,0,4
15,64,38,66,64,38,50,64,12,4
4,62,39,60,69,42,60,69,1,4
12,63,34,63,63,47,50,62,12,4
7,50,31,70,60,45,51,51,18,4
6,62,30,70,64,42,70,62,28,4
13,51,30,69,61,42,63,58,28,4
13,50,31,68,60,43,66,57,25,4
0,68,25,65,69,42,0,0,37,4
7,50,29,60,78,42,57,75,17,4
6,50,25,60,79,37,9,76,25,4
0,55,31,64,80,44,50,80,31,4
1,65,31,67,71,45,50,62,31,4
3,62,25,66,67,41,65,55,25,4
7,56,26,60,69,39,53,62,26,4
0,56,25,64,69,40,64,62,12,4
3,50,25,66,64,41,53,64,12,4
12,51,25,69,58,37,50,51,12,4
6,63,26,69,69,39,63,56,0,4
7,50,39,71,75,49,0,25,14,4
31,50,0,80,75,49,75,75,22,4
9,65,25,71,66,31,6,0,0,4
14,53,38,67,53,38,51,50,1,4
28,6,44,78,46,49,53,40,6,4
30,0,1,80,43,55,79,43,0,4
25,51,0,75,51,56,59,53,51,4
14,56,43,67,57,46,50,57,25,4
12,63,39,66,64,39,53,64,1,4
12,62,36,65,62,36,53,62,5,4
17,52,28,67,62,42,64,57,29,4
13,62,31,74,62,44,72,62,31,4
26,64,32,76,67,45,25,67,0,4
12,70,25,73,70,40,71,68,15,4
6,50,31,67,76,33,52,76,26,4
9,50,31,60,77,34,50,75,34,4
9,53,25,60,79,41,50,78,28,4
0,62,25,64,73,44,64,59,31,4
1,54,33,67,66,46,64,53,25,4
0,60,28,66,62,42,50,51,12,4
3,50,28,66,62,42,50,62,1,4
12,51,28,63,65,40,50,51,3,4
12,67,25,62,73,38,62,8,25,4
7,57,44,74,85,46,74,7,0,4
8,50,37,71,75,39,0,15,0,4
14,57,28,64,57,28,64,57,3,4
12,53,25,62,56,39,62,56,39,4
12,56,32,70,57,49,58,51,4,4
32,57,0,85,60,55,4,7,5,4
26,69,0,94,69,50,17,6,6,4
25,62,26,77,63,26,50,63,0,4
15,64,25,64,64,34,50,62,6,4
12,62,37,66,68,46,0,0,8,4
12,66,39,72,67,49,56,64,8,4
16,62,37,73,62,45,56,62,20,4
17,60,37,67,60,41,51,53,16,4
12,58,26,63,58,39,50,51,25,4
15,52,37,67,64,44,50,50,25,4
9,68,25,72,68,39,62,62,26,4
26,75,37,77,78,37,51,80,13,4
1,53,38,67,80,44,64,79,31,4
0,65,38,63,73,49,50,59,40,4
13,54,34,64,67,47,63,62,31,4
12,50,34,62,64,35,62,51,6,4
0,52,34,59,64,35,51,62,3,4
0,56,28,63,69,41,50,68,16,4
7,64,37,71,71,43,63,1,0,4
13,64,30,63,71,42,50,63,25,4
16,65,25,66,64,38,65,50,13,4
16,54,31,67,60,35,51,50,25,4
17,66,25,68,66,39,67,53,14,4
8,76,25,71,80,37,63,75,25,4
6,75,31,71,80,47,65,80,40,4
9,69,32,73,71,48,64,56,40,4
12,64,27,72,64,40,53,64,25,4
15,64,36,65,64,36,50,62,1,4
12,52,25,62,65,37,62,64,0,4
12,50,28,66,61,41,66,53,12,4
7,59,25,70,59,40,50,59,3,4
12,50,26,72,61,39,16,9,37,4
10,66,25,73,67,35,23,14,0,4
12,70,26,71,70,35,70,0,10,4
25,56,42,78,58,44,50,58,19,4
37,13,4,90,44,54,65,32,0,4
37,12,0,93,39,50,81,37,0,4
26,12,39,79,44,46,75,0,44,4
25,15,42,75,49,42,75,47,37,4
21,50,37,72,51,41,53,50,38,4
25,51,32,75,52,45,75,50,39,4
37,57,0,87,57,50,12,0,0,4
38,53,37,88,59,44,87,3,43,4
25,50,38,79,54,38,4,0,38,4
31,50,40,82,49,42,57,40,39,4
29,20,39,80,48,42,76,1,30,4
26,50,34,76,53,47,51,50,43,4
26,56,37,76,56,42,75,56,0,4
25,50,34,77,50,36,75,50,11,4
25,20,28,79,49,36,75,30,26,4
26,19,32,80,49,36,53,32,31,4
41,50,37,91,58,37,63,8,37,4
39,56,32,92,69,32,89,0,6,4
18,56,25,73,69,25,70,0,0,4
18,51,32,70,71,35,64,71,0,4
16,50,31,74,71,35,65,71,9,4
18,64,28,72,64,35,0,64,4,4
19,58,25,69,61,33,50,56,8,4
13,68,25,69,69,35,63,56,28,4
14,69,25,70,68,40,56,50,0,4
13,63,25,74,65,37,56,64,37,4
16,68,3,68,68,30,67,62,25,4
9,81,28,73,82,30,61,81,5,4
0,75,28,66,88,34,66,87,31,4
12,72,26,66,72,33,67,62,25,4
13,53,25,73,59,35,53,50,9,4
8,62,25,70,62,38,50,62,12,4
6,66,25,71,66,40,69,62,0,4
7,65,30,70,65,37,62,53,3,4
25,62,31,75,64,36,75,1,1,4
17,64,28,66,64,35,50,62,6,4
18,64,31,72,65,46,63,51,32,4
33,62,37,83,62,46,58,62,12,4
27,50,39,90,60,42,3,4,0,4
26,56,25,77,59,34,77,56,6,4
12,62,35,69,65,37,56,62,12,4
13,65,39,68,67,42,68,67,12,4
13,62,37,71,62,49,69,0,13,4
12,59,34,71,60,47,69,51,19,4
12,58,30,68,58,37,68,57,26,4
12,60,28,64,60,29,50,51,25,4
0,65,25,62,67,33,62,66,25,4
1,76,11,70,80,36,68,79,9,4
12,64,29,70,64,35,1,64,25,4
13,66,31,68,66,31,51,63,0,4
14,53,28,64,61,35,63,58,0,4
12,65,28,71,66,41,62,62,1,4
12,72,27,74,73,39,71,16,0,4
25,75,28,76,82,40,76,81,12,4
11,50,27,74,69,27,71,0,0,4
14,56,26,71,61,30,53,53,0,4
26,50,39,76,57,45,75,57,14,4
25,50,1,82,55,51,76,54,0,4
25,50,39,78,50,48,78,50,6,4
18,7,41,70,48,41,58,40,41,4
12,9,41,69,49,41,69,50,42,4
26,54,25,76,67,36,75,64,25,4
25,50,31,75,69,34,75,62,9,4
27,61,25,77,74,32,0,72,6,4
12,65,25,72,73,31,66,73,6,4
0,50,2,62,77,23,57,75,16,4
0,53,3,50,80,22,50,79,3,4
5,50,29,55,90,30,51,87,2,4
3,53,37,61,86,38,0,53,38,4
0,50,37,69,78,39,62,78,26,4
7,50,37,67,76,41,62,76,26,4
0,50,38,57,75,38,50,75,26,4
6,50,25,56,75,36,56,75,5,4
1,19,25,55,69,32,51,69,7,4
0,24,25,58,74,33,58,72,2,4
0,28,35,51,80,35,50,76,0,4
31,25,32,46,80,32,18,76,1,4
0,27,26,50,77,32,0,25,31,4
15,56,37,66,83,37,66,2,37,4
24,53,42,74,72,42,70,0,3,4
19,14,0,71,65,51,13,52,0,4
0,51,2,67,71,52,50,65,2,4
5,25,39,55,75,45,50,75,14,4
0,25,37,52,76,37,51,75,12,4
18,28,26,44,80,30,31,3,27,4
19,31,32,45,84,32,14,78,1,4
25,28,32,44,84,35,25,75,0,4
25,31,26,42,82,33,37,1,8,4
0,50,26,58,92,36,56,78,2,4
15,53,25,68,78,29,64,78,0,4
0,50,34,62,75,35,53,0,5,4
3,50,25,55,94,37,52,75,12,4
25,38,25,41,89,36,26,88,10,4
25,26,26,49,80,37,33,0,3,4
7,12,25,57,69,37,56,6,7,4
12,25,26,62,77,40,57,79,4,4
25,28,25,44,78,38,25,78,0,4
14,25,26,40,79,33,12,75,0,4
12,39,34,46,89,35,39,1,32,4
8,43,25,49,93,41,20,81,13,4
25,50,33,77,57,49,0,57,17,4
12,51,37,71,60,44,3,1,31,4
15,69,38,71,71,41,18,7,38,4
7,50,37,70,75,38,12,0,0,4
8,68,29,71,69,35,18,19,7,4
12,50,25,71,58,35,62,1,28,4
14,53,39,74,53,39,70,53,25,4
26,54,33,75,55,47,75,50,12,4
10,50,1,73,58,51,16,50,51,4
12,59,37,73,59,47,71,56,46,4
13,5,31,66,49,43,65,25,12,4
29,53,42,87,61,44,12,61,25,4
28,75,32,93,75,35,65,50,7,4
28,62,0,79,62,15,1,62,12,4
50,51,26,75,51,33,0,0,33,4
50,52,26,81,52,35,6,0,25,4
17,54,25,73,56,30,62,6,3,4
28,50,10,87,54,60,85,3,4,4
12,50,37,74,59,41,17,6,3,4
12,53,28,63,53,30,0,3,30,4
8,5,31,58,49,31,58,44,31,4
14,56,25,64,56,38,65,50,37,4
6,64,3,71,70,53,58,51,3,4
30,50,0,87,73,57,77,71,6,4
26,50,29,90,57,42,64,0,3,4
34,57,28,86,58,29,51,57,1,4
14,62,38,71,64,38,7,0,12,4
12,62,38,69,68,39,62,0,25,4
12,62,37,64,69,45,64,0,7,4
4,64,28,68,65,41,66,1,3,4
1,62,26,64,69,40,64,63,14,4
3,54,31,60,67,44,57,51,20,4
9,56,31,60,59,45,50,50,18,4
12,51,27,69,60,39,68,57,14,4
29,51,37,79,73,44,78,5,25,4
25,75,40,76,81,48,51,81,20,4
12,69,38,68,71,43,53,63,26,4
12,51,37,63,61,39,63,53,26,4
12,62,37,66,63,41,62,0,13,4
12,50,37,67,62,44,62,62,12,4
12,59,31,65,59,44,62,56,18,4
12,56,39,66,58,46,65,51,3,4
13,58,37,69,58,45,50,52,26,4
14,51,39,70,58,48,14,51,23,4
26,54,45,77,60,49,0,9,20,4
28,62,39,78,62,46,75,62,13,4
15,62,37,74,62,48,0,61,47,4
12,62,0,71,66,51,71,3,50,4
13,68,0,74,73,50,66,72,0,4
12,60,37,69,61,41,69,4,12,4
12,4,29,66,48,35,66,48,7,4
15,3,40,67,48,40,54,36,14,4
8,53,2,70,55,52,62,52,52,4
25,61,1,75,61,63,0,52,13,4
9,56,0,72,56,57,21,6,57,4
25,50,0,75,51,50,25,1,0,4
26,50,37,76,55,41,0,56,25,4
26,65,25,76,66,37,0,0,12,4
25,50,37,80,59,44,54,59,37,4
31,19,42,83,47,48,75,44,1,4
50,19,37,80,47,44,54,37,0,4
25,50,37,75,51,41,75,0,41,4
14,50,39,70,51,39,0,0,26,4
17,53,43,74,60,44,0,4,31,4
13,64,26,71,64,42,68,0,28,4
15,61,31,66,61,48,65,57,37,4
12,50,32,69,57,46,50,50,21,4
31,55,39,85,55,49,60,4,13,4
31,54,32,96,54,43,8,3,43,4
25,56,31,83,56,31,1,6,6,4
18,67,25,71,67,31,6,12,31,4
14,72,25,67,73,31,64,65,0,4
12,70,28,69,71,41,69,0,3,4
12,62,31,73,66,47,63,62,3,4
12,63,25,69,63,38,56,62,12,4
12,62,31,62,67,36,12,54,31,4
1,67,31,65,73,37,50,62,4,4
7,75,28,71,75,35,70,75,25,4
25,76,28,75,76,41,75,76,12,4
13,72,37,72,73,44,62,71,18,4
14,68,37,67,71,42,53,65,29,4
12,62,25,65,66,38,51,65,25,4
12,57,25,65,58,35,50,57,6,4
13,50,38,67,52,38,66,52,0,4
19,50,37,73,55,40,9,3,1,4
25,69,35,76,69,37,0,0,7,4
25,50,28,77,71,30,52,69,0,4
25,60,42,82,60,42,50,56,1,4
30,15,3,87,44,55,62,44,3,4
37,15,3,87,43,54,25,15,3,4
28,14,37,78,48,42,75,40,1,4
18,12,39,71,48,39,50,37,0,4
25,12,39,75,46,48,75,39,23,4
12,10,25,74,51,40,66,50,1,4
31,70,0,86,70,51,76,62,0,4
26,53,35,84,58,48,6,58,16,4
28,51,26,91,58,39,75,56,0,4
1,50,26,58,63,35,58,62,25,4
0,56,33,50,70,33,50,50,6,4
43,52,31,46,64,33,25,50,31,4
16,53,25,72,59,39,72,50,1,4
6,75,0,81,81,51,31,75,0,4
6,71,39,68,73,48,62,60,32,4
15,62,34,66,65,46,62,63,34,4
12,66,25,63,65,37,50,62,25,4
4,62,31,61,62,43,51,62,18,4
16,50,37,66,62,44,66,62,12,4
12,50,28,69,59,41,69,56,15,4
12,52,32,69,52,32,57,51,0,4
34,3,0,86,36,50,82,37,38,4
50,0,44,72,41,46,62,41,27,4
50,7,42,66,44,42,50,37,17,4
26,62,0,80,62,50,79,0,50,4
25,50,1,91,57,51,94,3,50,4
100,16,7,100,41,57,100,0,0,4
50,0,45,88,32,49,87,32,40,4
50,13,40,80,41,42,75,37,42,4
19,53,39,69,55,42,63,53,40,4
25,52,41,75,58,43,75,56,0,4
20,50,37,73,50,41,50,50,0,4
25,51,37,77,54,41,75,3,3,4
33,65,38,83,66,44,76,0,12,4
25,75,37,82,76,41,25,1,0,4
15,63,37,66,63,38,1,0,41,4
12,60,40,62,60,47,62,53,43,4
20,50,0,71,58,50,51,50,0,4
12,55,44,73,55,44,57,55,25,4
28,56,30,78,56,42,53,56,26,4
25,53,38,75,53,44,69,53,12,4
18,56,43,68,60,48,62,60,22,4
18,63,40,71,67,48,62,62,22,4
25,51,28,75,74,35,50,68,6,4
13,71,31,71,71,32,58,71,7,4
15,67,40,65,68,41,15,53,26,4
25,50,39,75,57,42,50,50,17,4
29,55,30,79,55,42,75,53,14,4
12,55,32,71,55,44,53,54,18,4
14,57,33,71,57,46,56,57,6,4
9,59,32,71,59,44,62,57,40,4
15,58,25,68,58,41,66,51,37,4
4,66,28,67,66,41,4,13,25,4
26,57,0,80,83,50,80,1,0,4
26,50,28,77,75,41,75,0,12,4
6,62,33,68,64,36,4,14,14,4
0,56,25,60,59,39,56,53,25,4
1,50,41,64,63,42,51,50,0,4
2,56,37,58,56,39,50,50,25,4
17,69,35,68,69,35,12,6,31,4
7,62,33,60,62,36,57,0,11,4
12,62,14,69,62,39,7,62,13,4
28,55,28,78,61,46,50,54,3,4
32,50,37,94,57,42,50,51,26,4
31,50,25,94,56,27,0,6,0,4
25,50,6,79,64,23,75,64,6,4
12,55,25,68,80,29,56,78,3,4
0,51,25,57,76,26,56,75,0,4
3,50,27,59,75,33,59,75,1,4
7,64,31,69,70,47,59,7,0,4
32,67,4,83,73,55,50,4,51,4
14,53,25,68,60,27,6,59,0,4
12,54,0,66,62,16,62,60,1,4
7,67,25,62,74,28,55,72,25,4
4,50,28,68,80,41,62,78,15,4
25,53,25,75,79,43,50,78,25,4
0,55,11,63,81,34,63,75,25,4
9,50,0,60,79,25,53,75,0,4
9,66,25,59,73,25,56,63,0,4
3,64,30,67,71,37,3,70,14,4
32,15,39,82,47,49,1,3,45,4
31,56,34,83,57,46,82,6,27,4
25,62,28,77,64,42,0,0,25,4
19,56,32,69,57,36,56,50,29,4
25,51,25,78,51,38,75,51,1,4
100,50,3,100,51,53,100,51,3,4
106,50,0,110,55,48,100,54,21,4
28,50,28,92,60,28,87,0,3,4
26,50,25,77,68,28,75,65,3,4
12,68,28,66,68,30,53,0,0,4
13,56,31,74,59,44,63,3,43,4
10,52,25,61,61,42,57,56,12,4
6,50,37,56,56,39,56,56,1,4
12,50,1,65,50,52,65,50,0,4
19,14,0,69,48,62,69,35,12,4
12,14,1,63,46,55,51,25,55,4
0,57,40,53,66,53,0,53,0,4
12,50,12,72,75,62,72,75,12,4
32,50,6,83,56,56,58,50,0,4
50,21,42,84,49,49,53,42,17,4
50,17,46,75,49,48,50,41,20,4
31,4,14,84,40,68,78,37,18,4
28,7,27,78,33,77,53,25,2,4
15,12,19,67,37,69,50,25,0,4
100,12,31,100,40,81,0,14,25,4
100,5,51,103,30,77,103,27,25,4
31,0,50,81,25,68,50,25,6,4
12,0,9,66,31,58,54,31,8,4
13,4,0,65,35,56,64,34,50,4
52,0,39,74,34,49,19,9,28,4
25,13,37,75,38,48,75,38,21,4
25,19,2,75,47,52,25,28,1,4
31,17,0,82,42,53,32,14,3,4
39,30,0,92,42,50,67,0,0,4
39,31,44,98,44,46,87,44,6,4
28,27,46,85,49,47,53,45,22,4
23,50,0,73,51,51,50,0,0,4
18,50,0,70,50,50,51,50,0,4
25,50,41,75,51,48,75,50,17,4
18,9,34,69,46,46,50,40,12,4
18,50,31,69,50,44,69,50,25,4
12,51,15,67,52,40,67,52,40,4
9,51,25,72,64,42,66,51,0,4
12,75,29,88,89,49,62,90,0,4
1,83,33,73,83,49,58,76,26,4
12,63,32,70,64,48,58,63,37,4
17,50,28,74,57,42,54,50,30,4
15,51,35,71,52,37,63,52,25,4
21,17,35,73,48,37,56,39,12,4
31,14,26,81,43,42,75,27,17,4
32,13,28,83,38,47,50,25,10,4
31,14,34,82,42,46,81,3,34,4
36,50,39,86,56,49,9,0,21,4
33,50,0,87,62,50,37,12,50,4
36,50,1,86,55,51,0,1,1,4
31,13,0,81,40,50,50,26,0,4
25,5,0,75,30,50,75,29,0,4
26,3,0,80,30,51,75,28,1,4
25,10,1,80,35,51,1,35,51,4
25,53,4,82,54,54,32,54,1,4
29,50,4,79,51,61,75,51,1,4
25,16,0,75,49,50,50,23,0,4
12,50,37,68,50,44,50,50,12,4
14,9,26,65,47,40,63,34,26,4
16,6,29,67,46,42,53,25,26,4
25,54,32,78,73,36,25,68,33,4
1,63,26,61,69,42,50,69,17,4
13,53,1,63,62,51,13,57,1,4
26,50,1,76,53,52,76,50,0,4
19,50,28,72,50,44,66,50,25,4
13,53,25,67,53,38,53,53,0,4
13,51,31,66,55,45,50,50,12,4
35,56,26,84,60,27,78,3,1,4
25,50,41,75,53,41,0,0,13,4
25,5,0,85,30,51,82,0,1,4
29,0,0,92,29,56,89,28,6,4
25,13,3,81,41,55,56,25,0,4
21,12,35,74,44,49,71,25,41,4
18,12,0,74,41,51,55,28,50,4
25,12,0,76,44,60,51,44,53,4
25,19,0,82,49,58,26,17,1,4
32,51,1,82,52,51,7,2,50,4
28,50,43,79,51,48,0,0,19,4
26,13,0,76,41,46,0,15,25,4
26,0,9,76,26,60,51,26,53,4
37,3,12,89,28,62,62,25,50,4
31,15,0,86,40,54,75,37,51,4
25,12,0,76,47,50,50,25,0,4
19,4,38,71,42,49,51,25,10,4
26,11,28,83,36,48,83,0,10,4
26,19,0,89,46,50,0,12,0,4
39,51,37,89,51,41,39,1,28,4
37,52,25,90,52,34,12,0,32,4
26,56,37,77,56,38,75,6,13,4
17,62,36,74,62,48,58,0,17,4
25,53,1,75,55,51,50,53,1,4
25,12,0,75,44,50,50,43,0,4
26,15,40,77,49,49,50,50,25,4
25,50,39,75,50,46,50,50,14,4
13,50,37,67,50,48,52,50,9,4
14,51,31,70,52,47,64,51,3,4
26,50,32,80,65,48,1,65,0,4
28,50,37,80,69,48,78,0,14,4
25,63,37,79,65,44,75,62,1,4
13,56,32,69,58,44,50,52,25,4
13,56,37,71,57,48,57,50,32,4
14,50,39,74,51,49,71,50,30,4
13,12,35,74,48,48,68,3,15,4
11,50,35,73,50,48,66,50,17,4
14,13,32,74,47,47,74,28,31,4
28,50,35,78,51,48,28,51,31,4
32,59,29,86,62,37,8,61,30,4
31,54,37,81,62,43,0,9,37,4
25,14,0,80,46,50,78,8,0,4
25,7,44,80,32,46,75,25,14,4
25,6,38,84,32,43,56,31,40,4
35,12,6,85,41,59,59,15,0,4
25,0,6,82,34,61,81,0,50,4
31,4,6,81,30,59,0,4,59,4
29,12,0,79,38,56,0,0,50,4
28,18,2,80,44,52,75,38,51,4
37,25,44,89,48,48,14,46,12,4
25,12,43,78,42,43,75,30,0,4
33,2,3,83,36,54,83,33,51,4
25,1,0,74,27,51,52,26,51,4
25,12,50,80,42,62,51,12,62,4
34,50,1,84,51,51,50,0,50,4
25,15,37,77,46,39,51,0,39,4
50,16,37,71,41,43,62,41,43,4
20,50,1,75,52,52,50,50,50,4
25,17,0,75,49,53,50,17,3,4
25,12,7,83,44,57,51,25,0,4
38,26,3,92,46,53,12,7,50,4
100,28,43,100,48,44,0,18,37,4
37,50,39,84,52,39,59,1,2,4
18,56,39,71,57,42,50,50,15,4
12,51,25,66,58,42,0,6,25,4
15,51,33,65,57,45,65,50,26,4
15,50,27,71,50,46,57,0,26,4
26,50,0,80,50,53,25,50,0,4
26,15,0,76,40,56,75,40,6,4
25,17,0,82,48,51,57,31,51,4
25,56,28,76,57,36,50,50,31,4
12,50,32,74,68,35,51,6,7,4
29,56,28,79,74,47,78,0,25,4
27,52,31,77,71,44,77,71,19,4
20,64,29,73,64,37,60,62,11,4
16,57,31,72,60,35,53,60,0,4
12,50,25,73,56,37,64,50,25,4
12,50,25,73,51,43,67,50,3,4
26,50,31,76,53,48,75,53,38,4
14,50,25,71,50,41,57,50,0,4
7,50,26,70,53,42,51,50,16,4
25,73,6,87,73,56,0,6,50,4
25,53,37,87,62,35,9,50,0,4
32,54,1,85,54,42,78,3,29,4
25,12,42,82,38,49,81,25,24,4
51,0,34,74,25,47,64,0,0,4
50,2,3,74,30,53,64,4,50,4
27,51,0,77,52,57,26,53,50,4
9,50,6,74,57,56,50,0,50,4
15,52,41,73,52,41,63,1,15,4
15,12,28,66,48,41,53,31,28,4
19,7,31,70,45,46,50,37,6,4
25,51,0,80,51,55,50,51,3,4
26,50,0,88,56,55,65,57,54,4
29,52,27,98,64,39,78,51,25,4
25,53,14,77,59,17,52,59,16,4
12,50,25,63,54,25,0,0,0,4
14,53,25,71,59,41,6,3,3,4
25,53,2,76,53,52,51,50,3,4
29,13,6,85,44,59,50,44,0,4
32,12,32,80,40,42,1,12,3,4
28,51,33,79,55,33,76,51,1,4
26,50,25,80,67,41,53,53,12,4
26,59,28,77,59,47,25,0,14,4
34,50,25,85,53,47,50,50,6,4
28,50,33,76,50,45,50,50,0,4
26,64,37,80,67,41,1,53,40,4
12,57,10,73,58,23,9,50,19,4
27,68,28,77,71,28,28,51,0,4
7,70,39,69,71,45,57,0,45,4
10,62,32,74,64,47,50,51,19,4
25,57,25,75,62,42,50,56,3,4
0,53,31,65,67,43,62,67,12,4
2,51,28,58,71,41,52,58,17,4
0,50,37,63,69,43,0,69,25,4
5,54,35,68,67,47,5,1,32,4
3,50,38,67,64,43,55,63,3,4
1,50,43,68,69,46,17,19,15,4
0,8,44,64,58,44,0,0,12,4
9,4,38,60,54,40,54,53,26,4
0,12,26,63,66,39,12,53,27,4
12,51,37,63,80,43,12,78,42,4
0,50,0,59,76,53,59,0,0,4
3,12,0,66,62,55,0,0,54,4
2,9,32,68,59,45,62,3,39,4
0,17,37,60,70,37,50,56,0,4
0,50,37,60,76,37,60,26,25,4
0,56,25,65,73,38,1,7,0,4
0,51,33,73,67,46,6,15,27,4
25,59,0,76,61,51,76,53,1,4
25,51,33,75,63,48,68,62,50,4
1,50,38,67,67,46,54,53,2,4
1,53,32,67,71,45,62,3,1,4
0,50,37,62,65,44,50,65,6,4
0,51,28,64,61,41,62,55,12,4
0,51,31,65,60,44,62,0,12,4
0,59,0,74,73,50,4,56,0,4
1,59,30,73,72,42,66,13,4,4
7,53,35,61,67,36,8,12,35,4
0,54,25,55,73,34,3,3,25,4
0,50,38,60,75,38,50,0,38,4
3,53,34,67,65,48,54,65,3,4
25,56,0,75,58,50,50,57,50,4
25,51,3,75,57,53,75,56,0,4
0,52,0,72,58,51,72,50,1,4
18,50,31,68,63,45,62,62,6,4
3,56,26,66,71,40,62,65,12,4
0,53,25,63,73,38,1,4,25,4
1,56,37,61,74,41,53,59,0,4
0,54,32,64,73,45,64,70,43,4
0,51,34,63,70,49,50,68,28,4
0,52,34,63,71,47,0,50,22,4
0,50,33,64,69,46,13,62,18,4
17,50,41,67,70,49,0,70,6,4
3,50,31,66,63,44,50,63,43,4
1,15,30,64,65,37,64,62,0,4
3,50,37,53,72,39,50,65,37,4
0,53,38,58,86,48,6,33,46,4
0,51,28,59,76,40,50,75,15,4
0,50,25,60,73,37,0,20,0,4
0,18,35,54,70,37,3,14,10,4
6,21,28,57,74,42,57,66,26,4
1,25,25,58,75,44,1,50,12,4
14,51,25,64,79,48,0,54,14,4
2,18,1,58,71,51,50,64,50,4
9,18,0,61,70,50,9,6,50,4
0,12,25,58,66,38,58,0,25,4
4,18,31,54,69,34,3,14,25,4
5,25,25,55,75,39,50,75,12,4
15,53,34,66,74,46,15,5,34,4
0,53,4,75,71,54,0,15,50,4
15,50,26,67,62,46,53,7,43,4
7,14,19,61,64,44,51,65,12,4
7,50,32,58,73,44,57,70,7,4
0,50,28,63,68,48,50,0,3,4
0,50,0,74,60,51,11,10,0,4
0,55,26,73,61,39,72,52,37,4
3,50,31,67,69,35,0,57,28,4
0,50,37,66,76,45,3,0,39,4
3,63,0,81,71,56,0,9,0,4
25,50,0,79,64,51,0,1,0,4
5,50,37,61,67,37,57,64,12,4
1,25,26,51,76,35,50,76,28,4
25,29,37,46,79,37,21,78,0,4
1,25,37,57,73,48,50,69,9,4
0,17,0,62,67,50,57,62,0,4
10,21,32,60,72,49,53,50,7,4
3,21,38,53,71,46,53,14,15,4
6,14,31,57,64,44,6,50,25,4
12,19,28,62,69,41,12,64,3,4
6,50,25,56,76,38,50,75,26,4
3,50,28,54,81,41,51,75,28,4
0,51,25,53,79,46,3,54,25,4
0,50,25,58,72,47,51,56,18,4
0,20,30,60,70,42,51,62,16,4
5,50,29,68,65,43,62,53,17,4
3,53,32,67,60,46,53,51,7,4
7,50,0,69,63,50,69,0,0,4
31,58,50,81,71,52,25,13,50,4
25,62,38,75,62,38,7,13,3,4
12,50,26,62,50,35,0,0,31,4
0,50,37,68,51,43,68,50,30,4
26,7,41,77,49,49,50,21,28,4
25,6,13,90,45,66,28,14,0,4
36,14,12,86,45,68,52,14,0,4
25,10,1,76,47,55,75,35,2,4
13,8,0,69,45,50,69,1,0,4
25,12,6,84,48,59,59,31,0,4
31,53,1,81,54,57,31,54,50,4
12,53,0,73,54,50,62,51,0,4
14,50,32,67,50,45,54,50,14,4
7,8,32,72,50,46,50,50,7,4
15,54,37,71,60,45,68,54,20,4
25,53,3,79,60,55,50,50,3,4
25,50,3,81,57,60,50,57,10,4
14,50,0,74,51,50,70,51,0,4
12,55,38,71,55,43,68,51,14,4
14,50,37,67,51,42,51,50,17,4
12,51,32,70,52,47,62,51,3,4
25,51,0,76,57,50,76,6,50,4
25,50,45,83,66,49,2,50,10,4
26,50,29,76,63,29,26,0,4,4
15,55,37,66,61,39,65,0,1,4
6,50,39,62,55,42,53,53,28,4
10,50,0,74,53,51,50,53,50,4
26,9,0,79,48,50,25,21,0,4
25,7,0,75,45,50,0,6,0,4
25,19,25,76,45,43,51,31,12,4
25,53,0,88,66,50,28,0,50,4
29,65,25,93,74,37,4,52,0,4
25,56,25,75,69,32,0,0,25,4
15,50,28,71,66,34,12,0,34,4
25,50,25,76,56,32,0,0,25,4
26,10,25,76,48,30,75,45,0,4
28,10,25,78,49,47,50,25,3,4
28,12,6,85,47,60,59,25,9,4
25,12,6,88,40,57,50,28,1,4
25,18,0,82,44,50,1,44,0,4
37,60,0,87,60,49,87,59,16,4
25,50,29,83,62,30,81,50,30,4
15,56,25,65,56,30,15,0,29,4
51,19,25,55,49,31,52,1,31,4
25,50,38,78,50,48,53,50,41,4
28,12,3,90,45,59,53,25,7,4
31,51,0,85,54,57,81,54,0,4
26,51,31,77,52,44,75,51,43,4
16,51,25,73,51,39,62,51,12,4
9,50,31,73,50,44,67,0,13,4
31,50,0,86,50,51,25,1,1,4
28,50,40,91,50,43,0,0,0,4
28,50,35,76,54,36,76,50,2,4
19,59,37,73,60,40,53,60,3,4
14,62,41,71,66,49,50,53,6,4
25,56,0,75,59,53,75,56,3,4
25,50,0,79,50,53,75,50,3,4
26,12,38,75,47,44,75,34,12,4
15,50,25,72,50,40,68,50,13,4
4,63,37,68,64,41,64,12,28,4
0,65,31,66,71,43,0,15,31,4
0,68,32,68,71,45,2,6,39,4
7,62,38,71,63,48,52,63,34,4
10,50,34,74,57,46,17,57,12,4
26,50,37,76,54,47,75,1,16,4
9,53,0,72,53,50,65,53,0,4
9,50,0,73,58,50,69,50,0,4
13,51,31,70,58,42,6,52,42,4
9,56,37,72,60,43,59,6,12,4
26,65,37,76,65,49,51,0,44,4
25,62,37,75,63,42,25,0,37,4
6,53,38,69,55,44,19,0,25,4
25,50,31,76,50,44,1,0,12,4
27,7,31,80,44,43,76,37,43,4
31,12,3,82,44,53,50,12,0,4
31,12,6,81,44,57,75,43,57,4
25,10,6,78,48,56,3,47,0,4
12,50,1,72,56,52,62,0,50,4
10,62,0,73,63,50,20,0,0,4
28,57,41,79,58,48,51,2,43,4
12,50,39,74,50,45,2,0,0,4
12,12,37,67,46,40,12,13,40,4
14,7,42,70,46,42,51,39,43,4
25,6,4,75,46,55,75,34,0,4
25,9,17,85,48,67,56,16,15,4
27,6,8,86,43,58,78,31,7,4
25,0,50,80,37,50,28,0,0,4
27,5,0,80,42,43,81,20,12,4
25,50,32,81,51,35,75,50,7,4
31,50,39,81,52,39,6,2,0,4
27,54,46,80,54,47,80,3,0,4
24,53,50,74,54,53,71,51,50,4
25,52,53,77,52,61,53,50,2,4
26,11,6,83,49,57,51,28,7,4
25,10,42,75,48,43,50,38,14,4
17,5,39,67,49,42,66,28,0,4
13,50,40,69,50,47,50,50,0,4
25,50,50,79,56,50,6,50,50,4
25,50,43,82,55,45,1,0,20,4
18,53,37,72,60,40,56,0,25,4
12,62,40,66,62,41,66,50,0,4
14,51,0,67,64,50,53,51,0,4
25,56,0,76,57,56,25,51,2,4
28,50,0,78,52,50,53,51,0,4
25,50,0,75,56,50,75,50,0,4
14,54,41,71,55,48,58,50,18,4
12,56,45,74,58,45,8,56,18,4
25,53,37,78,60,44,28,1,0,4
15,50,37,72,55,41,53,51,12,4
12,9,0,72,47,52,3,12,2,4
30,7,0,80,47,57,52,35,0,4
28,8,1,79,49,52,75,36,1,4
13,50,0,72,50,50,65,50,0,4
25,50,37,82,50,39,82,50,0,4
19,50,26,72,51,32,66,0,7,4
18,51,40,72,52,40,53,2,3,4
29,50,39,81,50,46,75,0,38,4
25,50,0,85,50,51,53,50,50,4
17,9,0,74,48,50,24,34,0,4
28,50,34,78,53,49,75,53,9,4
6,52,32,71,52,48,50,50,13,4
28,50,8,87,58,58,27,0,7,4
28,57,0,85,57,50,82,0,0,4
28,51,25,78,52,37,3,0,26,4
18,50,12,70,50,23,0,0,23,4
14,50,25,67,56,33,51,6,0,4
12,51,43,71,58,48,54,53,1,4
35,51,0,86,55,60,53,51,9,4
26,16,1,83,49,58,82,25,1,4
25,12,37,75,46,48,75,12,37,4
15,52,38,74,52,39,4,0,2,4
26,59,39,79,61,42,29,0,42,4
28,60,25,79,60,41,75,0,3,4
27,50,31,77,60,33,75,0,33,4
16,62,25,73,64,34,59,64,3,4
13,50,26,66,57,42,66,51,40,4
25,50,1,78,57,52,55,57,1,4
31,50,3,82,53,53,1,53,0,4
28,53,1,78,53,51,53,53,1,4
25,65,44,79,65,48,26,12,41,4
26,51,31,77,66,32,25,0,32,4
14,62,26,68,64,27,15,12,26,4
30,14,6,87,39,58,60,26,6,4
100,50,50,100,64,51,100,1,1,4
25,57,13,79,69,23,78,0,0,4
50,50,25,57,69,25,56,0,25,4
19,55,0,69,55,51,0,53,0,4
39,51,1,90,65,51,27,64,50,4
37,50,25,86,62,29,35,0,28,4
50,56,25,69,57,30,6,0,26,4
17,13,37,73,49,37,1,8,25,4
25,12,0,75,45,50,75,44,50,4
33,50,0,87,55,50,7,51,50,4
31,51,39,86,54,39,8,0,25,4
22,15,34,73,46,36,7,25,29,4
20,0,46,74,38,46,65,12,33,4
29,14,11,87,42,62,60,39,10,4
37,19,7,93,46,62,62,18,10,4
31,1,0,81,39,53,51,25,0,4
23,9,37,73,34,44,0,28,32,4
31,12,31,81,38,43,75,0,12,4
39,18,28,92,47,41,53,31,12,4
40,53,29,93,54,30,76,3,28,4
31,53,28,84,60,28,6,2,31,4
25,50,39,76,62,46,25,61,6,4
28,53,7,80,55,60,53,51,10,4
31,13,3,85,46,62,53,18,10,4
31,3,43,82,41,46,82,40,15,4
25,13,29,76,48,36,50,37,6,4
15,50,25,67,52,33,66,52,32,4
15,62,37,71,63,45,56,13,0,4
12,62,38,65,62,46,53,50,26,4
26,55,0,76,55,50,50,51,0,4
25,50,0,79,50,50,78,50,0,4
14,50,39,71,50,45,58,50,14,4
7,44,39,60,46,39,63,0,14,4
31,1,41,82,39,47,31,14,22,4
29,0,6,91,29,58,62,1,6,4
28,0,16,86,26,66,83,26,62,4
28,53,0,78,54,50,28,54,50,4
26,57,1,82,58,51,51,52,1,4
28,50,39,79,63,39,75,62,27,4
15,62,31,67,64,34,65,50,32,4
1,62,38,60,66,41,57,65,12,4
11,50,0,74,57,52,10,57,0,4
34,14,0,85,49,56,59,40,6,4
25,50,2,80,50,52,52,50,0,4
12,50,39,72,55,45,56,54,14,4
26,57,43,76,62,46,1,7,37,4
25,56,39,75,60,39,0,56,1,4
14,50,28,70,60,41,18,4,0,4
5,56,37,67,56,42,0,56,37,4
4,50,40,74,51,46,51,39,22,4
25,3,2,84,36,58,59,28,7,4
12,62,25,72,62,27,53,0,2,4
6,50,25,69,57,25,0,1,0,4
15,52,25,67,52,29,1,1,25,4
12,53,38,62,55,38,50,0,38,4
0,60,33,72,65,47,53,50,13,4
0,59,5,75,72,55,75,66,0,4
0,56,3,71,69,53,20,50,3,4
8,56,31,71,56,46,58,50,9,4
26,52,39,77,52,45,76,0,31,4
26,51,39,85,56,37,25,0,0,4
28,58,26,86,58,29,53,58,3,4
25,50,0,81,75,57,50,50,6,4
7,62,0,74,70,60,50,64,7,4
13,8,39,74,49,48,57,28,14,4
12,3,37,71,48,42,59,23,17,4
3,56,38,65,58,38,50,51,12,4
12,65,0,75,67,44,25,66,43,4
25,56,26,75,57,36,0,0,26,4
17,50,31,73,58,31,61,1,31,4
6,51,25,69,57,38,68,56,25,4
28,51,0,79,61,56,25,55,0,4
25,50,10,89,57,60,37,50,10,4
26,50,0,76,51,52,75,50,0,4
12,54,37,67,54,41,54,51,16,4
15,51,35,65,58,36,53,57,3,4
27,62,44,77,64,44,26,14,0,4
32,63,42,82,62,40,56,0,3,4
25,59,28,76,59,35,0,9,28,4
25,50,41,75,50,43,75,50,38,4
34,1,4,84,40,55,56,12,1,4
31,1,8,93,27,62,31,0,0,4
37,0,9,87,27,60,54,1,0,4
26,0,3,77,37,55,75,37,4,4
16,9,47,72,48,49,59,6,9,4
26,51,48,76,55,49,0,2,19,4
26,50,40,76,56,41,25,6,25,4
13,51,46,72,58,48,14,6,49,4
14,53,44,70,53,47,58,3,9,4
25,7,3,75,44,53,50,1,50,4
25,7,16,87,49,66,75,35,0,4
31,50,3,82,50,53,75,50,53,4
12,51,41,70,55,49,13,50,0,4
13,56,0,67,60,50,2,60,0,4
12,9,43,72,48,46,18,25,12,4
26,1,0,82,39,50,51,39,0,4
40,12,39,91,43,42,75,43,1,4
32,50,37,83,51,43,56,50,19,4
25,56,39,76,56,42,76,0,12,4
25,56,25,75,56,28,75,6,3,4
19,50,26,69,52,26,0,0,0,4
5,57,31,62,57,31,54,6,25,4
8,66,37,71,67,43,14,62,12,4
25,51,6,89,71,61,37,0,6,4
28,50,3,89,60,64,39,4,1,4
26,50,0,77,50,50,50,0,50,4
25,64,43,75,64,47,50,50,9,4
26,64,25,77,64,32,2,64,25,4
14,50,4,68,63,17,54,50,0,4
9,65,32,60,69,35,50,62,10,4
25,73,1,75,74,54,25,55,0,4
17,51,12,93,58,64,78,58,51,4
25,0,3,82,45,53,57,37,0,4
4,3,25,67,43,34,50,26,3,4
12,5,26,63,50,39,50,50,12,4
11,57,1,74,57,51,69,57,51,4
35,62,2,86,62,58,35,62,57,4
25,62,3,76,66,53,75,50,3,4
1,62,31,55,69,34,51,6,9,4
26,54,37,76,54,38,2,5,12,4
25,50,28,75,56,35,0,6,3,4
12,50,37,73,59,48,67,59,9,4
25,62,3,76,64,60,50,52,3,4
26,50,4,76,59,54,50,59,0,4
13,53,40,73,53,49,71,50,26,4
12,50,39,69,50,42,50,50,3,4
9,50,40,72,56,42,50,0,4,4
13,62,37,73,62,44,13,12,25,4
12,65,28,72,67,41,53,65,28,4
12,65,32,73,67,46,69,51,29,4
9,62,0,73,67,53,64,51,3,4
25,56,1,75,56,55,50,56,0,4
9,50,37,72,52,49,59,50,28,4
0,56,37,64,56,41,52,0,15,4
2,59,37,65,60,38,63,50,12,4
6,62,33,69,62,46,69,62,7,4
25,53,1,76,61,52,50,4,1,4
25,62,0,75,62,53,25,62,53,4
10,65,37,72,67,48,60,15,23,4
1,51,25,64,64,37,12,0,0,4
0,56,28,68,59,41,18,53,29,4
26,50,34,79,49,49,50,24,19,4
25,1,2,83,39,55,58,25,1,4
25,0,1,78,38,57,75,25,6,4
25,2,1,75,40,54,50,15,0,4
26,2,0,77,39,50,0,14,50,4
31,12,43,84,47,47,0,16,0,4
25,50,28,84,50,35,6,0,25,4
25,56,26,76,56,30,58,3,0,4
20,65,40,70,65,42,64,65,4,4
18,57,0,73,61,50,68,50,0,4
28,56,5,78,56,55,50,56,0,4
25,17,5,83,49,55,50,48,0,4
25,16,37,81,48,46,52,50,40,4
25,51,39,75,51,49,50,50,5,4
25,60,47,79,60,47,29,60,31,4
25,62,28,76,62,41,25,0,3,4
12,65,30,67,65,30,64,63,1,4
12,69,34,63,69,34,50,68,36,4
15,53,31,67,59,44,67,59,44,4
31,50,0,84,57,59,28,56,3,4
26,50,1,88,50,58,37,50,6,4
25,13,42,76,48,48,76,47,34,4
15,50,43,72,51,46,50,51,21,4
14,52,37,73,55,46,60,53,13,4
16,50,39,74,57,48,23,51,15,4
26,56,3,79,56,54,50,56,1,4
37,64,50,90,64,58,75,64,52,4
27,65,31,77,65,33,25,13,0,4
50,55,14,58,55,20,56,0,6,4
3,0,40,66,50,41,53,50,37,4
7,1,13,85,39,63,56,14,12,4
26,1,13,99,30,69,37,1,12,4
31,3,6,82,36,59,50,26,6,4
13,3,3,65,47,55,63,0,0,4
1,50,2,61,50,55,59,0,3,4
12,4,4,67,48,55,66,22,51,4
26,53,54,85,54,60,4,53,60,4
27,53,0,86,53,48,33,0,6,4
19,10,33,69,49,33,69,12,0,4
9,8,25,59,48,35,50,48,6,4
12,50,39,65,51,48,53,50,8,4
1,50,14,76,56,68,26,50,4,4
12,50,19,89,50,72,26,33,7,4
31,3,0,83,37,50,56,3,0,4
28,0,44,78,38,48,53,25,23,4
37,12,44,87,44,49,12,31,37,4
100,63,48,101,63,48,1,50,29,4
51,50,4,89,54,18,25,0,3,4
50,58,16,77,58,16,0,7,0,4
50,62,22,64,63,25,51,0,25,4
50,72,26,69,72,36,69,0,29,4
12,69,6,73,69,56,10,50,50,4
25,51,14,82,61,67,57,3,50,4
25,50,3,88,50,53,37,0,0,4
27,2,3,73,45,51,57,32,0,4
6,50,0,57,50,50,7,50,0,4
3,60,44,59,60,49,56,60,49,4
25,63,43,76,63,47,75,13,34,4
25,53,0,82,54,43,31,0,6,4
20,52,39,74,52,38,64,50,38,4
18,52,41,72,52,41,50,50,40,4
32,50,12,82,54,62,75,51,0,4
25,15,15,90,46,65,53,21,15,4
37,12,0,87,44,56,75,37,6,4
19,50,0,70,51,50,50,0,0,4
0,50,0,62,60,50,62,0,50,4
6,1,42,62,51,49,10,0,18,4
3,47,0,66,48,50,66,31,0,4
25,0,4,76,47,55,51,40,4,4
25,1,6,77,44,60,75,43,6,4
8,3,3,74,47,59,65,46,3,4
3,56,4,67,56,54,64,50,1,4
3,59,5,67,61,55,51,56,0,4
8,57,1,71,57,51,6,6,51,4
12,53,47,68,55,49,68,0,21,4
2,50,41,64,53,47,64,3,12,4
6,51,39,68,55,48,50,50,10,4
8,53,1,74,53,58,50,53,8,4
31,12,3,82,46,61,81,40,10,4
32,8,1,82,46,57,0,40,6,4
26,10,0,77,48,57,50,41,56,4
25,9,0,76,47,51,75,0,0,4
25,50,6,85,50,56,28,0,50,4
37,22,39,88,48,46,76,14,33,4
26,50,25,81,52,38,81,2,0,4
21,56,28,71,56,36,51,50,8,4
16,53,38,66,55,38,66,3,0,4
13,50,38,69,53,43,0,0,0,4
12,50,41,74,57,48,53,57,48,4
26,50,5,75,58,57,50,57,0,4
30,53,12,80,53,62,52,53,12,4
25,14,1,78,49,58,50,35,7,4
12,7,1,72,48,52,62,34,1,4
12,9,39,68,48,45,62,5,0,4
13,53,41,74,53,49,25,54,50,4
26,58,45,80,58,48,30,7,45,4
25,52,37,75,55,44,50,51,31,4
12,51,31,65,57,45,50,56,39,4
12,61,1,67,61,55,50,50,1,4
9,50,0,74,57,55,0,50,0,4
26,50,1,76,51,54,51,50,4,4
14,50,40,73,50,41,11,0,12,4
14,6,37,70,46,39,56,44,25,4
26,6,45,76,43,45,78,38,15,4
28,12,18,91,37,73,3,0,71,4
29,53,26,80,53,38,4,0,37,4
29,54,32,79,55,46,79,0,25,4
28,57,31,78,57,48,50,56,37,4
25,52,0,81,52,51,50,0,51,4
37,19,0,90,42,53,89,42,3,4
37,14,35,94,39,35,81,39,4,4
29,50,31,80,50,33,79,50,25,4
14,58,32,71,61,37,64,2,12,4
25,50,31,78,50,46,75,50,28,4
28,50,0,78,51,52,53,1,1,4
28,14,0,78,45,52,3,37,1,4
25,6,32,75,44,45,75,37,26,4
27,25,37,84,53,49,59,53,44,4
31,51,29,81,60,43,75,0,17,4
19,63,35,73,63,47,1,63,0,4
15,50,31,71,58,43,62,50,16,4
13,50,28,66,61,41,53,53,28,4
9,50,37,72,59,42,72,56,3,4
25,50,0,82,50,50,50,50,0,4
28,50,0,80,50,50,79,50,0,4
13,59,0,73,64,50,50,14,50,4
12,72,37,71,74,44,3,50,12,4
14,51,25,64,62,33,13,3,8,4
12,55,38,67,55,41,53,51,0,4
28,9,38,79,48,46,53,23,32,4
14,50,44,71,57,48,62,57,14,4
12,53,43,69,53,46,63,50,21,4
14,50,41,71,51,47,69,50,19,4
13,51,38,71,52,49,65,53,36,4
25,62,38,75,62,47,75,0,10,4
7,62,37,70,62,46,6,50,0,4
13,54,40,71,61,47,58,53,31,4
12,50,0,73,58,53,7,50,3,4
14,50,3,74,54,54,64,50,3,4
12,50,0,73,51,52,50,51,1,4
9,54,40,72,54,47,60,51,31,4
14,50,37,70,55,44,62,55,18,4
12,50,37,69,53,47,69,54,37,4
26,57,0,77,60,55,26,6,0,4
25,62,1,79,62,51,54,0,0,4
12,50,37,68,59,39,18,3,25,4
12,58,39,68,58,39,62,52,14,4
25,50,45,75,50,46,51,34,19,4
35,0,6,85,38,60,59,37,7,4
25,2,4,86,40,60,80,37,4,4
15,6,0,73,46,51,23,43,0,4
16,54,44,72,54,49,21,54,3,4
26,55,39,76,55,45,50,4,3,4
28,50,41,78,53,41,0,0,38,4
16,50,44,74,50,45,20,0,14,4
25,7,3,76,44,53,0,18,0,4
34,19,40,86,49,42,75,3,14,4
25,53,37,84,53,39,50,0,0,4
19,56,40,73,58,44,72,7,0,4
14,54,1,71,62,51,70,62,1,4
12,51,1,71,57,58,21,50,6,4
29,50,12,79,54,62,51,53,0,4
26,9,44,77,46,48,77,43,22,4
12,9,44,72,50,46,59,0,19,4
13,57,38,66,57,46,51,56,12,4
13,57,39,66,57,49,53,51,26,4
11,51,1,74,58,51,20,1,51,4
25,56,40,79,57,48,1,7,37,4
15,57,26,73,60,37,70,53,32,4
15,53,37,67,62,40,64,60,37,4
5,55,0,67,55,52,67,55,0,4
31,50,12,82,52,63,32,51,0,4
32,51,3,83,51,53,82,50,0,4
14,55,32,74,55,45,57,50,19,4
12,62,38,69,62,46,62,62,7,4
12,62,0,68,69,50,62,0,50,4
15,64,39,73,64,46,14,1,20,4
12,60,38,67,60,44,3,3,19,4
5,50,39,67,62,45,69,62,19,4
1,51,39,73,51,45,72,51,18,4
28,0,0,79,43,53,76,37,0,4
12,50,35,69,59,49,51,60,7,4
8,63,0,71,65,53,50,52,0,4
5,65,1,73,67,51,51,53,0,4
9,50,2,73,60,52,64,50,0,4
12,50,37,74,50,49,68,50,19,4
7,50,37,71,51,48,52,53,9,4
9,50,0,73,59,50,53,59,50,4
25,62,45,75,62,45,25,12,1,4
10,62,39,73,62,39,64,62,39,4
1,62,37,64,65,37,50,63,37,4
0,53,40,63,67,48,53,56,0,4
25,50,1,75,63,58,50,63,0,4
10,50,0,73,51,50,71,50,0,4
6,50,32,69,54,46,50,53,14,4
0,56,37,62,61,47,62,58,16,4
6,57,3,69,60,53,70,53,0,4
3,55,0,72,55,53,53,0,3,4
28,50,4,77,62,51,26,62,51,4
3,62,25,68,62,37,4,12,12,4
6,57,33,57,61,33,6,1,31,4
0,56,37,65,59,47,3,0,12,4
25,50,0,83,50,60,25,50,0,4
28,6,3,91,45,66,62,20,13,4
28,8,0,78,46,56,75,26,6,4
12,51,39,67,55,48,50,55,23,4
3,50,42,67,60,49,51,56,39,4
10,50,1,74,61,52,7,53,0,4
13,50,40,74,56,47,21,0,41,4
12,52,39,69,58,39,12,2,1,4
12,51,37,62,54,37,12,1,12,4
6,6,38,70,47,44,56,10,7,4
31,10,5,83,48,61,51,25,51,4
9,53,25,59,65,43,53,65,37,4
0,52,1,67,65,51,50,50,0,4
25,50,34,76,53,49,25,50,22,4
25,51,0,78,51,51,78,50,0,4
25,14,0,75,48,51,50,42,0,4
25,14,0,76,45,53,0,1,50,4
34,50,50,84,50,52,9,0,0,4
25,56,42,73,58,44,17,0,25,4
15,50,43,73,51,48,20,0,38,4
26,4,40,82,42,47,1,41,21,4
31,7,37,81,35,48,56,25,13,4
33,0,4,83,37,62,51,12,10,4
25,0,3,83,37,61,57,25,61,4
25,0,0,78,39,58,75,14,2,4
25,15,4,76,47,55,0,3,3,4
28,53,43,85,54,46,28,54,3,4
25,56,32,81,57,35,0,7,28,4
19,52,32,69,52,36,18,0,0,4
18,12,45,69,46,48,1,21,39,4
26,12,6,85,42,60,50,42,1,4
29,13,16,92,44,66,67,25,12,4
26,12,0,79,44,53,54,12,3,4
13,6,39,71,44,48,56,18,26,4
25,3,40,75,43,48,75,39,25,4
32,50,40,82,50,46,25,0,34,4
34,50,37,84,53,39,0,0,12,4
25,50,37,75,53,37,75,0,12,4
19,56,40,73,56,42,57,51,12,4
16,57,1,73,58,55,65,57,4,4
25,52,14,81,58,64,50,58,12,4
26,50,0,76,53,50,50,50,0,4
15,53,37,68,53,44,64,50,6,4
12,50,28,65,57,41,53,59,13,4
6,53,36,68,60,49,62,10,10,4
26,57,0,77,61,51,0,6,51,4
25,51,37,75,55,44,0,5,44,4
12,53,25,71,60,40,57,56,25,4
13,50,32,69,58,45,57,56,32,4
6,57,34,68,57,47,62,0,16,4
3,55,0,74,55,51,57,54,0,4
28,9,0,80,47,53,54,41,3,4
28,6,2,78,44,58,78,44,7,4
35,3,6,85,41,60,53,12,3,4
25,0,3,75,40,53,0,0,50,4
16,0,39,75,45,49,0,25,18,4
26,53,37,76,53,46,76,0,34,4
26,51,41,80,54,41,0,0,12,4
28,21,39,78,49,40,53,1,13,4
29,50,0,80,52,52,0,0,51,4
28,50,3,78,51,53,50,50,1,4
26,53,0,76,55,52,26,54,2,4
16,50,0,73,56,52,70,56,0,4
14,52,0,74,52,51,64,50,0,4
14,53,3,70,53,53,70,53,0,4
12,51,36,68,51,48,13,51,21,4
14,50,43,73,57,49,54,1,29,4
26,53,40,83,55,48,27,3,45,4
29,54,40,79,54,42,53,54,14,4
20,56,37,71,58,42,64,2,12,4
18,57,31,70,60,43,57,57,27,4
12,56,0,69,56,50,50,56,0,4
25,50,4,78,50,54,78,50,1,4
25,50,0,80,50,51,1,50,0,4
26,53,5,77,53,55,51,50,1,4
25,53,3,75,53,55,75,51,2,4
25,57,0,78,61,52,53,5,50,4
13,62,25,67,64,35,63,62,0,4
9,62,37,61,64,38,3,14,25,4
14,52,39,71,58,43,2,1,30,4
25,53,42,83,54,48,0,4,42,4
25,1,34,81,44,46,6,44,25,4
4,3,0,75,42,51,50,42,51,4
26,0,14,80,42,64,27,0,14,4
32,1,14,82,40,64,75,25,64,4
25,0,7,75,41,58,75,37,0,4
25,50,0,78,56,51,25,0,50,4
27,68,37,78,71,42,28,12,26,4
14,66,37,67,66,37,53,16,0,4
6,50,37,59,51,37,9,1,37,4
31,51,0,81,51,50,81,51,0,4
19,57,37,73,57,43,73,7,41,4
27,58,34,77,61,46,27,53,6,4
26,55,7,76,61,58,75,57,1,4
28,50,6,79,54,56,81,53,6,4
25,50,1,81,50,52,56,0,0,4
25,51,37,77,52,46,0,1,34,4
15,58,39,74,62,42,15,50,37,4
12,64,25,68,64,36,0,0,8,4
17,63,25,67,66,38,62,0,26,4
1,63,28,67,65,41,64,52,41,4
5,64,0,74,67,53,50,55,0,4
26,50,0,77,57,54,0,56,3,4
25,50,1,75,54,52,50,54,1,4
7,50,32,70,57,48,68,57,16,4
1,50,31,65,60,44,50,51,25,4
12,67,41,71,67,47,18,15,25,4
25,64,37,75,67,45,0,16,32,4
8,53,34,71,60,35,20,4,29,4
3,50,37,66,56,44,1,3,32,4
22,0,34,72,45,47,66,25,22,4
7,2,3,83,43,55,50,18,1,4
0,59,0,63,60,50,0,6,0,4
10,63,50,77,71,52,25,18,50,4
26,62,25,79,64,38,75,51,12,4
30,50,3,80,51,54,75,50,0,4
10,50,0,71,61,50,62,56,0,4
3,50,32,65,60,46,50,57,13,4
8,50,0,70,57,50,56,0,0,4
29,63,3,80,64,53,55,50,53,4
28,59,37,78,62,40,0,7,0,4
12,54,31,61,62,32,8,12,25,4
7,53,34,60,66,36,56,0,28,4
0,56,25,70,56,39,69,56,38,4
25,1,0,76,45,50,50,18,0,4
25,6,0,82,45,66,25,20,3,4
25,50,8,82,50,62,31,50,0,4
6,6,0,73,48,57,54,35,0,4
25,53,1,75,54,52,75,54,2,4
33,62,39,83,62,46,51,12,21,4
25,53,31,75,59,32,50,9,0,4
12,50,32,62,56,32,12,6,0,4
14,50,25,65,56,34,63,0,0,4
27,50,0,77,51,50,51,50,0,4
25,50,5,87,50,67,50,50,12,4
31,50,12,86,50,64,78,50,1,4
28,11,39,80,48,49,50,42,7,4
7,50,39,70,53,45,1,3,37,4
6,60,37,70,60,47,62,50,37,4
25,50,0,78,58,50,0,1,50,4
25,19,39,83,44,46,58,6,43,4
29,14,37,86,45,42,85,0,6,4
25,50,39,80,54,39,78,50,12,4
19,55,34,67,62,35,17,62,3,4
3,64,26,60,65,40,3,50,15,4
7,55,0,70,61,50,12,56,0,4
26,56,6,90,61,58,3,0,50,4
25,18,28,79,49,37,53,46,34,4
16,54,25,66,64,41,54,52,0,4
13,68,31,63,69,48,62,50,28,4
10,53,0,74,59,53,65,59,50,4
33,13,0,83,44,53,75,7,0,4
26,13,27,83,44,40,75,32,1,4
25,56,25,73,61,40,51,60,27,4
15,68,31,66,69,43,53,69,25,4
12,68,28,68,69,42,68,62,14,4
6,50,34,73,59,47,68,56,15,4
25,51,33,75,52,49,75,51,17,4
6,50,31,74,52,48,71,52,10,4
7,56,31,71,56,46,52,50,8,4
7,50,38,73,60,48,50,60,1,4
25,62,0,79,66,51,75,62,51,4
10,63,25,74,65,40,1,1,3,4
9,62,28,58,61,33,7,4,31,4
10,59,34,61,62,36,60,61,28,4
28,50,27,78,54,43,3,53,42,4
25,13,9,89,48,59,1,9,6,4
31,5,0,87,42,66,85,29,62,4
27,51,3,80,54,53,25,4,53,4
12,61,25,69,61,37,63,0,0,4
3,59,26,53,59,26,3,3,26,4
31,51,1,93,57,57,93,0,50,4
100,18,1,98,41,51,17,25,0,4
25,11,44,79,36,46,76,35,25,4
19,7,39,72,45,39,69,6,25,4
12,50,37,74,56,46,58,56,46,4
27,50,3,77,56,54,76,6,50,4
25,14,0,82,45,52,82,37,1,4
25,6,33,76,43,49,75,25,25,4
12,7,31,73,46,48,56,26,1,4
26,50,1,76,58,63,25,8,13,4
32,53,28,82,53,41,0,53,0,4
25,50,34,76,51,34,75,51,35,4
12,50,31,70,50,45,62,50,7,4
25,54,0,78,55,53,75,5,0,4
25,50,31,85,63,45,53,50,14,4
12,68,25,72,68,39,66,68,2,4
12,68,28,63,69,41,50,68,25,4
4,62,36,66,62,37,66,62,28,4
9,50,25,72,57,42,59,50,29,4
7,51,31,74,57,47,69,1,15,4
25,52,28,76,55,48,75,50,26,4
9,50,25,72,56,45,68,58,12,4
38,12,3,88,39,60,25,0,1,4
100,8,1,100,37,51,100,36,50,4
31,16,37,83,42,43,6,4,0,4
25,51,34,77,51,47,75,50,0,4
26,12,3,80,44,54,80,37,4,4
29,50,39,85,58,39,9,0,14,4
25,60,26,75,60,33,50,56,8,4
19,56,37,69,59,39,68,56,1,4
15,54,31,71,54,44,62,54,0,4
31,59,3,84,60,55,56,53,3,4
31,59,3,82,61,53,25,58,0,4
14,56,32,70,57,35,51,56,1,4
12,50,28,69,53,42,57,50,17,4
25,50,0,75,51,50,50,50,50,4
35,18,2,86,49,55,85,17,0,4
25,51,33,85,54,46,75,50,12,4
14,57,34,71,61,34,57,54,9,4
12,52,38,63,61,41,62,58,25,4
12,53,38,71,59,44,71,59,19,4
31,55,0,81,62,50,50,51,0,4
25,51,35,75,57,49,50,51,6,4
10,57,0,74,57,50,70,1,0,4
8,56,25,69,56,41,57,56,26,4
1,57,32,67,60,46,53,50,2,4
1,59,31,67,59,48,67,53,41,4
8,63,37,71,66,42,12,3,1,4
10,56,32,60,58,33,3,0,0,4
6,50,25,60,51,36,56,51,29,4
1,50,0,64,60,51,50,3,51,4
34,53,12,86,60,68,50,50,17,4
37,21,37,91,48,46,63,43,1,4
25,15,29,76,41,37,76,40,32,4
21,14,25,72,45,31,7,7,6,4
28,50,31,78,50,36,3,0,34,4
31,22,37,81,48,43,75,5,31,4
35,50,1,87,50,55,75,50,1,4
39,24,3,89,48,54,89,48,0,4
31,17,0,84,42,50,0,2,50,4
28,14,30,78,46,42,78,46,3,4
33,52,41,83,55,47,81,1,22,4
32,56,0,85,56,53,0,0,3,4
25,50,0,80,50,52,79,50,0,4
29,15,38,79,49,42,78,43,1,4
12,50,31,68,57,44,68,56,12,4
12,64,39,65,64,49,62,64,19,4
9,51,35,74,57,48,64,56,28,4
25,12,32,75,50,46,0,0,19,4
25,51,41,75,51,49,50,50,22,4
10,52,38,73,55,43,50,50,3,4
9,62,31,72,62,44,50,50,18,4
0,62,41,66,69,48,50,63,6,4
3,53,1,66,64,50,62,62,0,4
6,57,31,68,58,45,62,57,26,4
0,50,39,67,62,45,53,62,25,4
2,60,37,67,61,48,64,61,28,4
7,50,36,73,58,49,66,58,20,4
8,59,35,71,61,49,57,50,19,4
7,63,0,71,63,50,19,12,50,4
14,69,42,70,71,48,8,7,46,4
3,63,41,68,66,41,3,12,40,4
7,57,37,73,58,37,1,0,12,4
4,50,32,75,50,47,25,50,18,4
31,6,0,82,44,60,81,0,3,4
34,2,0,86,40,58,1,0,1,4
25,6,0,75,44,50,75,37,0,4
25,17,39,85,49,46,9,23,8,4
17,53,34,67,59,34,0,59,6,4
13,52,37,65,65,43,65,63,18,4
4,52,1,73,58,55,62,58,0,4
25,50,0,87,50,63,87,50,13,4
26,14,33,78,45,49,75,7,43,4
28,52,1,78,52,51,78,52,51,4
25,65,37,82,66,47,56,62,41,4
25,56,25,75,56,26,0,56,0,4
21,58,26,73,58,39,6,7,14,4
18,56,37,71,60,42,71,60,12,4
25,52,33,75,58,46,50,57,19,4
19,53,26,69,54,27,62,54,2,4
25,18,37,75,44,39,50,32,13,4
48,7,1,98,32,57,84,0,7,4
45,7,6,95,36,54,93,3,4,4
25,15,37,76,47,40,1,12,26,4
15,53,25,67,53,30,53,50,0,4
25,56,39,75,57,46,50,57,45,4
32,50,1,94,50,64,68,50,2,4
103,22,12,102,46,62,100,38,0,4
28,19,26,78,44,39,75,0,0,4
19,51,28,69,52,30,62,51,25,4
14,57,26,71,57,29,13,50,4,4
26,11,0,76,49,54,50,39,0,4
38,13,12,101,38,69,1,0,57,4
100,17,32,103,42,35,103,25,35,4
22,50,6,74,62,22,50,62,16,4
10,68,12,60,68,22,50,0,12,4
9,67,32,60,68,32,60,65,7,4
20,56,0,78,55,53,50,54,0,4
37,50,0,94,50,57,56,50,0,4
37,25,0,87,41,57,37,0,7,4
32,12,0,87,43,58,60,31,0,4
25,20,46,77,48,46,26,48,32,4
19,13,25,69,47,33,62,40,3,4
50,50,25,77,53,30,50,53,4,4
50,20,5,81,45,55,50,31,0,4
41,25,17,92,45,67,16,6,12,4
32,14,39,83,42,42,83,5,15,4
51,14,38,73,42,39,62,28,15,4
53,12,33,74,38,46,67,25,1,4
37,0,3,89,32,53,51,32,53,4
47,25,7,98,37,60,38,25,4,4
51,51,1,92,54,48,3,3,23,4
57,55,25,71,55,26,0,1,0,4
50,14,37,68,49,37,50,47,12,4
40,1,0,92,27,57,53,0,0,4
100,0,3,100,25,62,100,0,61,4
35,15,6,86,41,56,31,12,0,4
22,50,43,74,50,46,4,52,44,4
50,9,50,88,35,53,75,28,53,4
54,0,0,74,39,45,1,0,25,4
50,15,0,68,41,45,68,12,45,4
18,11,0,70,49,35,56,49,3,4
16,9,39,66,47,39,53,25,25,4
25,12,0,75,48,57,25,9,0,4
37,16,50,92,47,66,75,12,1,4
28,13,45,85,44,46,53,44,40,4
26,50,39,76,56,38,76,0,12,4
20,56,31,70,59,36,57,56,34,4
19,53,39,71,59,45,51,56,6,4
28,53,1,78,55,55,28,54,55,4
37,15,0,88,46,57,37,12,6,4
37,0,0,86,35,50,59,34,50,4
26,12,43,80,37,45,4,12,7,4
25,14,41,76,49,41,0,7,37,4
20,56,44,74,57,45,5,1,39,4
18,50,40,72,56,46,56,56,0,4
25,53,4,84,54,56,78,0,56,4
38,17,0,88,49,50,25,30,50,4
25,13,44,78,46,44,78,14,13,4
25,12,42,75,49,42,50,30,42,4
25,50,42,75,50,48,25,50,48,4
26,9,0,81,46,61,50,13,1,4
25,6,3,82,45,60,75,43,59,4
28,5,40,84,30,46,50,26,25,4
25,1,0,84,39,50,56,14,0,4
25,50,6,76,50,56,25,50,56,4
28,50,9,81,53,61,75,53,3,4
34,50,14,85,50,64,28,0,1,4
25,7,0,75,49,44,25,41,43,4
16,51,32,66,51,33,15,0,2,4
14,56,38,64,57,38,12,0,37,4
25,50,38,84,50,40,34,50,0,4