-62,3,-1,64,40,19,8,26,59,4
-61,5,2,65,46,24,2,25,63,4
-55,13,5,59,44,25,-1,27,61,4
-29,12,11,54,39,23,0,25,55,4
-26,10,12,53,32,22,1,23,50,4
-54,16,2,50,24,21,3,20,45,4
-67,25,-5,43,14,20,3,16,39,4
-48,41,-2,39,12,19,1,16,35,4
-12,60,14,37,14,17,0,16,33,4
47,65,15,37,16,14,3,16,30,4
-6,62,12,37,23,13,5,14,23,4
-30,42,11,34,24,12,3,13,23,4
-4,33,2,35,22,12,-1,15,32,4
-10,48,-4,50,22,12,0,19,39,4
-30,63,-3,60,26,12,0,25,44,4
-20,61,-1,65,35,9,2,31,53,4
-36,32,-1,51,35,11,3,28,56,4
-62,39,-3,46,31,11,7,28,58,4
-47,44,-3,52,37,4,10,29,55,4
-38,42,4,46,33,7,13,22,49,4
-29,41,3,35,19,10,10,17,44,4
-16,51,3,32,14,9,5,14,37,4
-13,54,5,27,12,6,1,13,30,4
2,58,8,22,10,6,-1,12,28,4
5,66,11,27,12,6,-3,14,26,4
-5,78,7,27,16,0,-1,16,26,4
-14,66,5,34,26,1,6,18,30,4
-34,29,-5,45,33,12,10,18,35,4
-35,9,-8,42,40,17,12,21,43,4
-50,1,-16,51,55,21,4,19,51,4
-62,8,-4,59,56,22,-2,25,63,4
-51,0,-1,66,51,19,0,28,62,4
-48,6,0,60,43,22,1,28,58,4
-47,2,3,54,36,21,3,26,52,4
-37,8,12,48,25,19,3,22,48,4
-44,12,8,44,18,18,2,18,39,4
-49,21,3,40,16,16,2,14,36,4
-37,40,25,40,17,14,4,13,32,4
-25,60,30,40,21,15,5,13,30,4
22,69,13,33,27,13,6,16,21,4
5,72,7,28,22,12,2,17,21,4
-13,47,9,36,16,11,-1,18,25,4
-17,34,3,47,22,7,-5,19,35,4
-13,58,-5,59,28,3,-5,23,46,4
-31,66,-10,63,36,1,1,30,50,4
-35,41,-7,55,38,4,1,28,58,4
-39,42,0,54,39,3,1,26,62,4
-57,40,5,55,42,2,5,31,59,4
-46,33,3,48,32,7,10,25,51,4
-41,43,2,40,23,10,7,21,48,4
-24,46,4,40,17,11,4,19,39,4
-13,48,3,32,12,10,2,16,34,4
3,54,4,27,9,8,0,13,30,4
8,56,11,21,10,5,-3,12,24,4
2,71,17,23,16,5,-4,11,23,4
-10,75,14,27,23,5,2,10,25,4
-29,46,2,41,34,8,5,11,28,4
-35,22,-5,38,36,12,8,15,39,4
-34,7,-11,51,46,16,8,21,50,4
-63,14,-14,62,46,19,7,26,62,4
-62,11,-8,60,45,19,3,25,63,4
-55,0,0,61,41,18,0,26,60,4
-51,7,4,58,34,19,-2,24,60,4
-41,9,10,53,26,19,-1,21,57,4
-37,15,11,51,25,19,0,20,46,4
-41,18,6,42,25,20,3,18,40,4
-46,20,3,39,23,18,3,15,36,4
-44,51,7,38,19,16,2,12,33,4
-5,48,21,39,20,15,1,12,30,4
33,58,9,37,21,13,3,11,28,4
-7,70,9,36,21,12,4,12,25,4
-17,40,11,35,21,10,0,16,29,4
-5,60,8,46,17,8,-2,21,33,4
-26,69,0,52,22,5,3,28,46,4
-32,35,-1,57,25,1,5,26,50,4
-36,37,-3,48,26,0,0,18,57,4
-49,40,-5,41,30,-1,0,17,59,4
-49,43,-3,43,25,1,5,23,55,4
-41,39,0,46,22,5,9,22,51,4
-35,41,3,44,20,8,10,19,46,4
-17,48,1,37,19,10,5,16,37,4
-14,48,3,29,19,12,3,15,33,4
-6,47,5,31,21,11,-2,17,29,4
16,62,13,32,23,8,0,18,25,4
14,79,14,35,38,7,3,12,22,4
-7,70,12,37,48,9,0,9,27,4
-20,51,5,35,42,12,-5,13,37,4
-31,19,-3,37,37,17,-5,19,42,4
-43,6,-10,53,37,16,-1,23,52,4
-64,15,-8,63,37,17,4,25,61,4
-67,8,-4,57,37,18,5,25,62,4
-59,8,0,50,35,17,2,22,60,4
-41,8,7,52,33,16,0,22,56,4
-30,9,11,54,30,16,0,21,48,4
-43,15,3,50,25,17,0,19,43,4
-51,14,-1,42,25,18,0,15,36,4
-41,20,-7,33,21,16,0,13,32,4
-37,44,18,38,20,15,1,15,30,4
21,79,12,44,21,13,1,17,30,4
13,67,12,41,19,10,2,17,25,4
-31,39,15,37,19,9,-1,16,30,4
-5,33,-3,41,20,9,0,18,35,4
-19,48,-5,47,21,7,3,23,47,4
-42,76,5,48,28,3,5,21,53,4
-25,44,5,45,26,6,1,17,58,4
-63,30,-1,45,24,7,3,22,59,4
-61,38,-4,45,27,5,6,24,56,4
-33,44,-5,44,25,8,7,23,48,4
-24,45,0,41,20,10,4,21,42,4
-18,45,4,36,20,9,2,18,35,4
-10,50,7,33,23,8,0,16,30,4
1,53,11,28,26,5,-5,18,26,4
14,75,17,32,30,3,-6,19,25,4
7,75,22,34,37,5,3,13,24,4
-13,57,11,31,45,8,5,9,28,4
-28,34,1,37,41,14,-1,11,37,4
-43,10,-8,44,41,18,-2,23,51,4
-64,7,-9,66,43,19,6,25,59,4
-64,2,0,61,41,20,9,22,60,4
-57,-5,1,46,38,23,1,22,58,4
-44,10,5,48,39,21,1,21,57,4
-30,10,10,56,38,17,2,20,55,4
-31,12,8,51,32,19,7,18,48,4
-53,15,3,42,31,19,7,16,42,4
-57,21,2,38,28,18,5,14,38,4
-40,43,7,38,23,18,2,12,35,4
-28,55,2,41,23,16,2,11,32,4
24,55,7,37,20,16,2,11,31,4
9,78,9,37,21,12,5,12,27,4
-41,38,13,38,26,5,3,15,29,4
20,44,12,39,28,1,1,20,34,4
0,75,6,43,28,3,2,26,46,4
-54,49,-7,53,37,-1,2,27,54,4
-38,31,-5,46,43,-3,-2,22,59,4
-46,37,-7,35,34,6,0,19,57,4
-40,45,-7,38,30,7,4,25,53,4
-41,44,0,43,33,10,11,21,47,4
-38,40,3,44,26,12,10,18,42,4
-16,48,2,40,21,12,4,18,37,4
-10,49,1,33,23,9,2,18,33,4
-6,54,10,30,25,8,0,16,27,4
17,83,17,34,39,8,0,17,24,4
14,95,16,42,42,9,0,16,25,4
-21,55,6,36,44,8,5,11,28,4
-32,24,-1,39,43,15,0,12,35,4
-40,-3,-16,49,41,17,-4,24,54,4
-65,-5,-17,56,40,17,5,28,57,4
-69,-1,-5,50,42,17,11,23,56,4
-58,-1,-2,46,37,16,6,22,58,4
-43,1,0,50,36,16,2,21,58,4
-32,6,6,53,36,14,3,19,55,4
-39,14,7,48,34,15,6,18,50,4
-60,24,2,39,31,17,7,16,41,4
-62,23,0,37,25,19,5,14,37,4
-33,32,4,38,20,19,2,12,33,4
-25,78,5,35,16,14,3,10,30,4
85,58,0,35,12,14,5,11,24,4
26,66,2,37,17,12,4,12,23,4
-68,16,3,43,32,6,-2,18,27,4
-31,23,9,47,39,1,0,26,38,4
-5,83,5,44,57,-6,7,31,48,4
-13,67,-1,39,61,-2,8,27,54,4
-47,30,-8,35,49,3,-1,22,57,4
-67,22,-7,43,49,1,1,25,59,4
-48,48,-5,43,50,0,7,27,53,4
-27,57,0,44,30,11,10,24,46,4
-21,38,5,42,25,11,6,23,42,4
-17,46,8,35,23,10,3,19,35,4
-7,55,7,32,30,8,0,17,30,4
5,66,11,30,31,8,-3,18,26,4
14,80,18,33,30,4,-2,18,22,4
-8,66,14,27,38,4,1,14,21,4
-32,28,-3,32,42,11,1,11,26,4
-31,7,-13,33,37,20,-5,18,38,4
-48,10,-19,48,41,21,1,26,58,4
-71,17,-17,58,48,19,12,29,60,4
-69,-4,-3,53,48,16,3,25,60,4
-57,-3,-1,39,48,13,-2,24,59,4
-31,5,7,44,48,12,0,23,56,4
-16,12,11,45,44,12,1,21,51,4
-39,20,6,41,41,13,3,18,46,4
-62,17,3,34,36,15,3,14,38,4
-60,10,5,32,33,15,3,13,34,4
-28,44,19,32,30,14,3,11,30,4
5,66,7,34,27,13,3,10,28,4
19,74,12,33,25,11,5,12,23,4
-21,51,12,31,21,8,3,14,24,4
3,36,4,38,21,7,-5,20,33,4
17,52,0,46,24,6,-4,26,41,4
-66,89,-2,55,32,5,1,30,53,4
-35,41,1,50,43,2,5,26,60,4
-50,28,-3,46,44,4,0,21,62,4
-57,41,-3,33,34,8,4,24,57,4
-44,50,0,37,39,1,14,28,51,4
-35,35,9,38,34,5,13,23,39,4
-18,39,7,36,20,12,8,17,37,4
0,60,0,32,25,11,5,17,30,4
7,58,4,33,24,9,0,19,26,4
22,76,8,32,26,8,-4,18,24,4
13,95,17,30,28,11,-4,18,25,4
-13,63,7,25,44,10,2,12,25,4
-39,12,-8,36,53,12,0,12,33,4
-46,1,-9,44,50,19,-3,17,46,4
-66,6,-10,49,48,24,4,24,64,4
-62,6,-6,55,53,23,12,23,63,4
-51,-1,-2,43,48,22,3,23,62,4
-43,5,0,47,44,21,1,23,59,4
-34,2,8,49,41,17,3,18,56,4
-41,6,7,44,29,15,4,15,48,4
-57,17,0,37,24,15,3,14,42,4
-56,17,-2,32,24,16,2,10,33,4
-39,19,-6,30,24,17,0,8,31,4
-23,59,14,31,21,16,0,9,26,4
32,79,17,32,21,17,0,10,24,4
31,100,8,32,23,16,-2,12,27,4
-16,47,22,37,23,14,-4,17,32,4
-27,53,13,48,25,14,-2,22,44,4
-22,56,-1,75,47,5,10,34,51,4
-55,41,-8,61,63,4,8,30,59,4
-39,35,-5,29,48,12,5,23,61,4
-53,45,-5,35,45,5,9,25,57,4
-53,46,-1,44,50,0,16,19,51,4
-37,37,2,37,33,8,16,14,45,4
-19,47,2,32,28,10,10,12,39,4
-4,49,3,30,22,8,6,12,35,4
1,56,7,29,18,9,2,12,32,4
12,62,11,31,17,8,-4,16,28,4
14,78,15,31,15,7,-7,19,25,4
-7,70,12,32,18,8,1,17,22,4
-35,50,-3,28,29,12,6,13,25,4
-45,14,-7,32,37,10,7,16,35,4
-49,2,-5,44,57,16,8,17,49,4
-69,0,-5,62,62,18,10,25,66,4
-64,-3,-1,67,56,18,5,31,69,4
-57,7,-1,55,46,19,4,29,64,4
-47,3,1,54,40,19,3,25,54,4
-36,2,9,50,27,19,4,17,50,4
-41,10,5,45,21,18,5,13,40,4
-45,15,-2,41,23,17,4,13,36,4
-41,12,-5,38,25,14,1,12,33,4
-55,67,10,35,25,14,1,13,33,4
11,66,26,35,23,14,7,12,27,4
26,58,14,34,22,12,8,12,25,4
-36,36,4,37,22,7,1,16,30,4
-21,41,-1,39,22,5,-1,20,36,4
-11,87,10,48,25,5,1,28,42,4
-22,78,1,59,38,0,11,33,53,4
-33,33,-3,52,43,1,12,26,60,4
-71,29,-6,34,45,3,8,21,61,4
-42,42,-1,33,45,2,8,20,53,4
-31,53,-2,41,34,5,15,19,49,4
-20,44,4,35,34,8,20,16,46,4
-12,46,10,32,32,12,10,16,34,4
0,59,7,32,18,14,2,16,25,4
5,69,12,25,19,14,0,16,21,4
22,79,12,27,31,10,1,16,19,4
-11,65,16,33,38,5,0,16,21,4
-34,48,2,37,54,8,6,12,27,4
-46,15,-10,44,50,11,7,16,38,4
-48,6,-12,50,44,15,13,27,58,4
-70,2,-5,53,41,17,16,26,62,4
-61,0,-3,48,42,18,4,27,62,4
-53,0,0,48,43,18,1,25,59,4
-39,2,5,52,41,16,4,23,57,4
-35,4,10,52,39,15,7,20,49,4
-39,14,5,38,35,17,3,19,43,4
-41,19,-4,30,30,17,2,13,37,4
-38,29,-2,31,25,16,0,12,34,4
-41,34,3,37,24,15,-1,12,31,4
-25,40,21,34,21,13,0,12,31,4
23,99,12,35,21,12,5,12,26,4
26,76,8,35,22,12,6,16,27,4
-17,35,5,43,28,10,7,18,34,4
-50,34,12,51,34,8,9,26,45,4
-47,66,0,59,40,6,14,33,50,4
-30,49,3,53,44,5,15,31,58,4
-49,32,-3,41,41,9,12,28,58,4
-51,35,-3,40,36,8,17,25,52,4
-41,45,-1,44,36,5,21,23,47,4
-30,43,2,36,26,8,18,17,39,4
-13,49,5,35,18,10,14,15,34,4
-9,44,8,28,11,12,10,15,30,4
6,54,14,25,12,11,5,15,25,4
13,72,20,31,20,10,4,17,25,4
7,75,24,33,27,7,9,16,27,4
-22,62,0,37,36,7,13,12,29,4
-32,38,-10,38,39,16,10,8,37,4
-44,7,-12,38,44,21,10,15,47,4
-61,9,-14,53,45,22,10,23,58,4
-63,-2,0,53,41,22,7,22,60,4
-52,10,0,50,41,22,5,21,60,4
-33,12,1,50,41,20,5,22,55,4
-20,9,7,47,38,19,6,19,51,4
-37,12,3,40,32,16,8,15,43,4
-61,17,-3,36,27,16,7,14,38,4
-55,17,-3,33,24,16,7,12,33,4
-39,54,9,33,22,16,7,11,30,4
-4,50,20,35,21,15,8,12,26,4
34,65,19,30,21,14,9,12,24,4
-13,51,8,31,19,14,4,14,28,4
-34,52,17,44,19,12,0,20,41,4
-33,80,23,57,26,11,6,24,51,4
-22,38,1,73,42,4,14,35,56,4
-50,37,-9,54,46,8,11,32,60,4
-56,37,-8,37,40,12,10,24,57,4
-43,46,-3,46,36,7,15,25,53,4
-39,44,0,45,36,6,17,20,45,4
-26,42,3,37,20,12,13,14,39,4
-19,41,5,26,16,12,9,14,32,4
-10,46,8,25,14,9,7,15,28,4
3,56,12,25,12,5,6,16,27,4
7,66,18,28,11,7,6,19,28,4
5,57,29,33,17,7,12,21,30,4
-19,61,12,28,26,4,15,13,28,4
-29,31,-3,29,43,10,10,9,30,4
-25,18,-7,36,53,15,3,15,43,4
-54,14,-10,43,61,20,5,22,53,4
-64,7,-8,60,55,22,10,24,60,4
-67,-6,-1,61,48,24,6,24,63,4
-60,11,-2,51,38,25,7,25,61,4
-33,15,5,48,33,25,9,19,53,4
-17,5,10,47,28,22,10,15,48,4
-48,12,0,43,25,21,7,12,41,4
-65,17,-6,37,25,20,5,11,36,4
-37,32,-6,32,23,17,6,9,32,4
-14,53,14,31,20,16,7,8,30,4
20,62,21,34,21,14,8,10,26,4
7,60,19,32,20,13,6,9,28,4
-7,71,11,40,20,12,5,14,34,4
-28,53,7,51,24,12,9,23,44,4
-25,48,5,66,32,6,12,29,50,4
-34,42,-7,57,42,3,8,27,56,4
-48,39,-3,35,39,8,12,22,58,4
-55,38,-2,41,41,2,16,22,54,4
-33,44,0,42,37,3,19,19,49,4
-23,49,3,35,29,7,18,14,42,4
-14,50,7,32,18,13,15,14,37,4
-5,50,11,27,14,12,12,14,32,4
-9,55,22,26,10,9,7,14,27,4
15,76,24,25,7,10,3,13,28,4
-14,77,31,28,12,13,1,17,25,4
-18,70,10,30,27,8,7,14,26,4
-29,38,-13,36,37,7,14,12,37,4
-33,19,-26,49,49,18,15,18,45,4
-35,8,-16,47,55,22,12,23,58,4
-77,-15,-15,65,55,23,7,25,62,4
-85,-23,0,60,46,20,8,28,61,4
-59,1,-10,55,37,18,11,27,58,4
-37,8,-5,54,33,17,12,22,53,4
15,8,11,48,28,17,10,16,42,4
-16,13,-3,37,23,15,7,12,36,4
-82,27,-21,32,18,13,5,7,27,4
-48,53,14,29,16,13,1,5,24,4
-1,62,19,32,16,12,-1,7,23,4
96,87,23,34,17,10,-3,10,25,4
14,74,11,36,19,9,-8,17,35,4
-68,35,5,46,21,9,1,23,44,4
-41,36,21,67,34,7,7,26,51,4
-48,58,-4,71,45,6,15,31,58,4
-37,38,-3,48,41,10,12,23,62,4
-59,33,-3,42,37,7,14,28,58,4
-57,39,0,51,39,3,19,25,55,4
-38,41,3,44,28,7,15,18,46,4
-21,46,2,31,20,9,12,16,40,4
-14,43,3,27,15,6,5,16,32,4
-5,49,5,26,13,3,3,16,28,4
10,53,-1,31,10,1,1,19,25,4
10,73,17,30,9,4,0,19,24,4
12,67,25,33,10,6,1,19,25,4
-19,60,5,33,17,6,12,13,30,4
-35,40,-1,33,26,11,13,10,37,4
-39,14,-12,42,48,19,9,14,51,4
-67,3,-9,54,55,20,10,21,62,4
-67,4,-2,63,57,20,8,24,64,4
-51,5,0,59,53,21,3,24,62,4
-44,12,3,55,47,20,4,23,55,4
-29,9,10,46,35,18,7,18,50,4
-37,12,8,44,30,18,10,15,44,4
-58,15,0,42,23,16,8,13,37,4
-47,17,-1,38,19,16,7,11,33,4
-36,61,14,39,21,16,6,9,32,4
0,65,17,42,24,15,9,10,31,4
12,87,16,37,22,15,11,12,26,4
-23,25,19,32,17,15,6,12,25,4
-20,18,2,36,18,14,0,18,38,4
-20,67,-6,64,25,6,2,29,43,4
-39,75,-3,69,35,0,6,36,50,4
-9,47,3,60,40,-2,11,26,58,4
-17,45,-1,36,39,2,14,21,57,4
-76,35,-5,36,37,2,14,19,54,4
-56,36,-2,40,34,3,16,18,49,4
-28,45,0,39,25,8,17,18,41,4
-8,51,0,34,14,11,14,18,36,4
1,50,5,30,11,10,9,19,29,4
1,41,15,28,9,8,4,20,26,4
10,79,14,32,7,5,3,22,25,4
9,82,16,33,13,4,4,21,22,4
-23,58,13,34,30,5,9,13,25,4
-46,26,-6,37,34,10,10,7,40,4
-41,11,-11,42,41,10,9,10,49,4
-56,-3,-7,57,55,20,10,20,58,4
-70,4,-6,64,54,20,7,23,66,4
-59,-3,-2,57,49,19,9,25,64,4
-48,-1,-1,57,46,19,8,22,58,4
-46,3,5,50,39,18,7,17,53,4
-40,10,6,43,35,17,7,15,45,4
-33,14,8,39,31,17,7,14,38,4
-28,8,0,37,30,14,5,11,32,4
-38,50,0,35,28,13,3,11,31,4
-17,65,8,32,28,10,7,10,29,4
1,50,16,30,26,5,9,9,25,4
-2,51,28,28,22,4,0,13,28,4
22,47,8,34,21,0,-4,21,35,4
1,64,-4,44,23,-4,0,28,39,4
-62,58,-1,50,25,-5,8,29,50,4
-35,38,0,50,27,-3,5,24,55,4
-24,40,-6,40,32,0,4,15,57,4
-55,44,-8,37,30,3,5,19,53,4
-52,39,-1,38,23,7,12,21,50,4
-39,37,2,42,19,8,14,21,45,4
-18,44,3,41,14,11,10,19,36,4
-6,49,4,33,13,10,7,21,32,4
-4,56,12,29,15,8,6,20,29,4
15,67,19,27,28,3,5,18,26,4
0,82,25,28,37,1,5,16,24,4
-9,73,7,31,47,-1,9,12,29,4
-29,41,-4,32,56,7,9,12,34,4
-45,6,-16,34,57,12,7,20,48,4
-59,0,-12,43,56,13,10,26,55,4
-73,2,-2,46,56,14,18,27,61,4
-60,-9,-3,51,53,16,16,25,60,4
-42,0,1,50,50,14,12,23,55,4
-30,1,6,42,49,14,10,19,49,4
-29,6,4,39,43,15,12,17,46,4
-55,12,-2,41,37,16,9,16,39,4
-56,17,0,35,31,16,7,13,35,4
-30,41,6,35,28,16,5,11,32,4
-31,89,13,37,25,17,2,12,30,4
79,52,9,35,20,14,0,15,26,4
28,74,7,33,16,12,0,18,27,4
-56,75,11,47,20,7,0,22,34,4
-53,30,19,56,26,1,6,29,45,4
-21,47,0,57,34,0,11,26,52,4
-40,51,-11,46,37,1,15,16,58,4
-39,37,-6,35,38,1,13,16,57,4
-48,42,-3,28,36,0,12,15,50,4
-41,38,0,28,30,5,15,12,47,4
-28,43,0,36,22,9,14,13,42,4
-17,47,1,38,17,9,12,14,37,4
-5,60,-1,26,13,12,9,17,32,4
3,75,1,25,14,11,6,19,28,4
1,74,23,27,14,10,7,20,24,4
0,88,17,27,26,11,9,14,25,4
-25,57,7,37,36,10,9,10,30,4
-36,27,-7,39,39,15,8,12,38,4
-43,-7,-19,46,58,14,6,18,50,4
-65,-3,-16,49,63,16,10,22,60,4
-69,2,-3,47,66,14,6,23,63,4
-53,-3,-1,44,64,14,3,28,61,4
-40,0,0,51,50,14,5,26,59,4
-34,0,4,50,43,16,8,20,55,4
-25,7,10,43,38,16,10,16,47,4
-47,15,3,36,34,15,9,15,42,4
-62,15,-5,32,32,14,8,10,36,4
-59,47,5,35,31,14,5,8,32,4
6,72,21,35,28,12,4,9,28,4
40,59,7,28,25,11,5,10,25,4
-7,50,16,30,26,8,3,13,24,4
-18,76,23,34,27,4,0,17,28,4
0,57,10,42,30,3,0,24,39,4
-14,35,1,54,36,0,10,33,47,4
-50,46,-10,46,36,5,8,28,51,4
-53,41,-10,37,30,11,9,19,58,4
-45,40,-3,43,36,4,12,22,60,4
-48,44,-3,46,37,3,19,22,54,4
-43,41,2,42,26,8,23,20,50,4
-30,44,1,36,19,12,17,16,41,4
-19,44,3,32,16,11,13,16,33,4
13,30,14,26,12,10,8,14,28,4
5,72,3,26,10,10,3,15,23,4
4,69,12,27,17,8,3,16,23,4
-5,73,8,33,33,4,11,12,29,4
-25,53,0,36,44,7,15,13,33,4
-30,31,-3,35,50,13,16,13,42,4
-45,3,-5,37,57,17,11,19,52,4
-70,1,-5,51,62,16,6,25,60,4
-65,0,-2,41,55,18,8,25,60,4
-43,11,0,42,50,17,9,23,57,4
-35,6,3,50,45,15,10,21,53,4
-32,9,5,47,41,16,10,18,49,4
-44,16,3,38,37,16,9,14,42,4
-54,23,-4,35,33,16,8,13,38,4
-43,39,-1,37,30,14,8,12,35,4
-23,61,20,36,29,14,9,12,32,4
22,50,10,35,26,15,12,11,26,4
11,69,12,29,24,14,10,10,24,4
-20,30,5,30,20,13,3,12,27,4
-25,26,7,40,20,8,1,20,37,4
-35,75,13,51,26,3,5,27,43,4
-34,65,3,55,38,-2,13,28,55,4
-30,38,-3,40,41,0,13,21,58,4
-53,31,-8,31,36,5,11,19,57,4
-53,39,-8,41,31,2,14,22,54,4
-42,48,-3,43,29,2,17,19,47,4
-28,42,3,41,16,11,13,19,42,4
-18,41,4,37,12,12,9,18,37,4
-11,47,4,26,11,9,5,18,30,4
3,54,9,26,14,10,3,17,27,4
12,53,17,28,21,8,3,19,22,4
14,76,24,32,37,1,4,17,21,4
-10,64,20,33,48,1,11,13,26,4
-42,41,0,30,55,12,10,13,35,4
-43,19,-7,37,50,14,6,22,50,4
-46,2,-11,46,50,15,10,28,58,4
-61,3,-8,53,46,16,12,26,62,4
-67,0,-1,55,48,17,10,23,62,4
-53,5,-1,51,48,17,10,23,58,4
-39,12,2,45,48,16,11,21,50,4
-24,13,8,42,42,15,12,18,46,4
-30,16,4,41,37,16,10,16,37,4
-49,19,-2,37,32,16,9,14,32,4
-44,27,5,33,26,15,8,12,29,4
-18,73,14,32,24,13,8,11,25,4
29,40,5,28,22,12,8,11,23,4
19,71,14,29,18,12,4,12,26,4
-38,53,11,40,18,6,1,17,37,4
-35,48,7,51,23,1,9,28,47,4
-38,55,-1,58,31,-1,14,32,53,4
-47,39,-7,44,37,1,11,19,60,4
-37,37,-6,32,35,4,12,17,58,4
-54,44,-7,40,27,5,15,21,51,4
-46,41,-2,42,30,1,19,19,48,4
-32,38,2,41,23,7,15,14,40,4
-19,47,4,33,16,11,12,14,35,4
-11,50,6,28,17,11,8,15,32,4
-13,53,16,27,16,11,4,17,26,4
2,78,10,32,25,8,3,19,26,4
1,78,20,36,36,5,8,19,28,4
-21,53,12,29,46,8,15,12,30,4
-38,28,-3,32,48,13,11,11,39,4
-43,5,-14,37,49,17,5,17,48,4
-56,-1,-12,49,50,17,7,25,58,4
-64,0,-5,50,51,14,11,24,58,4
-49,1,0,44,48,16,9,23,57,4
-36,8,3,47,47,16,6,21,55,4
-24,7,8,48,45,14,7,19,51,4
-34,12,5,43,39,16,11,16,44,4
-57,19,1,36,33,17,11,14,38,4
-57,35,0,36,32,18,12,10,36,4
-23,69,12,39,31,16,14,10,34,4
28,63,9,33,30,15,12,14,23,4
39,77,12,30,24,17,3,16,24,4
-12,44,10,34,21,14,-1,18,33,4
-74,32,-1,48,24,12,3,18,42,4
-43,53,2,58,32,5,12,22,48,4
-33,49,-1,55,36,3,12,25,57,4
-36,35,-1,41,37,3,12,24,59,4
-53,38,-3,40,36,2,16,23,57,4
-58,39,0,39,33,0,20,22,53,4
-46,37,4,39,22,3,18,17,42,4
-8,48,3,32,16,7,14,16,36,4
3,57,3,25,10,7,5,16,29,4
-1,51,12,26,8,1,3,18,26,4
4,59,15,25,10,2,1,20,23,4
2,81,20,26,12,8,0,19,22,4
-15,64,6,30,16,9,1,19,25,4
-38,34,-3,33,32,9,14,10,33,4
-37,8,-11,39,47,14,14,7,43,4
-45,0,-7,50,68,16,18,19,65,4
-65,9,-4,51,64,21,17,26,66,4
-64,-1,-2,53,67,19,8,26,63,4
-51,5,3,51,61,21,6,22,58,4
-28,4,8,42,51,22,8,18,51,4
-38,12,6,46,36,22,10,15,43,4
-54,18,2,46,26,21,8,14,38,4
-44,20,11,37,21,18,6,11,30,4
-21,53,22,33,25,15,5,9,26,4
1,53,22,35,25,14,6,12,24,4
21,75,8,37,21,15,5,14,25,4
-20,81,14,40,18,15,-3,19,33,4
-16,61,27,55,26,11,-2,26,42,4
4,46,3,68,38,5,7,33,49,4
-65,42,-12,56,47,5,6,28,55,4
-85,37,-14,43,46,4,9,23,62,4
-26,43,-4,39,45,1,15,23,59,4
-44,49,-1,39,41,-1,21,23,54,4
-37,46,0,31,33,1,23,16,44,4
-31,38,5,30,17,8,19,12,37,4
-17,45,9,25,16,5,10,11,28,4
7,58,14,18,5,4,5,12,24,4
10,63,16,21,4,3,1,14,23,4
-3,78,19,23,8,4,0,19,24,4
-10,67,24,37,23,4,3,21,26,4
-34,37,-2,40,36,3,16,14,35,4
-34,7,-5,42,52,19,15,11,43,4
-43,-1,-17,41,66,23,11,18,60,4
-75,5,-12,52,73,24,12,23,65,4
-66,-4,-8,55,62,21,5,24,66,4
-49,4,-3,57,50,21,5,24,59,4
-37,4,0,52,41,23,8,20,53,4
-21,0,10,49,33,22,11,16,46,4
-33,11,5,43,23,22,8,16,39,4
-65,13,-8,39,23,21,6,12,30,4
-51,30,-1,38,24,21,7,10,26,4
-38,55,18,32,22,20,5,8,22,4
111,66,7,31,19,19,4,8,23,4
48,89,0,36,17,17,0,15,30,4
-96,78,6,50,21,14,3,24,42,4
-46,31,15,67,34,9,14,29,46,4
-23,43,-5,58,35,11,13,25,58,4
-53,48,-11,54,35,10,15,25,67,4
-44,40,-5,50,48,-2,14,28,61,4
-55,46,-5,37,44,-1,15,23,55,4
-37,44,0,26,28,0,18,16,48,4
-29,58,1,28,27,-1,17,12,38,4
-10,36,10,26,18,4,10,5,27,4
10,60,17,20,18,4,5,8,24,4
17,84,18,16,13,4,1,15,23,4
0,73,20,25,12,7,1,19,24,4
-30,51,12,36,19,10,6,20,27,4
-44,8,-1,40,31,17,12,14,37,4
-35,7,-5,49,44,18,12,16,49,4
-61,3,-8,59,65,18,17,22,62,4
-66,9,-3,55,68,25,14,21,62,4
-56,3,-1,55,63,29,5,21,64,4
-39,5,5,56,50,29,6,23,59,4
-29,4,10,49,39,31,7,17,50,4
-34,11,11,49,24,27,8,13,44,4
-45,13,5,46,20,23,7,11,36,4
-51,10,0,39,21,21,6,7,28,4
-36,37,8,30,22,17,5,5,26,4
2,45,-5,32,21,16,5,7,23,4
23,62,4,37,23,12,6,8,24,4
-26,71,10,38,22,12,1,16,30,4
-14,62,13,54,26,6,6,26,41,4
-4,87,8,66,36,-3,20,35,53,4
-57,31,-7,54,44,-5,18,25,57,4
-66,14,-11,33,37,3,12,16,62,4
-50,42,-11,37,32,1,15,20,59,4
-42,56,-6,41,35,-3,18,21,55,4
-27,46,1,35,26,2,20,19,45,4
-33,50,1,23,20,9,18,14,39,4
-11,47,8,27,12,8,12,10,29,4
4,53,10,22,13,8,6,12,25,4
2,70,8,27,10,12,1,16,21,4
-5,88,15,32,16,8,0,18,21,4
-20,63,15,37,33,10,3,18,24,4
-41,32,-2,44,40,12,10,16,37,4
-43,5,-7,47,52,10,14,18,47,4
-51,-8,-12,55,64,17,15,25,61,4
-64,0,-8,58,58,23,10,25,67,4
-57,-4,0,66,53,22,2,28,64,4
-49,-1,2,55,47,23,4,25,58,4
-39,2,3,51,35,22,10,18,49,4
-28,5,8,50,30,20,10,15,44,4
-36,16,10,48,29,19,8,12,36,4
-54,15,0,34,26,20,6,10,32,4
-48,31,9,34,23,19,5,9,29,4
-12,54,13,35,22,15,7,9,26,4
24,76,1,36,21,11,8,11,25,4
-19,59,21,34,16,4,2,16,29,4
-10,71,26,43,14,3,3,21,35,4
4,46,2,54,21,0,12,30,46,4
-53,50,-8,51,31,0,12,26,55,4
-57,36,-11,46,32,1,13,19,62,4
-21,45,-5,42,37,1,12,22,61,4
-47,52,-5,41,37,3,14,22,57,4
-48,42,0,38,32,9,18,17,48,4
-37,40,1,35,19,14,15,16,43,4
-7,48,8,30,15,13,8,13,33,4
8,58,8,31,8,10,4,14,27,4
8,66,11,23,13,5,0,16,25,4
8,74,14,30,21,1,1,16,22,4
-9,57,10,32,35,0,8,11,24,4
-22,39,-3,36,44,7,7,11,31,4
-38,-5,-8,35,49,15,6,13,39,4
-58,0,-10,43,57,18,7,23,56,4
-66,5,-8,66,66,19,11,28,65,4
-61,10,-4,51,59,20,12,25,64,4
-55,12,0,49,53,17,9,21,62,4
-40,5,7,55,48,17,11,18,55,4
-49,15,7,49,39,21,11,17,49,4
-57,14,8,43,31,19,9,14,40,4
-52,25,7,41,30,17,10,12,36,4
-37,54,20,39,27,18,8,11,33,4
1,58,16,37,21,18,7,10,29,4
27,69,12,35,18,16,9,10,26,4
-36,29,10,32,15,16,8,10,24,4
-39,25,1,30,13,10,8,10,27,4
10,64,-2,42,17,4,8,14,39,4
-14,81,0,50,26,3,13,20,48,4
-44,41,5,58,33,-1,17,28,60,4
-53,23,7,47,35,-4,12,26,65,4
-46,44,-5,37,41,-2,12,25,59,4
-29,51,-4,33,32,4,13,23,48,4
-21,49,1,37,25,6,12,19,43,4
-12,49,8,36,20,8,10,16,34,4
-2,57,13,31,16,10,8,14,29,4
21,67,22,25,16,13,6,14,25,4
0,83,19,29,21,13,5,17,25,4
-15,69,13,32,32,7,13,15,28,4
-28,38,1,41,48,13,12,12,33,4
-41,3,-11,39,44,15,11,12,41,4
-54,0,-12,39,58,18,16,13,50,4
-73,5,-10,55,69,24,17,14,62,4
-51,-6,-2,62,55,24,7,30,64,4
-40,0,0,50,43,25,2,25,59,4
-35,3,2,53,34,22,4,17,53,4
-31,8,5,55,23,19,8,15,48,4
-41,13,2,50,19,17,10,12,37,4
-47,12,-2,41,19,16,8,10,34,4
-46,41,5,38,22,16,9,9,28,4
-34,50,11,38,24,17,8,10,25,4
9,54,10,39,25,14,10,10,22,4
12,71,17,35,23,13,4,9,27,4
21,111,16,43,23,13,1,14,37,4
-19,30,7,62,29,11,10,28,46,4
-67,17,-1,69,42,6,14,37,53,4
-57,39,-16,51,45,4,9,23,65,4
-38,45,-11,34,42,5,13,22,61,4
-37,46,-3,41,34,2,18,25,53,4
-41,50,0,43,33,0,22,23,49,4
-41,34,1,30,19,5,23,15,42,4
-37,32,3,30,13,7,17,10,34,4
3,60,2,23,12,5,13,10,30,4
17,60,6,25,19,5,9,12,22,4
10,67,15,33,22,7,7,16,17,4
8,92,22,32,10,11,0,16,24,4
-23,64,11,42,7,10,2,15,28,4
-43,34,-8,39,24,14,11,9,37,4
-46,9,-17,46,39,22,10,12,49,4
-63,-12,-10,49,48,19,14,19,58,4
-53,3,-9,59,59,19,12,24,64,4
-58,-7,-7,64,62,21,6,26,66,4
-55,-5,-5,57,48,23,11,25,60,4
-42,3,1,55,42,23,13,21,56,4
-47,-5,12,50,35,21,13,18,46,4
-50,2,11,46,31,19,11,16,40,4
-57,16,0,41,28,18,7,12,34,4
-50,18,-5,35,27,17,5,10,30,4
-25,70,8,32,24,18,5,10,27,4
10,77,15,31,24,14,7,9,25,4
41,69,0,35,23,14,6,11,25,4
-28,64,3,39,21,13,4,18,33,4
-26,48,3,50,23,12,7,21,41,4
-19,53,5,66,32,5,18,32,52,4
-48,49,0,50,42,3,16,28,56,4
-45,31,-3,35,33,8,12,19,60,4
-50,35,-3,39,41,0,13,19,58,4
-45,42,-5,42,39,-2,18,17,49,4
-36,43,-4,37,18,6,17,14,45,4
-31,42,1,35,18,7,14,13,42,4
-19,48,3,33,14,7,10,14,35,4
-2,51,6,29,11,11,6,14,31,4
8,61,10,25,9,12,1,17,25,4
25,87,9,25,18,11,2,18,23,4
-6,75,19,33,34,6,11,12,23,4
-35,50,1,39,43,7,13,6,28,4
-36,7,-10,24,57,15,10,8,42,4
-47,-4,-13,33,64,21,7,19,55,4
-64,10,-12,59,62,20,10,26,62,4
-58,7,-4,53,51,18,9,23,63,4
-51,5,-4,51,42,19,6,24,61,4
-43,1,0,55,38,18,10,19,57,4
-35,2,5,52,36,19,14,15,51,4
-45,10,4,43,31,20,12,15,42,4
-52,10,1,39,27,19,12,12,35,4
-46,8,-5,37,25,19,9,8,28,4
-35,37,7,35,23,17,7,8,25,4
-3,48,9,30,18,18,6,9,24,4
46,73,0,33,16,17,5,12,26,4
42,-112,21,40,17,15,7,19,35,4
-35,85,5,63,27,10,16,28,50,4
-58,-13,3,73,35,5,27,32,55,4
-82,41,-10,43,44,6,11,24,62,4
-21,49,-8,34,30,8,8,19,59,4
-31,55,-1,41,33,2,12,19,51,4
-55,41,0,44,28,0,18,19,47,4
-36,29,7,36,21,0,19,15,40,4
-23,40,2,24,12,6,12,11,33,4
3,54,2,25,11,6,7,12,30,4
5,51,6,30,8,4,2,14,26,4
10,60,17,29,7,8,1,18,26,4
3,59,21,29,9,12,7,21,30,4
-20,75,13,33,32,9,18,12,30,4
-26,45,6,35,48,10,16,4,34,4
-39,11,-5,33,61,20,8,10,47,4
-61,5,-6,48,71,20,5,21,58,4
-66,14,-8,60,59,19,12,24,63,4
-56,4,0,50,51,21,8,22,62,4
-45,10,0,47,44,21,6,23,55,4
-28,5,4,49,33,21,9,17,52,4
-36,11,2,48,26,20,12,14,44,4
-52,12,1,43,26,20,10,14,39,4
-48,11,0,37,27,20,9,10,33,4
-32,14,-7,36,26,20,9,10,30,4
-41,42,16,37,23,19,9,11,26,4
0,59,19,35,21,19,11,11,26,4
47,96,9,37,18,17,12,12,27,4
-30,53,9,39,18,14,7,18,34,4
-26,50,12,53,23,12,7,23,47,4
-42,56,5,73,30,5,15,33,58,4
-25,49,-3,64,39,0,14,34,58,4
-50,35,-7,35,33,7,11,20,62,4
-52,44,-8,34,30,6,14,20,56,4
-39,48,-2,42,27,5,16,15,46,4
-29,42,4,42,16,7,14,12,42,4
-14,44,5,28,9,9,12,12,37,4
-7,52,7,22,7,9,8,12,29,4
8,54,11,22,7,8,3,12,25,4
12,63,15,22,5,11,0,16,24,4
-1,79,21,28,10,9,5,18,25,4
-21,74,10,37,31,0,17,12,31,4
-38,37,-2,37,41,1,16,10,33,4
-36,11,-5,36,55,16,12,16,45,4
-50,-5,-11,51,66,17,11,23,58,4
-73,5,-2,60,62,22,13,24,63,4
-64,-6,-3,55,51,24,8,22,62,4
-48,7,0,61,50,25,7,23,60,4
-38,3,5,51,39,25,11,18,54,4
-30,12,11,46,30,25,12,16,48,4
-37,19,5,42,26,22,10,14,38,4
-48,15,0,40,27,19,9,11,33,4
-45,9,-3,36,25,19,10,8,28,4
-35,60,4,35,21,17,12,10,29,4
-16,43,1,37,22,15,15,12,28,4
19,65,7,33,25,12,8,14,27,4
-8,57,9,31,21,10,0,16,32,4
1,63,9,40,20,8,0,22,44,4
-40,78,7,65,32,-2,8,30,50,4
-55,44,0,60,38,0,18,26,59,4
-45,25,-7,44,35,1,16,17,60,4
-47,38,-8,41,32,2,14,19,55,4
-43,48,-4,40,28,1,17,17,51,4
-42,43,1,37,17,5,19,16,47,4
-26,44,4,33,12,8,15,14,38,4
-7,43,7,32,8,10,12,15,32,4
1,55,8,31,9,8,13,14,27,4
8,64,16,23,10,7,11,14,24,4
11,71,20,21,12,10,4,16,23,4
-13,75,12,27,24,7,5,12,24,4
-28,53,1,35,45,7,12,6,32,4
-37,12,-9,33,60,12,10,11,42,4
-42,2,-10,46,68,21,7,22,55,4
-67,5,-5,60,64,18,5,27,63,4
-67,-2,-4,50,50,17,5,25,62,4
-50,8,-3,51,42,17,5,20,59,4
-29,2,6,54,37,17,7,16,55,4
-26,1,8,46,32,20,11,14,48,4
-50,17,0,43,31,19,11,14,43,4
-62,18,-1,41,28,18,10,12,37,4
-50,21,-7,39,24,18,8,10,34,4
-35,46,8,39,20,16,8,10,32,4
-1,53,15,37,20,14,13,11,30,4
20,50,8,33,21,13,14,12,25,4
-11,66,8,30,18,10,10,15,26,4
7,62,17,35,19,5,12,19,32,4
-1,76,17,47,24,-1,14,24,48,4
-53,38,-5,55,28,-3,14,27,53,4
-61,23,-8,45,33,0,5,19,63,4
-41,40,-7,38,33,3,7,17,61,4
-41,53,-8,37,30,4,14,23,52,4
-36,45,-2,42,23,9,16,19,49,4
-32,41,0,39,19,14,16,17,43,4
-12,44,5,37,18,15,11,17,33,4
-1,51,7,31,18,15,8,17,28,4
8,61,12,28,26,11,8,13,24,4
13,78,14,36,32,11,7,15,26,4
-9,71,17,33,31,7,12,13,25,4
-30,43,2,1,58,8,13,7,25,4
-39,12,0,16,74,12,4,12,44,4
-46,3,-4,47,59,11,3,22,57,4
-58,8,-5,51,53,11,8,26,61,4
-65,4,0,54,49,14,8,20,65,4
-53,-5,1,46,46,16,7,21,61,4
-39,3,5,41,46,16,10,12,54,4
-34,1,8,44,41,16,10,12,50,4
-40,9,6,43,35,18,10,14,41,4
-50,14,2,39,27,18,9,12,35,4
-48,11,3,36,24,19,9,11,30,4
-32,58,14,33,23,19,9,12,29,4
-6,59,1,34,18,16,13,13,28,4
3,67,10,34,19,12,16,14,26,4
-18,47,17,33,18,8,12,19,28,4
21,51,4,37,19,5,10,24,38,4
-6,69,1,44,25,0,14,25,48,4
-66,55,-7,46,37,-5,3,24,54,4
-31,30,-2,42,34,1,-1,17,62,4
-48,41,-5,36,37,1,9,21,57,4
-43,45,-1,41,35,2,12,25,51,4
-41,46,-2,44,23,9,14,25,47,4
-21,39,3,39,20,13,15,20,37,4
-10,45,7,32,23,13,15,16,30,4
1,57,10,28,36,10,11,13,25,4
6,63,13,33,33,5,9,11,22,4
8,75,17,28,44,6,8,12,22,4
-10,62,21,37,45,7,9,14,28,4
-44,49,0,35,39,14,8,17,37,4
-42,5,-9,36,34,19,9,17,47,4
-49,0,-11,48,35,19,10,23,57,4
-64,3,-6,60,41,17,5,25,65,4
-63,6,-3,56,46,16,0,24,66,4
-52,4,-2,50,54,16,0,21,61,4
-39,9,3,46,53,16,3,19,57,4
-32,4,12,44,45,16,7,17,49,4
-37,14,7,43,36,17,8,16,42,4
-53,24,-5,38,32,19,10,10,35,4
-42,23,-4,33,25,19,10,10,31,4
-41,43,10,32,21,18,11,10,28,4
4,37,22,32,19,17,15,10,25,4
31,55,0,33,17,14,16,13,23,4
-22,66,8,29,15,12,12,16,23,4
3,79,13,33,16,11,14,19,31,4
4,68,11,46,19,5,19,29,48,4
-44,43,-3,56,26,-6,11,29,52,4
-58,25,-5,46,27,-1,1,19,63,4
-45,42,-7,38,31,-1,6,22,61,4
-35,50,-2,41,31,-1,15,26,50,4
-37,44,0,45,23,4,17,23,48,4
-29,37,1,41,17,11,15,21,42,4
-7,48,5,35,14,14,12,17,32,4
5,53,7,29,28,18,8,15,27,4
7,55,12,31,25,15,2,16,22,4
11,66,16,21,34,8,5,12,17,4
-11,73,16,35,51,7,7,9,25,4
-25,62,8,42,53,12,8,11,34,4
-41,23,-4,26,42,17,10,17,46,4
-47,7,-8,42,41,19,9,24,57,4
-65,6,-7,59,43,18,7,25,63,4
-70,5,-4,59,44,18,6,23,67,4
-59,-1,-3,56,46,17,5,24,64,4
-41,7,3,50,49,18,5,22,57,4
-35,5,10,45,47,18,7,20,50,4
-36,13,9,42,37,18,10,17,40,4
-43,16,5,39,31,19,10,14,35,4
-40,15,0,33,25,19,9,12,27,4
-24,29,9,33,22,19,10,11,24,4
-18,55,10,29,17,17,9,11,21,4
22,81,9,28,13,12,8,14,22,4
-10,58,14,29,10,8,6,17,24,4
12,66,6,38,13,1,12,22,42,4
-6,67,1,48,22,-1,16,27,53,4
-67,50,0,54,31,-3,6,29,58,4
-44,35,-4,42,29,2,5,25,64,4
-53,33,-10,43,23,6,15,26,56,4
-51,48,-7,41,26,8,19,25,52,4
-38,45,0,42,17,12,18,22,48,4
-27,43,5,39,12,15,12,20,38,4
-9,47,6,35,18,13,12,17,31,4
2,49,10,29,31,12,12,15,24,4
6,59,15,33,35,6,9,14,21,4
17,83,20,24,43,3,9,12,17,4
-2,82,16,28,51,7,10,12,22,4
-34,44,0,31,49,9,9,12,36,4
-38,18,-9,40,39,15,8,16,47,4
-53,-3,-12,51,35,16,12,25,58,4
-66,10,-9,57,35,17,9,25,63,4
-64,-1,-5,61,43,18,7,21,65,4
-52,6,-7,56,46,18,5,21,62,4
-35,0,1,50,46,21,7,21,58,4
-28,0,9,47,43,21,10,17,50,4
-46,13,1,41,36,20,12,16,42,4
-60,23,0,37,30,21,12,12,34,4
-49,10,-5,34,25,21,10,11,30,4
-46,64,6,31,18,20,13,11,25,4
-1,71,22,30,18,17,16,12,24,4
41,67,18,25,16,13,17,12,20,4
-32,38,9,23,14,11,10,15,19,4
-17,41,1,31,15,3,12,20,27,4
-13,74,7,42,17,0,14,28,46,4
-37,73,4,54,22,-5,7,30,55,4
-33,33,-1,53,25,-4,1,24,65,4
-70,26,-9,42,27,3,6,28,63,4
-51,46,-10,50,26,8,13,33,57,4
-31,50,-4,54,24,8,16,26,51,4
-25,46,1,49,22,14,12,22,44,4
-11,46,5,37,23,17,7,17,34,4
-4,51,8,30,26,16,8,16,27,4
9,63,15,27,41,5,10,12,19,4
21,75,18,28,47,4,7,11,17,4
0,66,19,21,44,6,10,12,18,4
-17,59,8,20,42,7,12,10,23,4
-39,5,0,29,40,8,11,14,46,4
-49,1,-9,46,37,14,14,22,58,4
-80,10,-11,54,42,16,15,26,64,4
-68,-2,-6,58,52,19,5,21,68,4
-55,1,-6,48,54,20,7,22,66,4
-42,7,0,47,51,17,10,20,60,4
-28,8,7,48,47,18,12,17,52,4
-40,14,6,43,39,19,14,17,40,4
-50,17,0,31,27,17,13,13,34,4
-50,18,1,28,22,16,9,9,26,4
-33,38,13,28,18,15,8,8,21,4
22,57,13,25,16,13,7,7,17,4
39,70,5,22,14,12,6,9,14,4
-36,46,16,26,14,11,3,12,21,4
9,46,6,38,17,8,2,23,33,4
7,75,0,65,35,-1,9,27,51,4
-63,74,-1,71,44,-7,10,37,60,4
-35,29,-5,37,46,2,-1,28,65,4
-77,21,-12,41,40,2,3,27,68,4
-64,41,-8,53,46,-5,14,32,62,4
-37,55,-3,54,29,2,10,25,52,4
-34,47,1,47,25,7,5,22,44,4
-10,45,7,32,22,8,2,19,36,4
8,53,7,26,22,7,0,15,23,4
13,55,10,23,33,3,-2,14,21,4
19,72,18,25,36,1,-5,14,19,4
-5,74,16,25,36,3,-8,12,17,4
-23,50,3,16,42,8,-7,6,23,4
-37,17,-4,28,51,12,-4,19,34,4
-51,0,-9,33,52,10,7,24,52,4
-71,8,-16,38,58,10,5,21,64,4
-64,5,-1,48,67,10,-6,23,73,4
-58,5,-1,44,67,12,-7,30,70,4